ticker,month,R24,Rnet,accel,dvol,age_rank,age_m,young,n_fwd,crash,drawdown,ret24_raw,ret24_net
AAPL,2004-10-29,2.2607,1.5555,1.8363,0.2398,0.6131,58,1,23,0,0.229,,
AAPL,2006-10-31,2.0947,1.5383,0.8966,-0.013,0.6489,82,0,24,0,0.0435,0.327,0.1121
AAPL,2010-09-30,1.4965,1.5515,0.8657,0.1674,0.7163,129,0,24,0,0.0607,1.3611,0.9331
AAPL,2020-11-30,1.73,1.0807,1.211,-0.0276,0.7881,251,0,24,0,0.0201,0.2584,-0.1602
ADM,2006-05-31,1.5742,1.2714,1.3611,-0.1249,0.6408,77,0,24,0,-0.2271,-0.0216,-0.1212
ADSK,2004-05-28,1.6954,1.5666,1.5789,0.2736,0.6101,53,1,23,0,0.1218,,
AES,2004-07-30,3.7073,2.8951,1.639,-0.279,0.6121,55,1,23,0,0.0352,,
AFL,2011-02-28,2.6938,1.0458,0.6605,-0.2415,0.7203,134,0,24,0,-0.3981,-0.1017,-0.4594
AIG,2011-02-28,4.3189,1.9459,2.3701,-0.0211,0.7203,134,0,24,1,-0.4077,0.0256,-0.3828
AIV,2011-02-28,4.1828,1.8705,1.8735,-0.3173,0.3219,95,0,24,0,-0.1384,0.2169,-0.2677
AKAM,2010-08-31,1.0118,1.4595,1.2415,-0.0469,0.172,37,1,24,1,-0.5685,-0.1858,-0.1679
AMAT,2017-05-31,1.3557,1.0584,1.1165,-0.3379,0.7628,209,0,24,0,-0.273,-0.1308,-0.2601
AMD,2004-10-29,1.7394,1.1469,0.2638,-0.0034,0.6131,58,1,23,0,-0.154,,
AMD,2010-11-30,2.089,1.3451,0.1186,0.1277,0.7163,131,0,24,1,-0.7188,-0.6982,-0.7833
AMD,2017-03-31,1.8642,1.5068,2.2008,0.0235,0.7638,207,0,24,0,-0.3093,0.754,0.5342
AMD,2019-05-31,1.4495,1.1467,1.2225,-0.0024,0.7743,233,0,24,0,0.0576,1.9216,1.4068
AMP,2010-10-29,1.5053,1.0511,0.846,-0.1643,0.2555,60,0,23,0,-0.2273,,
AMZN,2008-04-30,1.2332,1.1123,0.4913,-0.1248,0.1509,29,1,24,1,-0.457,0.7436,0.5814
AMZN,2010-09-30,1.1586,1.2062,0.8755,0.2962,0.2515,58,1,24,0,0.052,0.6193,0.3257
AMZN,2016-05-31,1.3126,1.1214,0.9392,0.0105,0.3881,126,0,24,0,-0.0099,1.2546,1.1057
AN,2010-07-30,1.3672,1.7235,0.3634,-0.0835,0.3153,89,0,23,0,-0.0765,,
ANF,2010-11-30,1.7122,1.059,0.5967,0.2562,0.1851,44,1,24,0,-0.3756,-0.0593,-0.3244
APA,2008-06-30,1.0672,1.0514,0.862,0.0726,0.6811,102,0,24,1,-0.5726,-0.3859,-0.3814
ASH,2005-06-30,1.4529,1.0064,0.684,-0.2472,0.621,66,0,24,0,-0.0892,0.1226,-0.0992
ATI,2004-09-30,1.822,1.0642,1.8295,0.0078,0.6131,57,1,24,0,-0.0789,2.4697,1.7193
ATI,2006-09-29,2.4697,1.895,1.7548,0.0303,0.6469,81,0,23,0,-0.2304,,
AVGO,2016-05-31,1.2432,1.0577,0.1178,-0.3011,0.1109,24,1,24,0,0.0099,0.7097,0.5967
AXP,2011-02-28,2.791,1.0997,0.5263,-0.4124,0.7203,134,0,24,0,0.0374,0.4689,-0.1161
AZO,2002-02-28,1.765,2.4138,1.7125,-0.2751,0.5859,26,1,24,0,-0.0098,0.3517,0.7654
AZO,2011-09-30,1.1829,1.0395,0.6174,0.0312,0.7243,141,0,24,0,0.0138,0.3244,0.095
BA,2018-01-31,2.1346,1.1538,1.7283,0.6786,0.7708,217,0,24,0,-0.0721,-0.0631,-0.333
BAC,2011-02-28,2.6462,1.0195,-0.5921,-0.1584,0.7203,134,0,24,1,-0.6175,-0.2058,-0.5221
BAC,2013-11-29,1.9291,1.0226,1.1096,-0.1184,0.7394,167,0,23,0,-0.0418,,
BAX,2002-02-28,1.1825,1.6946,0.3917,0.1593,0.5859,26,1,24,1,-0.6577,-0.4544,-0.2874
BBY,2004-10-29,1.9111,1.2815,0.0819,-0.0167,0.6131,58,1,23,0,-0.1464,,
BBY,2014-11-28,2.1752,1.1749,-0.0193,0.0114,0.7485,179,0,23,0,-0.2598,,
BIIB,2011-10-31,1.7619,1.2835,1.2734,0.2368,0.3239,95,0,24,0,-0.0542,1.0986,0.8439
BIIB,2014-02-28,1.925,1.1483,1.4969,0.4715,0.3742,123,0,23,0,-0.1985,,
BKNG,2012-01-31,1.7105,1.2178,0.5169,-0.2952,0.0684,26,1,24,0,0.0836,1.1623,0.7487
BLL,2002-01-31,1.2307,1.7523,1.1116,-0.9631,0.5838,25,1,24,0,0.0574,0.6162,0.9954
BSX,2002-10-31,1.3611,2.8102,0.9343,-0.3044,0.5972,34,1,24,0,0.0749,0.8762,1.6349
CAH,2002-02-28,1.3781,1.9361,-0.0533,0.0474,0.5859,26,1,24,0,-0.1695,-0.0096,0.2936
CAT,2011-01-31,2.3469,1.1492,1.5856,-0.1475,0.7203,133,0,24,0,-0.2324,0.0564,-0.4149
CB,2002-02-28,1.5429,2.1396,0.4599,0.0831,0.5859,26,1,24,0,-0.3557,0.0682,0.3951
CBRE,2010-10-29,1.6177,1.1431,1.1412,-0.0367,0.2072,47,1,23,0,-0.2665,,
CDNS,2020-07-31,1.4779,1.1334,0.8015,-0.0314,0.1139,34,1,24,0,-0.024,0.7032,0.4119
CF,2012-05-31,1.5247,1.0991,0.275,0.0934,0.4467,143,0,24,0,0.011,0.4561,0.1018
CI,2005-08-31,1.4682,1.0387,1.0453,-0.1828,0.627,68,0,24,0,-0.208,0.3467,0.0915
CI,2010-11-30,2.0522,1.3172,0.3953,-0.1403,0.7163,131,0,24,0,-0.0041,0.4226,0.0217
CIEN,2007-10-31,1.8849,1.2474,1.4678,-0.0985,0.2606,74,0,24,1,-0.8878,-0.7549,-0.7932
CMG,2019-08-30,1.6473,1.2359,1.1469,-0.3118,0.2931,100,0,23,0,-0.2195,,
CMI,2004-09-30,2.2943,1.4096,1.3576,-0.3075,0.6131,57,1,24,0,-0.0723,0.6597,0.3007
CMI,2007-04-30,1.7814,1.1706,1.2222,0.3166,0.661,88,0,24,1,-0.5351,-0.2401,-0.4084
CMI,2010-09-30,1.1519,1.1994,1.1005,0.0519,0.7163,129,0,24,0,-0.0876,0.047,-0.1428
CMS,2005-03-31,1.9569,1.1244,0.9274,-0.4263,0.621,63,0,24,0,-0.0153,0.3691,0.0851
CNC,2017-09-29,30.3849,22.9187,9.6681,-0.2261,0.7698,213,0,23,0,-0.0365,,
CNX,2008-06-30,1.4376,1.419,1.4435,-0.1587,0.1237,24,1,24,1,-0.7735,-0.6932,-0.6909
COF,2004-12-31,1.8452,1.0655,0.7777,-0.0626,0.6202,60,0,24,0,-0.1579,-0.0853,-0.3374
COF,2011-01-31,2.1546,1.0257,0.7523,-0.4222,0.7203,133,0,24,0,-0.1746,0.1789,-0.3471
COP,2005-07-29,1.5067,1.0114,0.9633,0.5453,0.623,67,0,23,0,-0.0658,,
CRM,2010-09-30,1.3099,1.3608,1.1337,-0.1662,0.1066,24,1,24,0,-0.0925,0.3657,0.1182
CSX,2008-07-31,1.2829,1.2996,0.7018,0.3716,0.6837,103,0,24,1,-0.6283,-0.1842,-0.1708
CSX,2018-08-31,1.7046,1.0236,0.8997,-0.3341,0.7708,224,0,24,0,-0.2117,0.0592,-0.2118
CTSH,2010-09-30,1.8239,1.8862,1.1305,-0.0852,0.2072,46,1,24,0,-0.1194,0.0841,-0.1125
DD,2011-01-31,2.2426,1.0822,0.8175,-0.1981,0.7203,133,0,24,0,-0.3535,-0.0287,-0.4621
DDS,2002-05-31,1.0558,1.7367,0.9494,0.0768,0.5889,29,1,24,1,-0.5659,-0.3206,-0.0016
DE,2007-09-28,1.5143,1.0236,1.1152,-0.3093,0.666,93,0,23,1,-0.6214,,
DHR,2016-07-29,1.2889,1.0331,1.0426,0.8232,0.7604,199,0,23,0,-0.0411,,
DLX,2002-02-28,2.7528,3.6333,1.9041,-0.5897,0.5859,26,1,24,0,-0.1729,-0.1096,0.163
DRI,2002-02-28,2.2288,2.9864,1.5744,-0.1036,0.5859,26,1,24,0,-0.3757,-0.1282,0.1387
DRI,2010-11-30,1.8317,1.1497,1.0647,-0.3981,0.7163,131,0,24,0,-0.1075,0.1568,-0.1692
DVN,2005-09-30,1.8818,1.3357,1.3996,0.0603,0.2087,61,0,24,0,-0.1617,0.2297,0.0704
DVN,2008-06-30,1.0195,1.004,0.714,0.0351,0.336,94,0,24,1,-0.6351,-0.4829,-0.4791
DXC,2017-04-28,2.3426,1.9238,2.1981,0.7697,0.7628,208,0,23,0,-0.1714,,
EBAY,2004-07-30,1.7441,1.2706,0.8646,0.5728,0.0525,24,1,23,0,-0.2521,,
EFX,2002-02-28,1.4357,2.0072,0.9863,-0.0872,0.5859,26,1,24,0,-0.3585,-0.1204,0.1488
EHC,2002-02-28,1.4431,2.0163,-0.8226,-0.0658,0.5859,26,1,12,1,-0.6994,,
EIX,2004-09-30,1.7401,1.0043,0.8301,-0.1052,0.6131,57,1,24,0,0.1505,0.6559,0.2978
EL,2010-11-30,1.7436,1.0829,1.0457,0.0992,0.2455,58,1,24,0,0.0745,0.5893,0.1415
EMN,2010-12-31,1.857,1.0519,0.8652,-0.1357,0.7193,132,0,24,0,-0.1709,0.6914,0.0861
EOG,2005-04-29,1.5657,1.0336,1.2418,0.2928,0.1794,53,1,23,0,0.0492,,
EP,2004-07-30,1.5,1.0686,1.7857,-0.0075,0.6121,55,1,23,1,-0.8,,
EP,2006-09-29,1.6667,1.225,1.1111,0.0,0.6469,81,0,23,1,-0.8333,,
EP,2010-01-29,1.1667,1.7814,1.7222,0.0072,0.7144,121,0,23,1,-0.8769,,
ETR,2002-02-28,1.1877,1.701,0.1961,-0.3171,0.5859,26,1,24,0,-0.011,0.529,0.997
EW,2015-10-30,1.4106,1.0364,0.5558,0.062,0.1531,54,1,23,0,-0.0046,,
EXPE,2010-10-29,2.0725,1.5155,0.6887,0.1142,0.1549,36,1,23,0,-0.3121,,
EXPE,2015-07-31,1.6216,1.1006,0.9203,-0.5499,0.28,93,0,24,0,-0.1645,0.311,0.0855
F,2010-03-31,1.1976,1.4856,1.7378,0.0186,0.7164,123,0,24,0,-0.2307,-0.0033,0.1638
FAST,2011-11-30,1.3515,1.0661,0.8702,-0.162,0.1308,38,1,24,0,-0.0252,0.1684,0.036
FCX,2002-05-31,1.1497,1.8617,0.4441,0.1487,0.5889,29,1,24,0,-0.3823,0.7388,1.5553
FCX,2004-09-30,2.0903,1.2604,0.6102,0.193,0.6131,57,1,24,0,-0.1104,0.493,0.1701
FCX,2007-07-31,1.6143,1.2171,1.1648,-0.0623,0.665,91,0,24,1,-0.7374,-0.3399,-0.4535
FCX,2010-10-29,2.2995,1.7013,0.775,0.3502,0.7163,130,0,23,0,-0.3366,,
FCX,2017-12-29,1.8006,1.141,0.8523,-0.0049,0.7703,216,0,23,1,-0.5045,,
FE,2002-02-28,1.2107,1.7295,0.5982,-0.2446,0.5859,26,1,24,0,-0.166,0.155,0.5085
FITB,2011-01-31,5.2885,3.0382,1.0435,-0.0987,0.7203,133,0,24,0,-0.3092,0.1496,-0.3633
FLR,2006-01-31,1.4322,1.1492,0.9662,0.0972,0.1942,61,0,24,0,-0.1196,0.4043,0.2555
FLR,2008-06-30,1.0325,1.017,0.8235,0.0011,0.3139,90,0,24,1,-0.641,-0.533,-0.5295
FMC,2009-09-30,3.5997,5.6434,3.0109,0.8342,0.7094,117,0,24,0,-0.0924,0.2486,0.867
FMC,2017-09-29,1.701,1.0584,1.2531,0.1607,0.7698,213,0,23,0,-0.1609,,
FSLR,2014-03-31,1.786,1.0958,1.7098,0.0029,0.1268,53,1,24,0,-0.3936,-0.0189,-0.272
GD,2002-02-28,1.1712,1.6807,0.5664,0.2206,0.5859,26,1,24,0,-0.3856,0.046,0.3662
GILD,2013-04-30,1.6076,1.2257,1.2683,0.0336,0.3441,105,0,24,0,0.0124,0.9848,0.6373
GLW,2004-05-28,1.5813,1.4579,1.0583,-0.0983,0.6101,53,1,23,0,-0.1832,,
GME,2014-07-31,1.8112,1.0084,-0.3822,0.0574,0.2369,79,0,20,0,-0.3425,,
GNW,2010-11-30,7.0414,5.1048,0.6138,-0.0517,0.2495,59,1,24,1,-0.5678,-0.4897,-0.6335
GNW,2014-04-30,1.97,1.2038,1.3012,-0.1242,0.3313,100,0,18,1,-0.7412,,
GT,2005-01-31,1.9132,1.1103,1.1208,-0.0603,0.6202,61,0,24,0,-0.2876,0.5991,0.1175
GT,2007-04-30,1.802,1.1867,1.6226,0.0571,0.661,88,0,24,1,-0.8665,-0.6696,-0.7428
HAL,2003-12-31,1.0893,1.1573,0.6185,-0.5691,0.6053,48,1,24,0,0.1212,1.4443,1.4423
HAL,2005-12-30,1.4443,1.1773,0.9114,0.018,0.6318,72,0,23,0,-0.0757,,
HAS,2008-06-30,1.061,1.0453,0.2906,0.2564,0.6811,102,0,24,0,-0.3463,0.2157,0.2246
HBAN,2011-02-28,3.7882,1.652,1.4437,-0.0752,0.7203,134,0,24,0,-0.2904,0.0742,-0.3536
HIG,2002-02-28,1.2118,1.7308,0.145,-0.5504,0.5859,26,1,24,1,-0.4613,0.0205,0.3328
HIG,2010-10-29,1.4834,1.0332,-0.0373,-0.2386,0.7163,130,0,23,0,-0.3162,,
HOG,2011-01-31,2.3819,1.1717,1.4689,0.0427,0.4386,132,0,24,0,-0.1262,0.3571,-0.2484
HPQ,2014-11-28,2.1523,1.1592,0.9867,-0.7393,0.7485,179,0,23,1,-0.4356,,
HRB,2002-02-28,1.4177,1.985,1.2581,-0.3036,0.5859,26,1,24,0,-0.2375,0.1067,0.4455
HST,2011-01-31,2.5326,1.2684,1.5149,-0.1945,0.1952,46,1,24,1,-0.4051,-0.0663,-0.4829
HUM,2002-04-30,1.1268,1.8684,0.8416,-0.5743,0.5859,28,1,24,1,-0.4128,-0.0037,0.3263
HUM,2004-12-31,1.969,1.1554,0.684,0.3989,0.6202,60,0,24,0,0.0758,0.8629,0.3495
HUM,2015-05-29,1.7079,1.0954,1.15,0.1103,0.751,185,0,23,0,-0.238,,
IFF,2002-10-31,1.0957,2.3819,0.3476,-0.1391,0.5972,34,1,24,0,-0.0884,0.2085,0.6972
ILMN,2018-11-30,1.5349,1.0194,0.8072,-0.0957,0.1451,36,1,24,0,-0.2128,-0.0457,-0.1477
IP,2011-01-31,2.3416,1.1458,0.7345,-0.2457,0.7203,133,0,24,0,-0.1741,0.5359,-0.1493
ISRG,2011-01-31,2.1281,1.0087,-0.0499,0.0424,0.1358,31,1,24,0,0.0156,0.7788,-0.0148
ISRG,2018-12-31,1.2656,1.0234,0.5392,0.0699,0.3653,126,0,24,0,-0.0294,0.7082,0.4396
ITT,2002-02-28,1.4994,2.0859,0.8041,-0.1697,0.5859,26,1,24,0,-0.0835,0.3053,0.7048
JBL,2010-12-31,2.1348,1.2515,0.477,0.1124,0.3863,119,0,24,0,-0.1517,-0.0099,-0.3642
JCI,2004-06-30,1.4662,1.1397,1.0565,-0.1841,0.6101,54,1,24,0,-0.2088,-0.1501,-0.2968
KBH,2002-02-28,1.3255,1.8712,0.8468,0.185,0.5859,26,1,24,0,-0.0137,0.6806,1.195
KBH,2005-06-30,1.5177,1.0595,1.3993,0.0463,0.621,66,0,24,1,-0.4654,-0.4654,-0.5711
KLAC,2020-11-30,1.6667,1.0324,0.9633,-0.3593,0.7881,251,0,24,0,0.0275,0.5989,0.0672
KR,2016-01-29,1.2052,1.026,0.2646,0.4437,0.7584,193,0,23,1,-0.4694,,
L,2002-02-28,1.6865,2.3169,0.2101,0.2767,0.5859,26,1,24,0,-0.3082,0.0605,0.3851
LDOS,2019-08-30,4.4421,3.5963,4.402,0.5476,0.3158,116,0,23,0,-0.0317,,
LEN,2012-10-31,1.6203,1.1955,1.4702,-0.3179,0.3099,84,0,24,0,-0.1484,0.1596,-0.0334
LMT,2002-02-28,2.3369,3.1199,1.1494,0.0967,0.5859,26,1,24,0,-0.1829,-0.1609,0.0959
LNC,2011-02-28,2.714,1.057,0.7741,-0.1672,0.7203,134,0,24,1,-0.5056,-0.0451,-0.4254
LOW,2002-05-31,1.0358,1.7101,0.5381,0.3635,0.5889,29,1,24,0,-0.274,0.1409,0.6767
LPX,2003-09-30,1.12,1.2157,1.1246,0.0265,0.6053,45,1,24,0,0.2975,1.0647,1.0825
LRCX,2017-09-29,1.9141,1.2209,1.4428,0.0118,0.2223,63,0,23,0,-0.2459,,
LRCX,2020-10-30,1.5168,1.0872,0.5585,-0.2881,0.3119,100,0,23,0,0.0938,,
LUV,2014-03-31,1.9049,1.1852,1.2623,0.4219,0.7425,171,0,24,0,0.0237,0.9246,0.4281
M,2010-11-30,2.5996,1.7327,1.3367,-0.0033,0.7163,131,0,24,0,-0.0967,0.5535,0.1157
MAS,2013-09-30,2.1275,1.1043,0.9533,-0.0919,0.7394,165,0,24,0,-0.0459,0.3869,-0.0104
MAT,2002-02-28,1.0335,1.5106,0.227,0.0632,0.5859,26,1,24,0,-0.0496,0.0261,0.3402
MBI,2002-02-28,1.3459,1.8964,0.3375,-0.3475,0.5859,26,1,24,0,-0.3385,0.1599,0.5149
MCK,2002-04-30,1.4242,2.2695,0.5855,-0.4742,0.5859,28,1,24,0,-0.3779,-0.1734,0.1004
MCO,2002-05-31,1.1025,1.7989,0.7086,0.2206,0.5889,29,1,24,0,-0.141,0.3685,1.0111
MNST,2015-02-27,1.7967,1.0129,1.3302,0.0657,0.0852,32,1,23,0,-0.1107,,
MO,2002-02-28,1.9402,2.6301,0.3717,-0.1274,0.5859,26,1,24,0,-0.3895,0.2253,0.6003
MSCI,2020-04-30,1.2344,1.0315,0.7105,-0.5284,0.0891,24,1,24,0,0.0077,0.3075,0.1619
MSI,2005-07-29,1.6733,1.1451,0.8911,-0.1002,0.623,67,0,23,0,-0.1693,,
MU,2010-11-30,1.6533,1.0143,-0.0912,0.2114,0.7163,131,0,24,0,-0.3067,-0.1788,-0.4102
MU,2013-09-30,2.4663,1.3323,2.2798,0.1037,0.7394,165,0,24,0,-0.1425,-0.1425,-0.3882
MU,2017-09-29,1.6255,1.0009,1.4386,0.0009,0.7698,213,0,23,0,-0.1932,,
NEM,2003-11-28,1.4717,1.6615,1.2759,-0.1125,0.6053,47,1,23,0,-0.2214,,
NFLX,2013-10-31,2.9289,1.8033,2.9635,-0.0085,0.0815,34,1,24,0,-0.0014,1.3526,0.6245
NFLX,2015-11-30,1.3601,1.0485,1.4126,-0.0105,0.1677,59,1,24,0,-0.27,0.521,0.3754
NFLX,2018-01-31,1.9432,1.0222,1.411,0.0607,0.2569,85,0,24,0,-0.0099,0.2767,-0.091
NKE,2002-02-28,1.0941,1.5854,0.713,-0.785,0.5859,26,1,24,0,-0.2648,0.2579,0.6429
NOC,2002-02-28,1.4512,2.0264,0.3459,-0.0702,0.5859,26,1,24,0,-0.1862,-0.0244,0.2742
NOV,2008-05-30,1.5226,1.2879,1.0928,-0.0118,0.1761,38,1,24,1,-0.7067,-0.5294,-0.533
NOV,2010-12-31,1.8502,1.047,0.9992,0.3732,0.2827,69,0,24,0,-0.2348,0.0297,-0.3388
NRG,2018-08-31,1.9574,1.2128,0.8846,-0.1355,0.2866,103,0,24,0,-0.2204,0.0015,-0.2548
NSC,2006-01-31,1.2961,1.0289,0.7086,0.4722,0.6328,73,0,24,0,-0.1337,0.1337,0.0135
NTAP,2003-09-30,2.0191,2.1554,1.9412,-0.0303,0.6053,45,1,24,0,-0.0935,0.1564,0.1663
NTAP,2010-09-30,1.7312,1.7914,1.2677,0.24,0.7163,129,0,24,1,-0.4023,-0.3396,-0.4593
NTAP,2018-01-31,1.927,1.0111,1.1352,0.0261,0.7708,217,0,24,0,-0.1923,-0.087,-0.35
NUE,2002-06-28,1.0205,1.9692,0.5227,0.0121,0.5889,30,1,23,1,-0.4145,,
NUE,2005-01-31,1.8963,1.098,1.4609,0.185,0.6202,61,0,24,0,-0.1799,1.4543,0.7153
NUE,2007-01-31,1.4543,1.0158,0.9148,-0.0268,0.6569,85,0,24,1,-0.4098,-0.3201,-0.4183
NVDA,2006-04-28,1.848,1.4062,1.7792,-0.1147,0.162,53,1,23,0,-0.2714,,
NVDA,2016-05-31,1.5372,1.3274,1.3523,0.0812,0.4673,174,0,24,0,0.0062,4.4438,4.0842
NVDA,2018-05-31,4.4438,3.2197,2.3366,-0.0631,0.498,198,0,24,1,-0.4698,0.4163,0.0935
NVDA,2020-11-30,2.2973,1.513,1.966,-0.5849,0.5366,228,0,24,0,-0.0925,0.2654,-0.1554
OI,2010-03-31,1.573,1.9103,1.5276,-0.0685,0.7164,123,0,24,1,-0.5746,-0.3433,-0.2332
OKE,2010-09-30,4.8698,4.9993,3.8569,0.5806,0.7163,129,0,24,0,0.1168,1.2841,0.8701
OXY,2005-07-29,1.6328,1.1125,1.0854,0.1844,0.623,67,0,23,0,-0.0378,,
PCAR,2003-05-30,1.1792,1.8401,0.7654,0.2152,0.6022,41,1,23,0,0.027,,
PCG,2004-08-31,1.5718,1.1336,0.6185,-0.4462,0.6131,56,1,24,0,0.0415,0.5219,0.1132
PFG,2011-02-28,3.4575,1.4688,1.4973,-0.1128,0.34,103,0,24,0,-0.3383,-0.0225,-0.4118
PGR,2002-02-28,1.6519,2.2742,0.982,-0.6622,0.5859,26,1,24,0,-0.0675,0.5968,1.0856
PHM,2002-02-28,2.1234,2.8563,1.0669,0.0321,0.5859,26,1,24,0,-0.1773,1.0445,1.6702
PHM,2004-03-31,1.3391,1.3831,1.2876,0.4878,0.6063,51,1,24,0,-0.1156,0.3916,0.3534
PHM,2012-11-30,1.6853,1.2385,1.7093,-0.1959,0.7344,155,0,24,0,-0.0817,0.3077,0.1532
PPL,2002-03-28,1.0079,1.6225,-0.158,0.2357,0.5859,27,1,23,0,-0.1609,,
PRU,2011-02-28,3.1579,1.3029,0.9175,-0.2218,0.34,103,0,24,0,-0.2882,-0.0959,-0.4559
PSX,2014-05-30,1.9484,1.0084,0.6853,0.0165,0.0693,24,1,23,0,-0.1599,,
PTC,2004-09-30,1.9333,1.1456,1.1833,-0.2517,0.6131,57,1,24,0,-0.0371,0.3227,0.0366
PYPL,2019-03-29,1.4138,1.0121,0.6502,-0.525,0.1743,44,1,23,0,-0.078,,
QCOM,2004-04-30,1.0865,1.0293,1.028,-0.0349,0.6091,52,1,24,0,0.067,0.6697,0.5899
QCOM,2020-11-30,1.704,1.0608,1.2123,-0.4878,0.7881,251,0,24,0,-0.2029,-0.1019,-0.4006
RIG,2005-06-30,1.4565,1.0094,1.1393,-0.1645,0.621,66,0,24,0,0.0456,0.9637,0.5757
RL,2011-02-28,2.7078,1.0536,1.3794,0.1746,0.2042,48,1,24,0,-0.0226,0.39,-0.1635
ROK,2003-10-31,1.4114,1.4322,1.1645,0.2674,0.6053,46,1,24,0,-0.0089,0.7731,0.9093
ROK,2006-02-28,1.3115,1.0665,0.2383,0.236,0.6348,74,0,23,0,-0.1674,,
ROK,2011-01-31,2.2954,1.1161,1.3769,-0.0935,0.7203,133,0,24,0,-0.2979,0.1515,-0.3622
ROST,2011-12-30,1.2783,1.0201,0.7795,-0.0145,0.0594,24,1,23,0,0.0692,,
SANM,2004-10-29,1.5974,1.0356,-0.8214,0.0239,0.199,52,1,23,1,-0.5788,,
SBUX,2004-11-30,1.5879,1.0642,1.1081,0.1221,0.201,53,1,24,0,-0.1285,0.2545,-0.0892
SBUX,2010-11-30,2.4736,1.6371,1.0212,-0.2237,0.4205,125,0,24,0,0.0304,0.7461,0.2541
SLB,2006-04-28,1.4141,1.0396,1.2312,0.3324,0.6408,76,0,23,0,-0.1117,,
SLM,2002-02-28,2.0425,2.7564,0.6801,-0.3574,0.5859,26,1,24,0,-0.0168,0.3855,0.8096
SLM,2011-04-29,2.4348,1.1985,0.9006,-0.3764,0.7213,136,0,23,0,-0.2395,,
SO,2002-02-28,1.0808,1.5691,0.6174,-0.3181,0.5859,26,1,24,0,0.0429,0.3119,0.7135
STX,2018-04-30,2.0543,1.3822,0.9595,-0.0011,0.2273,69,0,24,0,-0.3055,-0.0394,-0.2554
STZ,2013-06-28,1.5034,1.0582,1.2037,0.1095,0.333,95,0,23,0,-0.0006,,
SWK,2002-02-28,1.3393,1.8882,0.7711,0.0421,0.5859,26,1,24,1,-0.5093,-0.1868,0.0621
TDC,2010-10-29,1.5575,1.0939,0.7459,-0.0074,0.1549,36,1,23,0,0.044,,
TEL,2013-02-28,1.3023,1.0174,0.2549,-0.3941,0.2304,67,0,24,0,0.0449,0.8669,0.5774
TER,2010-11-30,2.1293,1.3757,0.7916,0.2893,0.7163,131,0,24,0,-0.0717,0.3187,-0.0529
TER,2020-09-30,5.201,4.373,4.9618,0.1663,0.7881,249,0,24,0,-0.0474,-0.0474,-0.2101
TGT,2020-11-30,1.6634,1.0299,0.8456,-0.0464,0.7881,251,0,24,0,-0.1958,-0.0367,-0.3571
THC,2002-02-28,2.3016,3.0763,0.6643,0.1088,0.5859,26,1,24,1,-0.6974,-0.6878,-0.5922
THC,2010-11-30,2.3719,1.5599,-0.3884,0.0119,0.7163,131,0,24,0,0.0074,0.7745,0.2745
THC,2014-07-31,1.8555,1.0401,0.4394,0.0097,0.747,175,0,20,1,-0.5297,,
TJX,2002-02-28,1.412,1.9779,0.4794,-0.593,0.5859,26,1,24,0,-0.1482,0.2568,0.6415
TMK,2002-02-28,1.0717,1.5578,0.2931,-0.1484,0.5859,26,1,24,0,-0.1436,0.3225,0.7273
TMUS,2019-07-31,1.688,1.2279,2.3304,0.095,0.3238,121,0,24,0,-0.0211,0.8063,0.5256
TPR,2010-10-29,1.4691,1.0215,0.86,-0.2682,0.2837,73,0,23,0,0.0107,,
TRIP,2014-02-28,2.1101,1.2843,1.6972,0.0382,0.0694,26,1,23,0,-0.3713,,
TRV,2002-02-28,1.3046,1.8453,0.1787,-0.421,0.5859,26,1,24,0,-0.3986,-0.068,0.2172
TT,2020-03-31,2.9671,3.0535,2.6627,0.1256,0.5129,214,0,24,0,0.0585,0.9073,0.7342
TXT,2005-03-31,1.8525,1.0493,0.8611,-0.7128,0.621,63,0,24,0,-0.0401,0.2472,-0.0115
TXT,2011-02-28,3.8534,1.6881,1.2986,-0.0126,0.7203,134,0,24,0,-0.3762,0.0727,-0.3545
UNH,2002-02-28,1.8388,2.505,0.5205,0.1763,0.5859,26,1,24,0,0.0546,0.7118,1.2358
UNM,2002-02-28,1.2224,1.7439,0.212,-0.2427,0.5859,26,1,24,1,-0.6439,-0.4495,-0.281
UNP,2008-08-29,1.144,1.1791,0.7374,-0.2191,0.6847,104,0,23,1,-0.5473,,
URI,2018-01-31,2.7802,1.5974,1.1396,-0.0638,0.1591,40,1,24,1,-0.4339,-0.2508,-0.4666
VIAV,2010-11-30,3.364,2.313,1.6471,0.1346,0.4115,124,0,24,0,-0.1828,0.0219,-0.2661
VLO,2006-04-28,3.1128,2.4748,1.9466,0.0306,0.0895,24,1,23,0,-0.2311,,
VLO,2014-05-30,2.031,1.0647,0.8793,0.018,0.3755,121,0,23,0,-0.1701,,
VRTX,2018-12-31,1.2494,1.0089,0.2151,-0.3106,0.2218,63,0,24,0,0.0028,0.4262,0.2019
WDC,2014-06-30,2.1442,1.1849,1.0611,-0.5148,0.1446,59,1,24,1,-0.5368,-0.4582,-0.6129
WHR,2011-02-28,2.8965,1.1581,0.004,0.0287,0.7203,134,0,24,1,-0.4108,0.4472,-0.1291
WHR,2013-09-30,2.0859,1.0763,1.3724,-0.0559,0.7394,165,0,24,0,-0.0857,0.0433,-0.2556
WMB,2004-07-30,3.1848,2.4627,2.0066,-0.0181,0.6121,55,1,23,0,-0.0206,,
WOR,2002-09-30,1.2091,2.8924,0.9345,-0.4458,0.5972,33,1,24,0,-0.3479,0.2348,0.9927
WYNN,2010-11-30,1.9273,1.2223,1.206,-0.1117,0.0865,24,1,24,0,-0.0087,0.2728,-0.0859
WYNN,2017-09-29,1.9254,1.2295,1.0477,-0.0062,0.3103,106,0,23,0,-0.3206,,
XEL,2004-07-30,1.7331,1.2615,0.5201,-0.6431,0.6121,55,1,23,0,0.0121,,
XRX,2004-06-30,1.4167,1.0968,0.6517,-0.231,0.6101,54,1,24,0,-0.089,-0.0407,-0.2062
YUM,2002-02-28,1.2208,1.742,0.7748,0.0422,0.5859,26,1,24,0,-0.238,0.2525,0.6359
ZBH,2003-10-31,1.0644,1.0822,0.7308,0.4057,0.081,26,1,24,0,-0.0006,-0.0006,0.0761
