month,D_ew,D_vw,V_gs,Rm,Rm_next,down_next
2000-03-31,0.14007067692366848,0.12395642988145024,0.03879031856848172,0.09671982835364812,-0.030795755780191225,1.0
2000-04-28,0.12867042241325627,0.1264086724477771,0.02828991793989099,-0.030795755780191225,-0.021915050603417696,1.0
2000-05-31,0.11879721233391503,0.10506986388527498,0.021002272965378575,-0.021915050603417696,0.023933549615877237,0.0
2000-06-30,0.11841097989024016,0.12657107035967002,0.02099439660562668,0.023933549615877237,-0.016341275904170782,1.0
2000-07-31,0.12231916755366576,0.09249766575429547,0.017287914150530877,-0.016341275904170782,0.060699104941670745,0.0
2000-08-31,0.11349783243936216,0.11227953496120817,0.013879785505804475,0.060699104941670745,-0.053482974719764265,1.0
2000-09-29,0.15138407216446068,0.15760363878323994,0.018678009418898467,-0.053482974719764265,-0.004949485421770539,1.0
2000-10-31,0.12909441397132887,0.11058825318335545,0.02938658395909712,-0.004949485421770539,-0.08006861010730892,1.0
2000-11-30,0.12757448046087366,0.1122066784539166,0.019827847558336345,-0.08006861010730892,0.004053445623728669,0.0
2000-12-29,0.12219177388749053,0.12003746354160431,0.02455228114287104,0.004053445623728669,0.03463657667616449,0.0
2001-01-31,0.16311010614272214,0.13208875476195883,0.033501491877772197,0.03463657667616449,-0.09229073539585964,1.0
2001-02-28,0.1278497198176632,0.12425955928665043,0.015242339811763476,-0.09229073539585964,-0.06420471080339141,1.0
2001-03-30,0.10341006350064165,0.08103559240860388,0.023182902174731478,-0.06420471080339141,0.07681436165439437,0.0
2001-04-30,0.11758087958285843,0.0906055741937695,0.026532753180887523,0.07681436165439437,0.005090187401275648,0.0
2001-05-31,0.0743863325951774,0.0598982493524913,0.012506176697325733,0.005090187401275648,-0.02503538942756456,1.0
2001-06-29,0.09765008285261943,0.07446845451253091,0.01089562411443674,-0.02503538942756456,-0.010740149595403592,1.0
2001-07-31,0.09347784392418057,0.08087455331365939,0.012845843882470715,-0.010740149595403592,-0.06410840688075747,1.0
2001-08-31,0.07855965457006864,0.06567229510699098,0.009384796610169902,-0.06410840688075747,-0.08172340570563885,1.0
2001-09-28,0.12255241525794192,0.11577979910599832,0.02361341439234118,-0.08172340570563885,0.018099111333141016,0.0
2001-10-31,0.12392114539588539,0.10009348363430105,0.020522728569107793,0.018099111333141016,0.0751759041240454,0.0
2001-11-30,0.10222413465582797,0.08355142928534667,0.012094933673014101,0.0751759041240454,0.0075738340889277556,0.0
2001-12-31,0.09697518086987224,0.06704288200112389,0.016178101589522768,0.0075738340889277556,-0.015573832456979742,1.0
2002-01-31,0.08292033456229232,0.08437338242446651,0.011620692534750503,-0.015573832456979742,-0.020766211039727533,1.0
2002-02-28,0.09821542885666316,0.08140781064723697,0.012191219301948275,-0.020766211039727533,0.03673889286207466,0.0
2002-03-28,0.09647514056918878,0.07974748293412673,0.010237357816328512,0.03673889286207466,-0.061417625919218954,1.0
2002-04-30,0.08684873794242864,0.08802188113499664,0.01007165724923777,-0.061417625919218954,-0.009081481352176901,1.0
2002-05-31,0.07956437221849877,0.06221062646058042,0.01221313609021408,-0.009081481352176901,-0.0724553538081798,1.0
2002-06-28,0.10190184587802872,0.09420566845284016,0.015636327668614936,-0.0724553538081798,-0.07900427514940767,1.0
2002-07-31,0.10995351278076174,0.09225639977677547,0.047939851541704034,-0.07900427514940767,0.004881433306494376,0.0
2002-08-30,0.10213433108824518,0.06695674239589769,0.025660610665188363,0.004881433306494376,-0.11002431825242787,1.0
2002-09-30,0.08779435646827081,0.07554998172150447,0.019328703808815077,-0.11002431825242787,0.08644880033371405,0.0
2002-10-31,0.12049713913607936,0.11312346159554187,0.046364925159484476,0.08644880033371405,0.05706962070498567,0.0
2002-11-29,0.16129440020405963,0.10255300209048895,0.02511740875628976,0.05706962070498567,-0.06033257188502872,1.0
2002-12-31,0.09517747309673658,0.07192749790685043,0.014683748972141055,-0.06033257188502872,-0.027414692683044528,1.0
2003-01-31,0.076207002004256,0.05002186054516299,0.014587402032229687,-0.027414692683044528,-0.01700360825687164,1.0
2003-02-28,0.08141354853628456,0.05817186993698976,0.014299303186750488,-0.01700360825687164,0.008357567684332823,0.0
2003-03-31,0.260617783072351,0.06424947263883006,0.022118440572289295,0.008357567684332823,0.08104410718003208,0.0
2003-04-30,0.10167510219821044,0.07896103974795675,0.010348375765197931,0.08104410718003208,0.05089870960952236,0.0
2003-05-30,0.18817623443320264,0.0765347049160594,0.011735328460760702,0.05089870960952236,0.011322214676852127,0.0
2003-06-30,0.07725114856465055,0.052563625181538454,0.00796513205785721,0.011322214676852127,0.016223701958536507,0.0
2003-07-31,0.08169197699512669,0.07120891056797886,0.008607506018106476,0.016223701958536507,0.017873203593487874,0.0
2003-08-29,0.08201200125069974,0.06313314322243896,0.01029563195291513,0.017873203593487874,-0.011944364585525613,1.0
2003-09-30,0.05736830508443876,0.04857037667218452,0.007778894694086488,-0.011944364585525613,0.05496148663571643,0.0
2003-10-31,0.07475438039706542,0.06991027498606917,0.006857713567213523,0.05496148663571643,0.0071285040713728876,0.0
2003-11-28,0.054490517162429655,0.04242207793522792,0.004737077059441955,0.0071285040713728876,0.05076554077889184,0.0
2003-12-31,0.07239986667541345,0.059331762845630846,0.006021448103676156,0.05076554077889184,0.017276386950755285,0.0
2004-01-30,0.07559946741013394,0.05004092452372173,0.007170779544854389,0.017276386950755285,0.01220897373761054,0.0
2004-02-27,0.06407515977527785,0.050893900453565406,0.005814565237551317,0.01220897373761054,-0.01635891961786673,1.0
2004-03-31,0.054031465230149046,0.04283235939782735,0.0069910077108808096,-0.01635891961786673,-0.01679075196034807,1.0
2004-04-30,0.07065502947231346,0.05927141695859711,0.0074216344516717745,-0.01679075196034807,0.01208345009735412,0.0
2004-05-28,0.051680626795925,0.047247775787202385,0.005381417497906141,0.01208345009735412,0.017988998771432563,0.0
2004-06-30,0.0600360693514962,0.04392846738259544,0.005983585469831441,0.017988998771432563,-0.03429051952002615,1.0
2004-07-30,0.07327299413406539,0.05842449650143054,0.006339737472978335,-0.03429051952002615,0.0022873503233691306,0.0
2004-08-31,0.06378481582824674,0.05032274575998273,0.005990006686081813,0.0022873503233691306,0.009363875526838816,0.0
2004-09-30,0.07325268508458439,0.058259402427685084,0.005984039799832096,0.009363875526838816,0.014014243690939843,0.0
2004-10-29,0.06896514426587498,0.05645505528930557,0.007249546143285724,0.014014243690939843,0.03859493629597055,0.0
2004-11-30,0.06795245792279322,0.054363763597363945,0.006068592684729114,0.03859493629597055,0.03245821284320516,0.0
2004-12-31,0.06053698543018984,0.041729149099355586,0.0065194288974086126,0.03245821284320516,-0.025290467442293907,1.0
2005-01-31,0.06759835316575612,0.056077871844051254,0.005874489306636624,-0.025290467442293907,0.018903346132113308,0.0
2005-02-28,0.07690831653237687,0.06925005561843404,0.0054820556094497454,0.018903346132113308,-0.019117655560289548,1.0
2005-03-31,0.05787885315509835,0.04575816249667716,0.005041060401310632,-0.019117655560289548,-0.02010858208326327,1.0
2005-04-29,0.0714570184866274,0.058848145016612646,0.007607795934031111,-0.02010858208326327,0.02995204663120865,0.0
2005-05-31,0.06004756913800167,0.05021011210680424,0.005245208494735073,0.02995204663120865,-0.00014271417986766455,1.0
2005-06-30,0.0576758737779255,0.04753900317530706,0.004282205601833642,-0.00014271417986766455,0.03596828690361842,0.0
2005-07-29,0.06784455752486952,0.059440368778149455,0.0056702670911669,0.03596828690361842,-0.011222104598599958,1.0
2005-08-31,0.05961098104441245,0.04957174864242025,0.0045423601129753735,-0.011222104598599958,0.00694902431673361,0.0
2005-09-30,0.06438373488737194,0.05038781382151966,0.005189712498885196,0.00694902431673361,-0.017740779932313377,1.0
2005-10-31,0.06659814681173583,0.0634229218472998,0.007903897131581966,-0.017740779932313377,0.035186096519093324,0.0
2005-11-30,0.055828353198728614,0.04762491105118267,0.005010471825495841,0.035186096519093324,-0.0009523493171963437,1.0
2005-12-30,0.04610000409627345,0.041029939133081485,0.00510276004786802,-0.0009523493171963437,0.025466771341108085,0.0
2006-01-31,0.09945404347720911,0.07716630233669333,0.006239224962578041,0.025466771341108085,0.0004531577283561905,0.0
2006-02-28,0.05830386785912752,0.04960551722089521,0.0045684350095130345,0.0004531577283561905,0.011095810408889628,0.0
2006-03-31,0.06178141990635486,0.04696856959616944,0.004320096267951379,0.011095810408889628,0.01215565291784415,0.0
2006-04-28,0.06428347344373393,0.0567722485521091,0.005544718561217117,0.01215565291784415,-0.030916916538203165,1.0
2006-05-31,0.05980400301762621,0.04766029313381026,0.008045817304132915,-0.030916916538203165,8.659650459597046e-05,0.0
2006-06-30,0.05528390429602552,0.0441259525269835,0.006819056941656658,8.659650459597046e-05,0.0050858788034533475,0.0
2006-07-31,0.0846203714667007,0.07200762726746356,0.00842662391131864,0.0050858788034533475,0.02127419311502643,0.0
2006-08-31,0.0671052431062216,0.05710988680008473,0.0058202434703184805,0.02127419311502643,0.024566297967782313,0.0
2006-09-29,0.05310006924830909,0.04789440221525279,0.004970248714776781,0.024566297967782313,0.03150800358539563,0.0
2006-10-31,0.07107400140208686,0.04999250556017931,0.006460931158958433,0.03150800358539563,0.016466656343095964,0.0
2006-11-30,0.055172861483364366,0.04340101328362527,0.004815557230314385,0.016466656343095964,0.012615782814670462,0.0
2006-12-29,0.052259824024807416,0.04736904151678987,0.004271785220385831,0.012615782814670462,0.014059043023177953,0.0
2007-01-31,0.05758650185096747,0.04564727712697892,0.0069549756143056345,0.014059043023177953,-0.021846175991944272,1.0
2007-02-28,0.051189547883504855,0.04203490689099094,0.005183261203428043,-0.021846175991944272,0.009979982939206433,0.0
2007-03-30,0.0578545861134796,0.04121958495891399,0.0051570403114729905,0.009979982939206433,0.043290690426759815,0.0
2007-04-30,0.0800083772782251,0.044148038524046036,0.006416040933727179,0.043290690426759815,0.032549228707361655,0.0
2007-05-31,0.05729838747034063,0.04380084796700407,0.004845778518891374,0.032549228707361655,-0.0178163225478849,1.0
2007-06-29,0.0650809096599386,0.04116816002974284,0.005881170954383647,-0.0178163225478849,-0.03198187836198818,1.0
2007-07-31,0.07440856291166459,0.0684487125636041,0.009707006269754877,-0.03198187836198818,0.012863572018857905,0.0
2007-08-31,0.05947615949720528,0.044021422605822126,0.014108096606339665,0.012863572018857905,0.03579400817860079,0.0
2007-09-28,0.06544613811541088,0.05194566498574292,0.00607280039631879,0.03579400817860079,0.014822338223554832,0.0
2007-10-31,0.08418132031210925,0.08225363188701491,0.008694606565301969,0.014822338223554832,-0.04404341737941575,1.0
2007-11-30,0.0871382364405719,0.061306721282862936,0.015755207609435194,-0.04404341737941575,-0.00862850856129782,1.0
2007-12-31,0.09602472380557676,0.06048486532150198,0.011507417055431653,-0.00862850856129782,-0.06116343227776988,1.0
2008-01-31,0.10262215396322208,0.08790609199494902,0.0225498374154306,-0.06116343227776988,-0.03476119273728806,1.0
2008-02-29,0.09115889151338986,0.07813196635118985,0.013375620180300226,-0.03476119273728806,-0.005959623397817193,1.0
2008-03-31,0.0808598155387405,0.06978981641403162,0.01948415907668804,-0.005959623397817193,0.047546697641229096,0.0
2008-04-30,0.0815379783583952,0.08138240194436226,0.012783940823002554,0.047546697641229096,0.01067418170406853,0.0
2008-05-30,0.08163314607033201,0.06421309874993607,0.009535595352975938,0.01067418170406853,-0.08596238482631446,1.0
2008-06-30,0.10271567408309866,0.07990980221622047,0.017684461023262266,-0.08596238482631446,-0.009859371185302668,1.0
2008-07-31,0.12031132249456024,0.11002472263304994,0.03551529733725013,-0.009859371185302668,0.012190464669121548,0.0
2008-08-29,0.12796606451916118,0.052894822604615144,0.018478381568769447,0.012190464669121548,-0.09079143354379215,1.0
2008-09-30,0.12799840699710346,0.12715307186584926,0.06439661846614077,-0.09079143354379215,-0.16942452401777075,1.0
2008-10-31,0.14054990695572656,0.11075294613290278,0.12347409773100691,-0.16942452401777075,-0.0748490423387097,1.0
2008-11-28,0.136393214107453,0.11343798609171167,0.09333239818259029,-0.0748490423387097,0.007821576633499472,0.0
2008-12-31,0.15760475846167432,0.0881081703479628,0.06185746136722028,0.007821576633499472,-0.08565734305805417,1.0
2009-01-30,0.17880969169225894,0.1250616716554744,0.062342635519025365,-0.08565734305805417,-0.10993119762019943,1.0
2009-02-27,0.1362802573060996,0.10293365500097852,0.046033830491201674,-0.10993119762019943,0.08540446199532292,0.0
2009-03-31,0.1439520204765035,0.0903049345709391,0.07321012453030551,0.08540446199532292,0.09392507914826331,0.0
2009-04-30,0.22429372783272974,0.14750087877736776,0.04928261578200126,0.09392507914826331,0.05308144638516632,0.0
2009-05-29,0.15692545631857366,0.08888265464735039,0.03442022206193947,0.05308144638516632,0.00019582726560996022,0.0
2009-06-30,0.09070494066865606,0.06663578285490054,0.015759188056337383,0.00019582726560996022,0.07414172714778422,0.0
2009-07-31,0.11105812778021225,0.07531256239038261,0.017068615889035806,0.07414172714778422,0.03356018886854417,0.0
2009-08-31,0.16092402193616662,0.07376522576545455,0.01521570891804671,0.03356018886854417,0.03572334572311964,0.0
2009-09-30,0.07724768294672169,0.062722928525797,0.010653764730593622,0.03572334572311964,-0.019762000526814094,1.0
2009-10-30,0.09290932896371282,0.06658101772881295,0.014613693104797851,-0.019762000526814094,0.05736406145372741,0.0
2009-11-30,0.07161488530782234,0.05173246486551744,0.008103426299783778,0.05736406145372741,0.017770570919338313,0.0
2009-12-31,0.07671347091182106,0.0585578177985569,0.005734356138161222,0.017770570919338313,-0.03697424569226204,1.0
2010-01-29,0.10167020030649336,0.059163507589674265,0.009018863102759614,-0.03697424569226204,0.028513689046546054,0.0
2010-02-26,0.06422335202257441,0.04491835531953408,0.00731782701853975,0.028513689046546054,0.058796425545497355,0.0
2010-03-31,0.06553237984560095,0.05095584413999779,0.004800234818475646,0.058796425545497355,0.014759230482012997,0.0
2010-04-30,0.08273845829438896,0.06168177736954391,0.00986019200462829,0.014759230482012997,-0.08197584207319053,1.0
2010-05-28,0.0830138607883202,0.046144080078869935,0.027642166035224614,-0.08197584207319053,-0.05388244223983851,1.0
2010-06-30,0.077519337427563,0.05381289811047547,0.03748397064073779,-0.05388244223983851,0.06877784957463517,0.0
2010-07-30,0.07107947484015406,0.05736343878468762,0.009766431829440833,0.06877784957463517,-0.04744918363260464,1.0
2010-08-31,0.07157498638790759,0.060734924229674414,0.011733335384372259,-0.04744918363260464,0.08755110305113556,0.0
2010-09-30,0.07240996851546308,0.05500090221644617,0.009697724142960391,0.08755110305113556,0.03685599403554063,0.0
2010-10-29,0.11350826742425517,0.05452579873203527,0.014800176717135488,0.03685599403554063,-0.002290249746576545,1.0
2010-11-30,0.06578056082303438,0.053768876595318725,0.0094654443912344,-0.002290249746576545,0.06530004034715486,0.0
2010-12-31,0.08496173585473803,0.056895815650164,0.00966117458880295,0.06530004034715486,0.022645574359139164,0.0
2011-01-31,0.08606247658398394,0.0559888664176088,0.01327919712863048,0.022645574359139164,0.03195656372809341,0.0
2011-02-28,0.07093500807076501,0.04783478864749412,0.006917754637487679,0.03195656372809341,-0.0010473129391663782,1.0
2011-03-31,0.055440772504015086,0.044780516418093996,0.007435410795816214,-0.0010473129391663782,0.028495380666536008,0.0
2011-04-29,0.053296372733742846,0.049742991128177025,0.005768989474625316,0.028495380666536008,-0.013500952895223128,1.0
2011-05-31,0.0735938693340918,0.04417817810727503,0.006630504268059891,-0.013500952895223128,-0.018257461652479212,1.0
2011-06-30,0.08937280609247056,0.03457506349127118,0.04905073737268277,-0.018257461652479212,-0.0214744253066661,1.0
2011-07-29,0.06333716732346505,0.06519622098256476,0.006490055836739779,-0.0214744253066661,-0.05679110795232889,1.0
2011-08-31,0.18568150312979256,0.0663329381523854,0.05857902471465771,-0.05679110795232889,-0.07176198808089651,1.0
2011-09-30,0.09296416002615138,0.076305390163714,0.017173016144693912,-0.07176198808089651,0.10772303843744147,0.0
2011-10-31,0.09936270222402639,0.07463843322212269,0.022409510298037217,0.10772303843744147,-0.00505871510701128,1.0
2011-11-30,0.06731025418636195,0.05269180533828363,0.01560038159255261,-0.00505871510701128,0.008532763666636134,0.0
2011-12-30,0.06552043881858345,0.057376663512062116,0.011985496942368832,0.008532763666636134,0.043583062704985354,0.0
2012-01-31,0.0861627194809555,0.07498559163134282,0.006369378478032343,0.043583062704985354,0.04058946376811723,0.0
2012-02-29,0.0646624656167401,0.05822610423503074,0.005350782085003599,0.04058946376811723,0.03133231453144192,0.0
2012-03-30,0.05822546090838762,0.05133289660212525,0.005590236925877494,0.03133231453144192,-0.007497452372495883,1.0
2012-04-30,0.06469438929541958,0.048574914062421586,0.006361780592204986,-0.007497452372495883,-0.06265072571454366,1.0
2012-05-31,0.07127464852446329,0.06375878219704799,0.006577518010742229,-0.06265072571454366,0.03955498222833631,0.0
2012-06-29,0.061430468707795234,0.04784807670169171,0.008635234636581827,0.03955498222833631,0.012597574204787909,0.0
2012-07-31,0.07160705679633893,0.05151254409278186,0.007996145300270537,0.012597574204787909,0.019763369506085704,0.0
2012-08-31,0.060816367151591985,0.050308778351186974,0.005132964337899894,0.019763369506085704,0.024236153617775313,0.0
2012-09-28,0.0493796785113208,0.042327133669911414,0.004284172003946782,0.024236153617775313,-0.019789409716293838,1.0
2012-10-31,0.07398860640183379,0.055078522075463064,0.0059510609238838386,-0.019789409716293838,0.0028467166850427716,0.0
2012-11-30,0.06775865761118242,0.04527470154203145,0.006075311853189639,0.0028467166850427716,0.007068230956284616,0.0
2012-12-31,0.05425229015060139,0.05013663508368764,0.0036562841299609696,0.007068230956284616,0.050428096466868855,0.0
2013-01-31,0.07135482076290096,0.0620227815341382,0.005080165200273942,0.050428096466868855,0.011060648765041536,0.0
2013-02-28,0.05821026965870398,0.038690200590809215,0.004993532622559937,0.011060648765041536,0.03598772398287298,0.0
2013-03-28,0.05369810502254784,0.041385329370643806,0.0029392101003875874,0.03598772398287298,0.018085767779890016,0.0
2013-04-30,0.07286828652018117,0.05339898623055493,0.007471083197358978,0.018085767779890016,0.020762811683057825,0.0
2013-05-31,0.07039462806661469,0.06179349524633394,0.0049066618720614115,0.020762811683057825,-0.014999301595580716,1.0
2013-06-28,0.05252984608628806,0.04405271040427057,0.0054430465448158565,-0.014999301595580716,0.049462079913085155,0.0
2013-07-31,0.061601075559379694,0.05320716708347648,0.004812645503182229,0.049462079913085155,-0.03129801947934385,1.0
2013-08-30,0.04616395939785619,0.04229757105006649,0.004194969745924336,-0.03129801947934385,0.029749523259195332,0.0
2013-09-30,0.05079924182308538,0.043291627060928956,0.0031310788560732715,0.029749523259195332,0.04459575276194472,0.0
2013-10-31,0.05793281032993829,0.051215190843796145,0.00542456295758488,0.04459575276194472,0.028049471367328715,0.0
2013-11-29,0.052586583832392834,0.04589684902503944,0.0033623273243033962,0.028049471367328715,0.023562791975445974,0.0
2013-12-31,0.04315909667428756,0.040636575613691134,0.0031011819682421555,0.023562791975445974,-0.035582905955811595,1.0
2014-01-31,0.06466457317786704,0.055668664153132985,0.005312056553914755,-0.035582905955811595,0.0431170301781616,0.0
2014-02-28,0.05299972660840291,0.03971769987642608,0.004236586156499919,0.0431170301781616,0.006932165418227054,0.0
2014-03-31,0.04830720967697271,0.04654003213969727,0.003297818973630014,0.006932165418227054,0.006200789153414155,0.0
2014-04-30,0.048022526077639655,0.04736593817092805,0.004788830533289289,0.006200789153414155,0.02103028007328045,0.0
2014-05-30,0.04237864247308498,0.03862423840586647,0.0030635138208256877,0.02103028007328045,0.019058331749470137,0.0
2014-06-30,0.05000456825388877,0.04031965168395841,0.002934200610200315,0.019058331749470137,-0.015079830845342257,1.0
2014-07-31,0.054244824508518315,0.04364993154925533,0.0037164511544559528,-0.015079830845342257,0.037655295579825276,0.0
2014-08-29,0.041636608302505665,0.03701871908362363,0.002554003875249918,0.037655295579825276,-0.015513837249453877,1.0
2014-09-30,0.048531524322596005,0.03926582833150274,0.0025883479381033766,-0.015513837249453877,0.023201460667203078,0.0
2014-10-31,0.06455081881216397,0.054862305576000116,0.007874681710972381,0.023201460667203078,0.02453358864631494,0.0
2014-11-28,0.06600015880956903,0.058865501925431225,0.003978898949463878,0.02453358864631494,-0.004188587515996933,1.0
2014-12-31,0.04501814490794634,0.041549319780578034,0.005466500850012244,-0.004188587515996933,-0.031040805838410512,1.0
2015-01-30,0.07096900591782325,0.06575645846562077,0.006280005990064045,-0.031040805838410512,0.0548925108906233,0.0
2015-02-27,0.07141138781128208,0.05380575058309922,0.005077559125104852,0.0548925108906233,-0.01739610711421946,1.0
2015-03-31,0.04591809082737274,0.03539626548428708,0.004601372477798855,-0.01739610711421946,0.008520819822535275,0.0
2015-04-30,0.06550461367179526,0.058746983312185044,0.003974395488612883,0.008520819822535275,0.010491382304589791,0.0
2015-05-29,0.05284733122111808,0.041869357498585245,0.00332523952748798,0.010491382304589791,-0.021011671979729862,1.0
2015-06-30,0.051314466998251346,0.042550686404657326,0.0035508921782962666,-0.021011671979729862,0.019742029435184882,0.0
2015-07-31,0.07814034785996281,0.07612823896287156,0.005327215098291341,0.019742029435184882,-0.06258081825586548,1.0
2015-08-31,0.051735801561647705,0.03847981328696048,0.010344148440879289,-0.06258081825586548,-0.026442831280001355,1.0
2015-09-30,0.06676143794106527,0.046482506001203704,0.007665215727001534,-0.026442831280001355,0.08298311781266654,0.0
2015-10-30,0.07941518836025571,0.06494702263636137,0.008792105418292884,0.08298311781266654,0.0005048691103348713,0.0
2015-11-30,0.06417174472327232,0.04329051932076787,0.006516463356741367,0.0005048691103348713,-0.017530185032692436,1.0
2015-12-31,0.06264047154950908,0.053782669159801094,0.007760381159467294,-0.017530185032692436,-0.05073532204695219,1.0
2016-01-29,0.08441111653130158,0.07122483359619954,0.012415285526731906,-0.05073532204695219,-0.0041283603090034315,1.0
2016-02-29,0.0825540417750221,0.05631821618121973,0.012216552194964508,-0.0041283603090034315,0.06599111444005823,0.0
2016-03-31,0.06619710739542511,0.044689606908761614,0.00674855011485497,0.06599111444005823,0.0026993982833325436,0.0
2016-04-29,0.08073152174417725,0.06656663896345957,0.006102810320199733,0.0026993982833325436,0.015324602525288444,0.0
2016-05-31,0.05748020648048437,0.04447240982278864,0.0049870835966181835,0.015324602525288444,0.0009109212401243738,0.0
2016-06-30,0.0693292635159815,0.05907838509069534,0.008697037519065006,0.0009109212401243738,0.035609800753315435,0.0
2016-07-29,0.07150781779948116,0.06847863307706459,0.0055312518914966595,0.035609800753315435,-0.0012192428990192017,1.0
2016-08-31,0.062022608382668945,0.049776557978207646,0.004310563352323057,-0.0012192428990192017,-0.0012344511393171942,1.0
2016-09-30,0.04811935222126336,0.04264027759703089,0.004813836105920933,-0.0012344511393171942,-0.01942567890903435,1.0
2016-10-31,0.06413118456199023,0.05212987293112514,0.004826354535856415,-0.01942567890903435,0.034174521829295035,0.0
2016-11-30,0.09871690246612808,0.08303495551960632,0.008491913603374734,0.034174521829295035,0.01820076244186586,0.0
2016-12-30,0.048187700775863714,0.03676303296409766,0.0037825290613269225,0.01820076244186586,0.01788435819838252,0.0
2017-01-31,0.06930906575389112,0.053430643571218246,0.004914153774871283,0.01788435819838252,0.03719816006681631,0.0
2017-02-28,0.05504261051477316,0.04572078364300138,0.003483518221388861,0.03719816006681631,-0.00038919713526930355,1.0
2017-03-31,0.046354696708299066,0.03582353029651563,0.003373244909950981,-0.00038919713526930355,0.009091208748854607,0.0
2017-04-28,0.04801477849467936,0.0420394755884942,0.0029984889044960745,0.009091208748854607,0.011576251246328662,0.0
2017-05-31,0.06503647797912974,0.05345625463200695,0.004088868433597617,0.011576251246328662,0.004813775207812565,0.0
2017-06-30,0.056724045999626695,0.051653139507392795,0.0038775244856440504,0.004813775207812565,0.019348826001101882,0.0
2017-07-31,0.05634486207144457,0.047030159531826314,0.00398398265826709,0.019348826001101882,0.000546433019853243,0.0
2017-08-31,0.05815579492843817,0.045342687031433855,0.004199030347843716,0.000546433019853243,0.019302978562167672,0.0
2017-09-29,0.059123052098453276,0.05184680686330685,0.0031579389650500432,0.019302978562167672,0.02218813506615125,0.0
2017-10-31,0.06197523411722065,0.06503954389383941,0.004136266637902877,0.02218813506615125,0.028082627806563343,0.0
2017-11-30,0.06373023226117475,0.04828501245098375,0.005125549926045876,0.028082627806563343,0.009831630594270502,0.0
2017-12-29,0.05392512153300011,0.040962324501156465,0.0031801319370169815,0.009831630594270502,0.056178704125527945,0.0
2018-01-31,0.07073007069006697,0.0693439256277079,0.005055084201998505,0.056178704125527945,-0.03894737187936759,1.0
2018-02-28,0.05851388500823242,0.05792466944213724,0.009056768730877877,-0.03894737187936759,-0.026884498600556528,1.0
2018-03-29,0.04951011936815485,0.044117390832233046,0.006405276148121689,-0.026884498600556528,0.0027187749953683227,0.0
2018-04-30,0.06362808162241154,0.056493287987831875,0.006426855693069579,0.0027187749953683227,0.0216083418545836,0.0
2018-05-31,0.07213627649762296,0.056743147526672574,0.005343850274487449,0.0216083418545836,0.00484243626760783,0.0
2018-06-29,0.06174893636412148,0.0463798086392695,0.004568786666447958,0.00484243626760783,0.03602155617289915,0.0
2018-07-31,0.058809573200427984,0.049368308923712405,0.005057759823053005,0.03602155617289915,0.030263211276748248,0.0
2018-08-31,0.06231276948328786,0.06254422093762783,0.004082213593198925,0.030263211276748248,0.0042942874264617625,0.0
2018-09-28,0.050389100822092,0.0425488665151473,0.003157405109189702,0.0042942874264617625,-0.0694033560936963,1.0
2018-10-31,0.08103108994624311,0.0754630600780318,0.011590988657298485,-0.0694033560936963,0.01785935665477978,0.0
2018-11-30,0.07730664561027407,0.07519840624321608,0.009237984646808703,0.01785935665477978,-0.09177689467997252,1.0
2018-12-31,0.06073169345989763,0.04699601104496693,0.01075818626384526,-0.09177689467997252,0.07868440166582613,0.0
2019-01-31,0.07360896991842261,0.06449235068246921,0.008347259778478711,0.07868440166582613,0.029728889343927145,0.0
2019-02-28,0.062140158645348935,0.05358450438587196,0.0047164812159002185,0.029728889343927145,0.01792425624958849,0.0
2019-03-29,0.05673704647118068,0.05118375804669842,0.004522059830831555,0.01792425624958849,0.03931349831373798,0.0
2019-04-30,0.06693148645564242,0.06395214007279225,0.004687551730013577,0.03931349831373798,-0.06577773136683529,1.0
2019-05-31,0.08014415685775496,0.060707721128653906,0.006215652227717071,-0.06577773136683529,0.0689301639982407,0.0
2019-06-28,0.05882220634059551,0.049486258362071316,0.0047635444813819644,0.0689301639982407,0.013128152166957952,0.0
2019-07-31,0.056906231650042764,0.05456886568944495,0.005014937543685585,0.013128152166957952,-0.018091627240523822,1.0
2019-08-30,0.08717229832995362,0.0633802253736048,0.00957608347295867,-0.018091627240523822,0.017181177931020697,0.0
2019-09-30,0.05923016619312377,0.04679106446762233,0.005005060379793863,0.017181177931020697,0.020431770513684056,0.0
2019-10-31,0.06595195205984246,0.05598861673803744,0.006572505601383477,0.020431770513684056,0.034047037714499906,0.0
2019-11-29,0.06446739009466476,0.04827241365375208,0.004939366169341398,0.034047037714499906,0.02858981890573009,0.0
2019-12-31,0.04983698036523096,0.03930029335930921,0.002919455335691242,0.02858981890573009,-0.0016280928190487431,1.0
2020-01-31,0.07497396451048688,0.06780687052604016,0.004763650105363067,-0.0016280928190487431,-0.08411048363840301,1.0
2020-02-28,0.06343429860585065,0.051431055162336606,0.010130679189939679,-0.08411048363840301,-0.12511928240892822,1.0
2020-03-31,0.1552526633260066,0.11595819834402003,0.13602649219596002,-0.12511928240892822,0.1268440381652789,0.0
2020-04-30,0.1479233837693388,0.07972600708931314,0.04226706745673424,0.1268440381652789,0.045281819665558,0.0
2020-05-29,0.07762251115511229,0.05606269024491768,0.022328403482181187,0.045281819665558,0.01838839651392421,0.0
2020-06-30,0.07310723346495214,0.07095206162230855,0.02346317769062078,0.01838839651392421,0.055101321480443444,0.0
2020-07-31,0.0837477759390682,0.07737706885013602,0.01114831215721063,0.055101321480443444,0.07006466690171775,0.0
2020-08-31,0.0787784057794494,0.07661174526696783,0.007486404326852668,0.07006466690171775,-0.039227970178422944,1.0
2020-09-30,0.06173165779303572,0.052590491066190126,0.010082108731304284,-0.039227970178422944,-0.027665786221379607,1.0
2020-10-30,0.07563968740467762,0.06487739351210935,0.009829949450583741,-0.027665786221379607,0.10754563544385909,0.0
2020-11-30,0.12012974711033853,0.08425622167893715,0.02193487526833317,0.10754563544385909,0.03712145909357001,0.0
2020-12-31,0.0574894135764287,0.05349941873416278,0.005616803933942462,0.03712145909357001,-0.011136660755445171,1.0
2021-01-29,0.06987291824965837,0.06222439262183746,0.010061587508406532,-0.011136660755445171,0.026091451377448394,0.0
2021-02-26,0.10954534614318406,0.093237599756936,0.00839264251229709,0.026091451377448394,0.042438632533165155,0.0
2021-03-31,0.06672623434059499,0.05591828924297923,0.010908700284826395,0.042438632533165155,0.05242532134755851,0.0
2021-04-30,0.05473791791120583,0.055612019885747765,0.005072649516563001,0.05242532134755851,0.00548648867060697,0.0
2021-05-28,0.05698879388177751,0.050339734271958446,0.005815702591714697,0.00548648867060697,0.022214009565834747,0.0
2021-06-30,0.06604140592604305,0.06173304541526424,0.005210524666943593,0.022214009565834747,0.02274805482838871,0.0
2021-07-30,0.06491674091909624,0.05408477912455232,0.0058690979216511115,0.02274805482838871,0.028990416255438634,0.0
2021-08-31,0.059805167678800154,0.04985374700453714,0.0055502313838637195,0.028990416255438634,-0.047569168801900985,1.0
2021-09-30,0.061603738483901924,0.049029755093914384,0.005476040498522265,-0.047569168801900985,0.0691438364006065,0.0
2021-10-29,0.0763622459089284,0.08949220645538061,0.005603037871668954,0.0691438364006065,-0.008333706184746048,1.0
2021-11-30,0.07460178895139852,0.08085501583973385,0.00824256650354212,-0.008333706184746048,0.04361291346206486,0.0
