Date,SII,SII_lin
1978-01,-0.05591738612656938,0.19107417913550773
1978-02,0.03488538147912523,0.2932059304347501
1978-03,0.043561719696656676,0.3141230969255129
1978-04,0.09230016134251984,0.37929799039389533
1978-05,0.08604022545919654,0.3892347768556388
1978-06,-0.028450173205175844,0.2821116517907576
1978-07,-0.09310505003783076,0.2198879999550638
1978-08,-0.10662653274985767,0.20779503164661906
1978-09,-0.139752868071348,0.17360928402874132
1978-10,-0.13929362696539083,0.17302757243877642
1978-11,-0.26043683795551575,0.04192051158146759
1978-12,-0.17351543029503613,0.12503231848252105
1979-01,-0.3454509316044081,-0.06304831369066544
1979-02,-0.31222106898624724,-0.04385084697535957
1979-03,-0.24122637012429404,0.017846749017127017
1979-04,-0.24091576379541002,0.008754169309116877
1979-05,-0.26584748984364515,-0.02739238894196383
1979-06,-0.1518835383422077,0.0828047960273619
1979-07,-0.19999844755902885,0.027708103007202167
1979-08,-0.14914135268641004,0.07479515031748574
1979-09,-0.1923995120935591,0.02494565046854258
1979-10,-0.08115275334074612,0.1365585681886754
1979-11,-0.18836910524747452,0.023011930242230916
1979-12,-0.05655952386835894,0.15654946781440904
1980-01,-0.08666582327095451,0.12635644727780204
1980-02,0.01609468178834783,0.23521957824119277
1980-03,-0.041331313508312206,0.18055064515122177
1980-04,-0.21733627092835017,-0.003018046825523424
1980-05,-0.2152953717152104,-0.008510175639957485
1980-06,-0.10585948921108379,0.09959551084226592
1980-07,-0.09575564450946716,0.10892812574341959
1980-08,0.02909222857788707,0.24001002898127954
1980-09,-0.0002187379452840421,0.2153739725812287
1980-10,0.04464955786779856,0.26743384213489674
1980-11,0.0032878901736415056,0.23109400073858155
1980-12,0.129408551244501,0.36907116694227293
1981-01,-0.14228938345133302,0.09490385260957757
1981-02,-0.15988460219664868,0.07388719661308385
1981-03,-0.11954755998180389,0.11286804922078542
1981-04,-0.10432676778562544,0.12750324739095875
1981-05,-0.0926790002748501,0.13915371927906217
1981-06,-0.1331225579731341,0.0966702893509166
1981-07,-0.1955727516421495,0.029037315046240186
1981-08,-0.16152529819050265,0.059536190700136604
1981-09,-0.29031759953377745,-0.07915282652441213
1981-10,-0.1741041089256976,0.032709295165137764
1981-11,-0.10037912518259762,0.10558554027622957
1981-12,0.0007918506631061639,0.21071735978128014
1982-01,-0.11336055586925009,0.09517861587995458
1982-02,-0.12913783817432933,0.07726478359942446
1982-03,-0.16457976005692965,0.038025699154449644
1982-04,-0.01779517631418459,0.18771152176737171
1982-05,0.08462517815139703,0.2977149606595385
1982-06,-0.001783701982351893,0.2150651891303148
1982-07,-0.04892909519465627,0.1696077629381222
1982-08,-0.1403035291936352,0.0758931171718269
1982-09,0.002484731295959941,0.2225832807247099
1982-10,0.03173975375660354,0.25704609333873707
1982-11,0.04866111706128007,0.2799495106474703
1982-12,0.08161536596798258,0.3203452434602626
1983-01,-0.08655129391724914,0.15255742497672453
1983-02,-0.1071865938095653,0.13143712062006485
1983-03,-0.017987490685271945,0.2238638068729113
1983-04,-0.0025299164517560424,0.24321438121275185
1983-05,0.097098818104278,0.3508511705707602
1983-06,0.10587797844173108,0.36806036828339617
1983-07,0.026721018765713866,0.2942096172647103
1983-08,-0.03766939176698658,0.2325922486372639
1983-09,-0.07764587768084485,0.19382444440922286
1983-10,-0.057615009143952456,0.21586212868198917
1983-11,-0.04286426179952241,0.2332115710784307
1983-12,-0.017196688674151805,0.26249285135412026
1984-01,-0.09835286016083755,0.18185679355392936
1984-02,-0.06998323008318696,0.2118333179599331
1984-03,-0.1811883359060087,0.0980349652928133
1984-04,-0.11737710704416882,0.16163236759211308
1984-05,-0.20095979379699758,0.07471550158768647
1984-06,-0.23276798340488858,0.038370354007536966
1984-07,-0.2759332103870079,-0.010952147806278179
1984-08,-0.24815196391345584,0.011640794328579007
1984-09,-0.16456802745841248,0.09302723353135944
1984-10,-0.13884899851253807,0.11745810081835961
1984-11,-0.1122493708033453,0.14371035241788999
1984-12,0.042770768912760715,0.30387782043900663
1985-01,-0.15131258064848707,0.10814412721444644
1985-02,0.019742992332825504,0.28351877975794204
1985-03,0.04168170633803525,0.3105683278363385
1985-04,-0.08376748120358724,0.18593938744630834
1985-05,-0.09317547261045289,0.17703506983567407
1985-06,-0.061825992265302554,0.20995795918463273
1985-07,-0.05876758028598894,0.21470373603875892
1985-08,-0.06629899145676255,0.20861828242074953
1985-09,-0.09302862796002537,0.1824532553038571
1985-10,-0.1399104581517686,0.13458739515029527
1985-11,-0.1349306623553811,0.13874049617588047
1985-12,-0.10911303733909206,0.16456973642327666
1986-01,-0.2120927639297554,0.05825820287080141
1986-02,-0.129012447854003,0.14066522665189352
1986-03,-0.0208056137829829,0.25166262021074076
1986-04,-0.06565810216666956,0.20819004238216676
1986-05,-0.037631858969475185,0.23849183617588066
1986-06,0.011470510782940646,0.2914281678415159
1986-07,0.07800687713657231,0.36390171981887753
1986-08,-0.03331532174974988,0.2550963723401148
1986-09,-0.0287734558252164,0.2623108068390678
1986-10,-0.006323499940891403,0.2881383763774983
1986-11,0.038828001759408315,0.33806465711099093
1986-12,0.029204841767159734,0.3329536032977609
1987-01,-0.07195447952914855,0.2332866020340593
1987-02,-0.021643830225823862,0.28660481428350815
1987-03,-0.008617045957735714,0.3030447655708097
1987-04,0.011348926610672883,0.3270348106605724
1987-05,-0.06565600106787672,0.25181277570411253
1987-06,-0.05368599233986435,0.265926103682692
1987-07,-0.031966728228685154,0.2904325221596319
1987-08,0.08210491540516196,0.41060429919112396
1987-09,-0.0053311847735803,0.32679085903368177
1987-10,-0.013966132327042899,0.32155255962867046
1987-11,-0.18681063540935824,0.14721364863078748
1987-12,-0.1348183794053641,0.19917176153343477
1988-01,-0.28981505567171306,0.039786911129509384
1988-02,-0.3514142151696016,-0.027945584358536113
1988-03,-0.2798336506367933,0.039455919110024384
1988-04,-0.25375473034512597,0.062053101765062985
1988-05,-0.18225524611803112,0.13201598947361548
1988-06,-0.13051843150817471,0.1836213850323382
1988-07,-0.1567877601058397,0.15650608269854596
1988-08,-0.1999842945119611,0.11129152782241791
1988-09,-0.21140326901928763,0.09753672159237003
1988-10,-0.17302933455200706,0.13458837428672246
1988-11,-0.12496967868274853,0.18259689730630882
1988-12,-0.1618565990973327,0.14468272904248586
1989-01,-0.17104188841857942,0.13422306716432003
1989-02,-0.17872297775348978,0.12505985752782678
1989-03,0.03463618178183345,0.3424854054979176
1989-04,0.05144265850950536,0.3638147409819643
1989-05,0.023824430173716132,0.3400308750988147
1989-06,-0.000919623888085086,0.31850638396219333
1989-07,-0.033830457356386734,0.2879919776822711
1989-08,-0.00847815094238305,0.3163963354432653
1989-09,0.03962970633406515,0.36878650334824026
1989-10,-0.0914946809449193,0.23867136325167793
1989-11,-0.12419205831984792,0.20617084486071313
1989-12,-0.08468355048417875,0.2468599897806616
1990-01,-0.13449904924728606,0.1969979159397962
1990-02,-0.0612609327245468,0.27199312244651286
1990-03,-0.07085909445741834,0.2639254148217689
1990-04,-0.10968012493598411,0.22569544967920796
1990-05,-0.09141581226053647,0.24499700549991726
1990-06,-0.10296958165729903,0.23420641352942712
1990-07,-0.13902547396323942,0.19805063959154498
1990-08,-0.1338087201781538,0.2032918365642721
1990-09,-0.13774692047626896,0.19928442917618922
1990-10,-0.13926120568523892,0.1976647253457844
1990-11,-0.12093658338612895,0.21631561625398693
1990-12,-0.1171501824008035,0.2205187002781856
1991-01,-0.2400726081567793,0.09514288538470775
1991-02,-0.147447175412176,0.18745759771081194
1991-03,-0.22419205909954137,0.10862405314727336
1991-04,-0.25744706960744446,0.07250451211611586
1991-05,-0.2397651740246911,0.08771428519119562
1991-06,-0.2689234284462052,0.05540690646008861
1991-07,-0.29402875235268233,0.026567568499297645
1991-08,-0.272227309492527,0.045111346627508986
1991-09,-0.29815673744914617,0.015325583648342911
1991-10,-0.30097568228728444,0.00856980576427624
1991-11,-0.3018873786734033,0.0036833508189429154
1991-12,-0.22799626388145533,0.07522406623123767
1992-01,-0.28679520917260715,0.012763459941688565
1992-02,-0.31151525157379745,-0.01617886844910496
1992-03,-0.34940457500767663,-0.05913990288644788
1992-04,-0.3705237568920273,-0.08581406049227158
1992-05,-0.3451540879749836,-0.0654720048233787
1992-06,-0.29511697359773315,-0.01940121383005622
1992-07,-0.32123063460632195,-0.0500610888623195
1992-08,-0.26633608468366254,0.0014457300220006575
1992-09,-0.2910044580229385,-0.027151953833092907
1992-10,-0.270744381845421,-0.010406843191109794
1992-11,-0.29789731461603663,-0.04166490941837456
1992-12,-0.2669870933879007,-0.014225028513231486
1993-01,-0.3263286386007357,-0.07829816642879203
1993-02,-0.31673855483189983,-0.07325884345417177
1993-03,-0.2751456202084962,-0.03536911165694301
1993-04,-0.5118366975496611,-0.2806893610754743
1993-05,-0.4693036821236497,-0.2459423941522345
1993-06,-0.43838524709684573,-0.22220586718940977
1993-07,-0.4204525183725792,-0.2111170066292834
1993-08,-0.426102683866488,-0.22375428394297706
1993-09,-0.3845892497776829,-0.18841259558195173
1993-10,-0.38448576779077626,-0.19450375137057552
1993-11,-0.3240606934914876,-0.13908004575932909
1993-12,-0.28289157020242467,-0.10210568775357348
1994-01,-0.3673393740114911,-0.19245399198325497
1994-02,-0.3464206041352167,-0.17704252193414352
1994-03,-0.3099390662533996,-0.14536629820656966
1994-04,-0.25064404617163505,-0.0897237472740271
1994-05,-0.2700380513497844,-0.11316637315671141
1994-06,-0.29589131668018753,-0.14359106290685905
1994-07,-0.32700250812417947,-0.17989917635505565
1994-08,-0.3070406792746306,-0.16476612856710032
1994-09,-0.26915254169259695,-0.13099122202017377
1994-10,-0.2533394793344449,-0.11900200042376308
1994-11,-0.2778083291400723,-0.14777995287513707
1994-12,-0.269851473242774,-0.1439962794058532
1995-01,-0.29800003145064735,-0.1768711344440851
1995-02,-0.25811905093081083,-0.14097622791918935
1995-03,-0.23942172231173686,-0.12592595598759782
1995-04,-0.18771186842514354,-0.07690126364630867
1995-05,-0.1806062322286791,-0.07235731899713471
1995-06,-0.15716981885753145,-0.0510533073781243
1995-07,-0.1994433334480083,-0.09625586541730652
1995-08,-0.22069581945231936,-0.12084331112868812
1995-09,-0.21827483096094297,-0.12172480092685362
1995-10,-0.2584224558223494,-0.16592782143046853
1995-11,-0.2602662014243606,-0.17187576459991488
1995-12,-0.24157994614862155,-0.15696650147467128
1996-01,-0.28459656536679323,-0.20455887228957315
1996-02,-0.2204260048921906,-0.14381396504514804
1996-03,-0.2127488498871427,-0.13943579616250512
1996-04,-0.16568345789211236,-0.0948317441746157
1996-05,-0.14387995889612704,-0.07510628966434374
1996-06,-0.16351554859534362,-0.09717926432611407
1996-07,-0.23223199248020487,-0.16956887747458194
1996-08,-0.2008720650943009,-0.14133718530398498
1996-09,-0.18006827681676418,-0.12330386377996416
1996-10,-0.1952782517858318,-0.1415628226106992
1996-11,-0.15353147954739754,-0.1021407917081566
1996-12,-0.1390620194871821,-0.08975037979453915
1997-01,-0.18076579263556475,-0.13426955743156926
1997-02,-0.1260969009324135,-0.0814734602728539
1997-03,-0.06199194389065732,-0.018134867252352915
1997-04,-0.061931278924019284,-0.018842168518969582
1997-05,-0.045116136143255714,-0.0025077238756230358
1997-06,-0.033319500867376894,0.009009252706713933
1997-07,-0.08056705177052903,-0.03932794803114659
1997-08,-0.0871607387560438,-0.047127524048288905
1997-09,-0.06740582399622863,-0.028246632045432873
1997-10,-0.06118404951986911,-0.022796389310462017
1997-11,-0.056677070956393516,-0.018987417619725333
1997-12,-0.03157091606784157,0.005841042744471614
1998-01,-0.08307170449243606,-0.04680247925340997
1998-02,-0.04487993432127868,-0.009118606142837882
1998-03,-0.05886575211101697,-0.023847110946620953
1998-04,-0.03666769690202332,-0.0020254716915720783
1998-05,-0.037855643637046854,-0.0036107487834315943
1998-06,-0.06755437041273793,-0.034198195236963436
1998-07,-0.09549753497915325,-0.06349259442345523
1998-08,-0.0863870361842507,-0.05558840808712939
1998-09,-0.08082260048573076,-0.0511433048924862
1998-10,-0.17986100599351396,-0.15291769228555574
1998-11,-0.15261830771381224,-0.12797760735366037
1998-12,-0.15456819973400104,-0.1322691161958124
1999-01,-0.2688774346519762,-0.25077121887569276
1999-02,-0.25898947780296167,-0.24493064131098774
1999-03,-0.26593017618419446,-0.256042920486919
1999-04,-0.2928652288079173,-0.28759315404572205
1999-05,-0.2777965469402827,-0.27691440397783934
1999-06,-0.29038764595130473,-0.2941092297947585
1999-07,-0.29594597388564564,-0.3043738015175081
1999-08,-0.2952808869658101,-0.3084193142510001
1999-09,-0.2662308064228306,-0.28363788429485226
1999-10,-0.22220420132471763,-0.24320323895357898
1999-11,-0.265266169014964,-0.2905412345199426
1999-12,-0.27396339117993135,-0.30366327627036366
2000-01,-0.24154724073838485,-0.2751823307162947
2000-02,-0.23229045765629674,-0.26972964196334837
2000-03,-0.16172725762122775,-0.20189333901670925
2000-04,-0.20952149128785225,-0.2531581561273675
2000-05,-0.13543961891767808,-0.18142128812627756
2000-06,-0.1596633586225621,-0.2083675970403821
2000-07,-0.1464940535689374,-0.19772841011092757
2000-08,-0.13378584735093146,-0.18736487851226624
2000-09,-0.13737415110242446,-0.19335933019671736
2000-10,-0.05276706702583067,-0.10988761075260367
2000-11,0.013103099906691451,-0.04416420763916129
2000-12,0.03118994045861323,-0.025952997455737647
2001-01,-0.018992237007753876,-0.07676166312839294
2001-02,0.07782467440038554,0.02087191848793324
2001-03,0.10327790294345707,0.047523016087092196
2001-04,0.18345658455766012,0.13009271594819194
2001-05,0.23573294340104556,0.18554048597402617
2001-06,0.1032725074513875,0.054307122656931606
2001-07,0.1431335503765636,0.09598503905930222
2001-08,0.11302133112843804,0.06725349322184537
2001-09,0.20466868142294203,0.16162542752583242
2001-10,0.22424708558994277,0.18422175857395717
2001-11,0.22251748067759736,0.18549371397928804
2001-12,0.2101989776159704,0.176006942380732
2002-01,0.23408783360690677,0.20308092871140637
2002-02,0.20776397048714812,0.17957206859645236
2002-03,0.2455101546315568,0.22068367506660524
2002-04,0.2153890650884065,0.19350611665915163
2002-05,0.18430357945893028,0.16492849388787723
2002-06,0.05462282430879528,0.035915442300241684
2002-07,0.04364792000984263,0.025454244921929048
2002-08,0.07230341768005488,0.05503079000899813
2002-09,0.1046184125214783,0.08872586057733756
2002-10,0.1381619964510601,0.12412585261498732
2002-11,0.10508897423729757,0.09244994439984167
2002-12,0.07254907074717432,0.06085532744777522
2003-01,0.02740976753763258,0.016033514045729724
2003-02,0.054530551093801005,0.043850398572367943
2003-03,0.10745319017694066,0.09820610889420212
2003-04,0.09764974084622069,0.08970391868148875
2003-05,0.11582649895975772,0.10943659074694922
2003-06,0.1530305084037087,0.14871325232725296
2003-07,0.2218884613824612,0.22059540254438748
2003-08,0.17050931265352776,0.17154491257030768
2003-09,0.14005725908186428,0.14301186854862302
2003-10,0.15258939071578825,0.1576389761294612
2003-11,0.1242374998186444,0.13100253813987783
2003-12,0.13405850000368225,0.14267671603923682
2004-01,0.14173571071399982,0.15231585914320833
2004-02,0.14557924946404377,0.1581784182281456
2004-03,0.1890499743430054,0.204257874852114
2004-04,0.1937277823964878,0.21161411377191097
2004-05,0.2121820231327738,0.23300066140213294
2004-06,0.21368153246392763,0.23746029057026297
2004-07,0.2124508559075584,0.239181241130223
2004-08,0.1965734359276594,0.22605270165447666
2004-09,0.18250230246316423,0.21455159476074015
2004-10,0.16776511448674558,0.2021967924230561
2004-11,0.14355229106287437,0.18005403429172873
2004-12,0.110162656157474,0.1483017137360778
2005-01,0.08942936117912104,0.12893864106413377
2005-02,0.13024879169642856,0.1716647622295644
2005-03,0.14468132459707572,0.18819687472408098
2005-04,0.15556140177302202,0.20132328465103444
2005-05,0.17836045463290828,0.2266698142957253
2005-06,0.15804060337888837,0.20864149207573823
2005-07,0.1341316085780082,0.18672182670855308
2005-08,0.13599496342379047,0.19060357552190443
2005-09,0.15297428143707714,0.20982414643644165
2005-10,0.1640405617030387,0.22327892424325557
2005-11,0.13227298311722535,0.1935007375977158
2005-12,0.10073514945441309,0.16355611323853192
2006-01,0.11242016699567103,0.17698667078590646
2006-02,0.11620136912215351,0.18256569532571065
2006-03,0.12275875193812213,0.1910082357479841
2006-04,0.09824235740140885,0.16807297661331644
2006-05,0.12754337054131537,0.19932720103749135
2006-06,0.1958102723051134,0.2704076843115619
2006-07,0.1850126026302783,0.2622956592296719
2006-08,0.18561964797621733,0.26560261568036414
2006-09,0.1851496699867523,0.26783341949528516
2006-10,0.16162075948931443,0.24672007052745681
2006-11,0.10469248625559069,0.1915087800994577
2006-12,0.09446482317905636,0.1828760718462743
2007-01,0.07190833559425913,0.16164067828926787
2007-02,0.10531692400651016,0.19678403157969293
2007-03,0.1900754812118739,0.2843203133469747
2007-04,0.19146930919940464,0.2885156968607847
2007-05,0.25077067661427277,0.3513486402717667
2007-06,0.30666044316520624,0.4114584996281292
2007-07,0.32935966316378384,0.4386635313471743
2007-08,0.30727123572650905,0.42082441121030145
2007-09,0.18225418811817762,0.2985570672044613
2007-10,0.12306343687083698,0.24140950377068648
2007-11,0.1766735567998201,0.29771207542513145
2007-12,0.15547541265992204,0.2789586653391263
2008-01,0.20412379475101372,0.3306395485765594
2008-02,0.25092361193031176,0.3810375747470325
2008-03,0.31339880194437253,0.4478632931784241
2008-04,0.26246679796556593,0.40068725825504314
2008-05,0.2507796578639101,0.3926265143854841
2008-06,0.28590051923402404,0.43179748523347583
2008-07,0.3501415252613793,0.5008557119171244
2008-08,0.26125581538412046,0.41575284309956406
2008-09,0.20087946246456712,0.3584595685076972
2008-10,-0.09537988935838193,0.06182143627588754
2008-11,-0.2245426752993871,-0.06922992612581069
2008-12,-0.21517347973390777,-0.06164451121395498
2009-01,-0.30367231332056077,-0.15296032998548736
2009-02,-0.3117937439597198,-0.16399949787114165
2009-03,-0.1886749070784779,-0.0423801657195384
2009-04,-0.2676659973822515,-0.12378636111376218
2009-05,-0.30043385384073096,-0.159352397287726
2009-06,-0.2868764120045668,-0.14844373510002717
2009-07,-0.22766506308070888,-0.09120821177589566
2009-08,-0.313799621306736,-0.18030863820318133
2009-09,-0.3296862097640849,-0.19934921999992006
2009-10,-0.3856395354161253,-0.2591010050995799
2009-11,-0.35308730612171946,-0.22998595641900277
2009-12,-0.3116029569047798,-0.19147623778027367
2010-01,-0.3488358709776356,-0.23211169917612162
2010-02,-0.28944703671478633,-0.17546279006005205
2010-03,-0.2944503867547841,-0.18326858028095105
2010-04,-0.2974113740842532,-0.1890715749305265
2010-05,-0.3163105222922591,-0.21103097653144087
2010-06,-0.3321794818321633,-0.23014454080855096
2010-07,-0.31411368754724633,-0.2151289665144558
2010-08,-0.33080718168798207,-0.2350653703796981
2010-09,-0.2860072271641463,-0.19301775477396554
2010-10,-0.3228398943486024,-0.23301720804944925
2010-11,-0.35286050348444187,-0.2665436958241174
2010-12,-0.37583811292790537,-0.2932885391512303
2011-01,-0.4235878599811591,-0.3453396962317632
2011-02,-0.39324393617410536,-0.3189731863881047
2011-03,-0.39315245735277227,-0.32286684087184403
2011-04,-0.3707290419710063,-0.3041919462278373
2011-05,-0.34517945260479155,-0.28212013649374224
2011-06,-0.29120010231165416,-0.23103813234245751
2011-07,-0.33662096204674885,-0.27985634179544205
2011-08,-0.33157076861365264,-0.2781560932708518
2011-09,-0.2712080664658323,-0.22049731099635972
2011-10,-0.31656973961452084,-0.26905861089926053
2011-11,-0.35159088975673547,-0.3076636666264565
2011-12,-0.3987300486065093,-0.3589013110607362
2012-01,-0.3890987957189531,-0.3532739991676126
2012-02,-0.45330412172791434,-0.4221792631112311
2012-03,-0.43473617215130766,-0.4081229185419566
2012-04,-0.4257667756789323,-0.4035791241405773
2012-05,-0.41522939950912874,-0.39736466646979385
2012-06,-0.3778626939765437,-0.36393338345042614
2012-07,-0.3965664981696868,-0.38677908143584183
2012-08,-0.4206718292760274,-0.41528987620558255
2012-09,-0.4256739389204205,-0.4247595086102609
2012-10,-0.47750509850839085,-0.4816131874237011
2012-11,-0.4688614853316808,-0.47791185072685916
2012-12,-0.4583986369356814,-0.47229196651417515
2013-01,-0.5061498897590972,-0.5253958053372956
2013-02,-0.5077332826421743,-0.532359486830843
2013-03,-0.48465796035675424,-0.5144352941497281
2013-04,-0.4931048450958113,-0.5281318231574439
2013-05,-0.4713391343235729,-0.5114008626499169
2013-06,-0.4807605375709647,-0.5259649701305209
2013-07,-0.463536610977173,-0.5137164400655976
2013-08,-0.49067240624044395,-0.5461176408739239
2013-09,-0.46057489149883524,-0.5209867206317216
2013-10,-0.4703274452257147,-0.5358161960934007
2013-11,-0.48658061658435026,-0.5573232211086969
2013-12,-0.4762442334591286,-0.5521457467288777
2014-01,-0.46166912322634035,-0.54259134801113
2014-02,-0.4293350446252606,-0.5149589388045197
2014-03,-0.40704799063004327,-0.49715661599172023
2014-04,-0.41861908958298155,-0.5133388968888806
2014-05,-0.39495051127256664,-0.49405127439039176
2014-06,-0.3753187948853851,-0.4786110640643395
2014-07,-0.37469616874973544,-0.482182118135281
2014-08,-0.37258441624928795,-0.48425123883333776
2014-09,-0.38200281694161986,-0.4979534703085837
2014-10,-0.32240523911886854,-0.4420511379818546
2014-11,-0.37702793010111857,-0.5009226918606651
2014-12,-0.39650388530157765,-0.524850361532684
