month,C,hhi,bot,r_top,r_bot,r_mkt,r_spy,n_bin,re_top,re_bot,sprd
2001-01-31,0.27113018752623835,0.1958753735033582,0.35491345799062085,-0.0053954984488544,-0.12161255943263516,-0.0703156678827855,-0.09538716778078582,197,0.08999166933193142,-0.02622539165184934,0.11621706098378076
2001-02-28,0.4234872163858019,0.23480779303830304,0.2044717535848121,-0.04591627541534321,-0.08591642612967891,-0.056182549337852716,-0.05603719369954685,197,0.01012091828420364,-0.02987923243013206,0.0400001507143357
2001-03-30,0.19606495808789096,0.19939436552320983,0.3953684913301222,0.0446754326492831,0.1184345621945156,0.0685281961308996,0.08543994192448845,198,-0.04076450927520535,0.032994620270027156,-0.0737591295452325
2001-04-30,0.11283496407073315,0.21502129798573572,0.5110332376244827,0.02366222608907022,-0.0019123606686699067,0.012508864494963872,-0.005605492694256364,200,0.029267718783326586,0.0036931320255864574,0.025574586757740127
2001-05-31,0.1318016616644863,0.22529641026495076,0.3602110815309542,-0.06386975137174712,-0.02313683686321642,-0.025436159339731697,-0.02382961824865104,200,-0.04004013312309608,0.0006927813854346217,-0.0407329145085307
2001-06-29,0.1974253156575061,0.16296419656569358,0.4822532869594842,0.0026942947894315287,-0.003111133505532827,0.0006225031633648185,-0.010195621425472479,200,0.012889916214904007,0.007084487919939652,0.0058054282949643555
2001-07-31,0.13572867308589703,0.17081044509438528,0.4754544606869918,-0.010336566567971724,-0.07646247296705737,-0.056330867841474085,-0.059332114785068724,200,0.048995548217097,-0.017130358181988645,0.06612590639908564
2001-08-31,0.11833700946167572,0.186098920392975,0.4936634432854787,-0.04433323275078993,-0.11029223344093285,-0.0675155884307145,-0.08163119484455161,201,0.03729796209376168,-0.028661038596381236,0.06595900069014292
2001-09-28,0.10265280487830122,0.1847038597376276,0.5881222748596905,-0.006006074316488244,0.03412653497635681,0.01653867493652872,0.013022345628707743,201,-0.01902841994519599,0.021104189347649065,-0.04013260929284505
2001-10-31,0.10373780074879287,0.19067331009792898,0.6402030583123108,0.06561089748758445,0.08070817977871515,0.07030937234922346,0.07797767218812313,201,-0.01236677470053868,0.0027305075905920267,-0.015097282291130706
2001-11-30,0.06473514832684522,0.25146870315696923,0.6835273773261441,0.02050007725444146,-0.0006996588022916066,0.008810549011385694,0.005638869342636577,202,0.014861207911804883,-0.0063385281449281836,0.021199736056733066
2001-12-31,0.09157322964537823,0.19983457806155658,0.6062027669104946,-0.0045250667383561335,-0.009677222818020857,-0.012297049858140664,-0.009798472240931333,202,0.0052734055025751994,0.00012124942291047609,0.005152156079664723
2002-01-31,0.055258320929782875,0.17871136142539046,0.6123830412377288,0.022948045080956738,-0.022589049610349986,-0.012465637358049224,-0.017937005673590578,203,0.04088505075454732,-0.004652043936759408,0.04553709469130672
2002-02-28,0.033928695998635544,0.1974028173822266,0.6242332241146376,0.034616101798418286,0.036837899413600245,0.03505045075508702,0.033270874328426236,203,0.0013452274699920497,0.003567025085174008,-0.0022217976151819585
2002-03-28,0.1900773755250567,0.1564278090943518,0.25324272619641075,-0.00845995737467633,-0.10004832354073388,-0.0632275888369865,-0.05815527818473265,203,0.04969532081005632,-0.04189304535600123,0.09158836616605755
2002-04-30,0.10339335683309424,0.1926585305498616,0.3971653819397799,-0.005140598036664809,0.0016778524385223917,-0.005209843862456239,-0.005933560571856011,203,0.0007929625351912025,0.007611413010378403,-0.0068184504751872006
2002-05-31,0.07530838123314326,0.2301232904023246,0.6225630812752675,-0.05141437838594575,-0.07298818386140231,-0.06489979504826682,-0.07380781546124537,204,0.022393437075299623,0.0008196315998430653,0.021573805475456558
2002-06-28,0.05817694907224705,0.2016758138893445,0.6036388107049052,-0.05528864672292834,-0.0725619658342761,-0.07013806877239723,-0.07881987686607794,205,0.023531230143149603,0.006257911031801844,0.01727331911134776
2002-07-31,0.05265098599841293,0.2877602248132156,0.6805113460892674,0.009912927856785754,-0.0017879626857200451,0.005054966221619731,0.006801462654420165,209,0.0031114652023655886,-0.00858942534014021,0.0117008905425058
2002-08-30,0.0145815248805707,0.3843408616628873,0.7663953485435292,0.037460157624484985,-0.11776797034552512,-0.10520403976540026,-0.10485187487854497,209,0.14231203250302996,-0.012916095466980151,0.15522812797001012
2002-09-30,0.029412605331932736,0.3034108851033758,0.6118572782696042,0.016094770002247072,0.11731214891906477,0.08861881494648852,0.08228325163353323,209,-0.06618848163128616,0.035028897285531546,-0.1012173789168177
2002-10-31,0.023374386766401765,0.2651052137284103,0.6415109091015389,-0.02094486136780734,0.09297538313343583,0.05801657557825159,0.06168119768115066,211,-0.08262605904895799,0.03129418545228517,-0.11392024450124316
2002-11-29,0.02670496542132256,0.33463451076630024,0.7526427775564731,0.04050362652527522,-0.07513119649043284,-0.05728193358786964,-0.05656957443720856,211,0.09707320096248379,-0.018561622053224286,0.11563482301570807
2002-12-31,0.0074895070471720174,0.3352266634234827,0.7604299099005278,-0.03450157329332558,-0.029419396188851542,-0.026181847713364095,-0.024594806435407013,213,-0.009906766857918567,-0.00482458975344453,-0.005082177104474037
2003-01-31,0.009932291926105077,0.22227275893008486,0.7657389121206954,0.04969969043252665,-0.01660569410181106,-0.016155778040403055,-0.013478993112148063,213,0.06317868354467471,-0.003126700989662997,0.06630538453433771
2003-02-28,0.01070281825916444,0.22801179635172475,0.8183715495313133,-0.006195732831047719,0.009539278164184406,0.009631136107503064,0.0021398553715250568,213,-0.008335588202572776,0.007399422792659349,-0.015735010995232127
2003-03-31,0.010551813004170126,0.27320441284440583,0.8984825448179927,0.07167690627973822,0.08840141305427682,0.08441631036654675,0.0846118786737422,213,-0.012934972394003985,0.003789534380534615,-0.0167245067745386
2003-04-30,0.012122452394476606,0.283856588892887,0.8569211792026136,0.12723224181317952,0.04815342055306402,0.046725596965550134,0.054836036150880396,213,0.07239620566229912,-0.006682615597816376,0.0790788212601155
2003-05-30,0.025040512223757742,0.21105939751504377,0.704911742877399,0.01655300911193539,0.021505170760812826,0.019841695008325545,0.01065117225430634,213,0.005901836857629048,0.010853998506506486,-0.004952161648877438
2003-06-30,0.04843583172350913,0.19642579982134156,0.46769339081433475,0.02069035392744945,0.013273588410449181,0.01914959586066119,0.01802773976695793,213,0.00266261416049152,-0.004754151356508748,0.007416765517000268
2003-07-31,0.16700344509917509,0.2453234771838431,0.21646122229588435,0.0046692475038486,0.014109456179859701,0.012116461007713103,0.020625574474455233,214,-0.015956326970606633,-0.0065161182945955316,-0.009440208676011102
2003-08-29,0.19387110935052704,0.2656926641994097,0.2613598831483058,-0.0015661477250172064,0.0002555726339414029,-0.005396774853628473,-0.010906129300946477,214,0.00933998157592927,0.01116170193488788,-0.0018217203589586093
2003-09-30,0.3690672841528161,0.27105250266502845,0.09216611613568727,0.08936430031008345,0.048747775552486015,0.0548531365521922,0.053526997310725744,214,0.03583730299935771,-0.004779221758239728,0.04061652475759744
2003-10-31,0.2748672281628384,0.25087973998682495,0.16559416713737463,0.01786909457756516,0.003147878287161273,0.006175451585631287,0.010921160054851109,214,0.006947934522714052,-0.007773281767689836,0.014721216290403887
2003-11-28,0.22444434709072733,0.28468628464434603,0.17136483079148562,0.022416564454280988,0.08488418707904546,0.05447403661742057,0.050312844335383744,215,-0.027896279881102756,0.03457134274366172,-0.06246762262476448
2003-12-31,0.36285735351979337,0.3195878564921204,0.07856920066042551,0.019632195915366416,0.024124966086646556,0.019799126273934122,0.01976973989489994,215,-0.00013754397953352412,0.004355226191746615,-0.0044927701712801395
2004-01-30,0.5309699553474313,0.294871189335698,0.026439689503930126,0.012321374327204171,0.02966029257355202,0.012378940406549343,0.0135708577856275,215,-0.001249483458423328,0.01608943478792452,-0.017338918246347847
2004-02-27,0.5703185148250639,0.3262478293686822,0.010603380056779889,-0.011084036608501954,-0.07372963409778854,-0.015337941752315228,-0.013245736810304942,216,0.0021617002018029883,-0.0604838972874836,0.0626455974892866
2004-03-31,0.5241575212285149,0.27058995825327664,0.03288176276112996,-0.034264486563821056,0.060641560091755906,-0.012404512854957063,-0.01892095839807484,216,-0.015343528165746217,0.07956251848983074,-0.09490604665557696
2004-04-30,0.4195505743776756,0.28853773374985914,0.09423806368756577,0.019165728224219955,0.007449314666051169,0.014206937573514574,0.017123003440162377,217,0.0020427247840575785,-0.009673688774111207,0.011716413558168786
2004-05-28,0.2006351697112913,0.4287608724979592,0.053261632082225806,0.04410151947586931,0.013693098164296147,0.0171134516883573,0.018501692654014246,217,0.025599826821855062,-0.004808594489718099,0.03040842131157316
2004-06-30,0.2421675590609958,0.330408798836678,0.09149380386848252,-0.05565522432756659,-0.004628204458008408,-0.028115702668667183,-0.03221904350928839,217,-0.023436180818278196,0.027590839051279986,-0.05102701986955818
2004-07-30,0.19887824944301896,0.36772941009866794,0.0886104976130137,0.00021796121209372954,0.012233225310082528,0.008648430049345021,0.0024361019926013583,218,-0.0022181407805076285,0.00979712331748117,-0.012015264097988799
2004-08-31,0.1428996322168284,0.43739301979391904,0.1431399446283312,0.052545743993093065,-0.014180320382852843,0.007398941917272311,0.010036809894479859,218,0.042508934098613206,-0.024217130277332702,0.06672606437594591
2004-09-30,0.15678039362529467,0.3660128271182655,0.1980907109150366,0.018180387169741078,0.03655151057780397,0.01272583392664161,0.012884877630301883,219,0.005295509539439195,0.023666632947502084,-0.01837112340806289
2004-10-29,0.15220439074904613,0.2816734783324993,0.27899070856170743,0.07263301819906877,0.005141898845346269,0.037965855630808495,0.04451769229123759,219,0.028115325907831182,-0.039375793445891316,0.0674911193537225
2004-11-30,0.1603796557365976,0.25679706466250035,0.2896532074802426,0.011188959211815529,0.04534613146089966,0.031857251289967595,0.030121013234068572,220,-0.018932054022253043,0.015225118226831084,-0.03415717224908413
2004-12-31,0.12496080137227177,0.33699679135673677,0.251750447882514,-0.03612165639475872,-0.03496881143865448,-0.023411303680721456,-0.02242112012105424,220,-0.013700536273704482,-0.012547691317600244,-0.0011528449561042375
2005-01-31,0.12945756488008636,0.3139413459403616,0.25434416833574763,0.04152495741767504,0.02141857486462012,0.024545646224324133,0.020903424221262012,220,0.02062153319641303,0.0005151506433581088,0.02010638255305492
2005-02-28,0.07958683893889515,0.30795930282317246,0.3351447086768462,-0.0051553472057878766,-0.03467331583772633,-0.021004910058486433,-0.018292465780262113,220,0.013137118574474235,-0.016380850057464216,0.02951796863193845
2005-03-31,0.20023781244469704,0.2816764121564307,0.2522174922716566,-0.03416662278002421,-0.004105608244109271,-0.013755460404092474,-0.018735250472061482,220,-0.01543137230796273,0.014629642227952211,-0.03006101453591494
2005-04-29,0.15963480644876676,0.25013222989792183,0.2926783737854909,0.03272308069292611,0.035250940170648004,0.029274178142371897,0.032224774557283675,220,0.0004983061356424318,0.003026165613364329,-0.002527859477721897
2005-05-31,0.14182984875567686,0.3169878534445249,0.28347467674103055,0.03328071244113695,-0.00687446351309662,-0.002017473542432554,0.0015150598823332473,220,0.0317656525588037,-0.008389523395429867,0.04015517595423357
2005-06-30,0.16574554652279092,0.3222015308657481,0.22566394468443934,0.042563134575695105,0.04199483299083587,0.03687217240866099,0.03826171612026763,220,0.004301418455427475,0.003733116870568237,0.0005683015848592377
2005-07-29,0.1658533483699244,0.32354358664292315,0.270011761924968,0.019350017811865607,-0.023382892449451374,-0.009147719174887204,-0.009374436566882083,221,0.02872445437874769,-0.014008455882569291,0.04273291026131698
2005-08-31,0.2568990254053872,0.30955813540152427,0.19204153946642272,0.03767990288585155,0.00021511961678181936,0.011150507994588678,0.00802527371355466,222,0.029654629172296894,-0.0078101540967728394,0.03746478326906973
2005-09-30,0.18240273645780203,0.29612200145650797,0.2379881977468845,-0.03650924809402441,0.005575888947577083,-0.009851964897959276,-0.023650714114493154,222,-0.012858533979531253,0.029226603062070238,-0.04208513704160149
2005-10-31,0.2409144757679152,0.23767235456361743,0.2824121669932787,0.03697653849222717,0.03591952951249146,0.03918129432663119,0.04395235343754944,222,-0.006975814945322269,-0.008032823925057983,0.0010570089797357143
2005-11-30,0.11947117639891228,0.2700344732185049,0.4329629927015705,0.01196166181609291,-0.007173738283475787,-0.003554170633207099,-0.0019136689157239761,223,0.013875330731816887,-0.005260069367751811,0.019135400099568697
2005-12-30,0.1241401493413277,0.2902173001593121,0.31971020665222943,0.0775835017299079,0.0007725016500588779,0.021885876819309202,0.02401400400178244,223,0.053569497728125456,-0.023241502351723564,0.07681100007984902
2006-01-31,0.14502923936858214,0.30086940600549855,0.21507618454683275,-0.027473180146813457,0.016682969057749124,0.00482739314843194,0.005725624969424192,223,-0.03319880511623765,0.010957344088324932,-0.04415614920456258
2006-02-28,0.13744002901205696,0.2836963300255821,0.2692155625920051,0.027214463291497556,0.021646285115116487,0.010630606739297334,0.016503625059402838,224,0.010710838232094719,0.005142660055713649,0.0055681781763810695
2006-03-31,0.19421355027995812,0.3120071645428596,0.20087714980907967,0.010374743382054418,0.007615817258764956,0.015266567353572423,0.012632002788464325,224,-0.0022572594064099068,-0.005016185529699369,0.002758926123289462
2006-04-28,0.2336980303363036,0.29150442382197783,0.15968465112597496,-0.054280843662116544,-0.01651667264861743,-0.02952997449061876,-0.030120861664131526,227,-0.024159981997985018,0.013604189015514096,-0.03776417101349912
2006-05-31,0.1664191027254983,0.28503156822190123,0.2618596730656805,0.007893774258865291,-0.00350708721916538,0.003197818859799788,0.0026085444120325096,227,0.005285229846832782,-0.00611563163119789,0.011400861478030672
2006-06-30,0.14607163456618133,0.33123480734350474,0.2034078750649614,-0.032064447557263086,0.02065745031789751,0.012087683017297023,0.004477945849840292,227,-0.03654239340710338,0.01617950446805722,-0.0527218978751606
2006-07-31,0.10213226615010386,0.2842868554960141,0.3089318497675712,-0.01000971936536522,0.04539842699276511,0.025606508430331503,0.021822355402370652,227,-0.03183207476773587,0.02357607159039446,-0.05540814635813033
2006-08-31,0.12264807908578347,0.29721294084926925,0.27582547299243965,0.03956069229370859,0.039953405769261575,0.02774233371138252,0.02700193903086312,228,0.012558753262845467,0.012951466738398455,-0.00039271347555298874
2006-09-29,0.09370900952489326,0.37261385796894003,0.1698492634150321,0.038584947365035975,0.04357422005453902,0.030518944824599405,0.03151653607806071,229,0.007068411286975267,0.012057683976478314,-0.004989272689503048
2006-10-31,0.18214559776621175,0.3617355447825524,0.12362207137043002,0.018038253751518765,0.023643745707097583,0.016392886671308744,0.01988538641700388,229,-0.0018471326654851163,0.003758359290093702,-0.005605491955578818
2006-11-30,0.1376250554568909,0.4113087239775721,0.133714130946418,0.005626304042453181,0.000468003011676445,0.012850205455114625,0.013371168580613935,232,-0.0077448645381607535,-0.01290316556893749,0.005158301030776736
2006-12-29,0.19165944257463347,0.3402213556852668,0.14476312177204922,0.025767150579511573,0.026894815246191764,0.017462202883860106,0.015040407630028119,232,0.010726742949483455,0.011854407616163645,-0.0011276646666801907
2007-01-31,0.13873305595640384,0.37143556545447176,0.14778793196935525,-0.03488224809928177,-0.01582978093490496,-0.024207764878728624,-0.019617633221732933,231,-0.015264614877548835,0.0037878522868279724,-0.019052467164376807
2007-02-28,0.11410011575156682,0.420818801479906,0.1432970457952852,0.03096942244382557,0.0031817169308608205,0.01325541556212527,0.011589479902786248,231,0.01937994254103932,-0.008407762971925428,0.02778770551296475
2007-03-30,0.09090865210494661,0.39193587739815355,0.13183440483686434,0.02883490244553975,0.041040698118933634,0.042526577906292246,0.04429551711152713,233,-0.015460614665987377,-0.003254818992593493,-0.012205795673393884
2007-04-30,0.11917486544941232,0.42106159522063885,0.12637704941922676,0.038702163691961534,0.027689165712563312,0.03299253267862272,0.03391992125449228,235,0.004782242437469254,-0.006230755541928968,0.011012997979398222
2007-05-31,0.3461804996066777,0.3036897300369222,0.060419863719981676,-0.01819261466517391,-0.01372274175489507,-0.015655693097351497,-0.014621061959640858,235,-0.003571552705533051,0.0008983202047457874,-0.004469872910278838
2007-06-29,0.3716032698297262,0.28546769904764,0.04590200497910651,-0.014675519326872954,-0.03124983911068767,-0.026474287341843847,-0.031309969942567184,235,0.01663445061569423,6.013083187951518e-05,0.016574319783814715
2007-07-31,0.2961266275919438,0.2751651114786171,0.07185768403215596,0.025078364217511258,0.023296772137572117,0.0194276127681443,0.012832935224763364,236,0.012245428992747893,0.010463836912808753,0.0017815920799391406
2007-08-31,0.244877224669174,0.1334422592020646,0.1829285355056765,0.054019347864915204,0.012897332067504479,0.04127642394273436,0.03871414882658675,236,0.015305199038328457,-0.02581681675908227,0.041122015797410726
2007-09-28,0.15791857271197007,0.16333620068124727,0.21450007792781398,0.023895624192005988,-0.0099142916449445,0.021008868929489503,0.013566390008614482,237,0.010329234183391506,-0.02348068165355898,0.03380991583695049
2007-10-31,0.21881924613341902,0.17022095760540407,0.1544361793162502,-0.041938328505556934,-0.0474744113457548,-0.03515071538679491,-0.03873268561888388,239,-0.003205642886673056,-0.008741725726870923,0.005536082840197867
2007-11-30,0.26021442355605123,0.14264211702667248,0.20022497072805207,0.027805680563295302,-0.0597381229864195,-0.005863463195775754,-0.011260538056090397,240,0.039066218619385695,-0.0484775849303291,0.0875438035497148
2007-12-31,0.18182112404406725,0.16900694606177705,0.23143359892226886,-0.14470237294877739,0.011984262287735296,-0.057523223966792304,-0.06046096834903936,240,-0.08424140459973803,0.07244523063677466,-0.1566866352365127
2008-01-31,0.17779221807122428,0.14144504709515687,0.28441405468407355,-0.01236718594459612,-0.07118951451498119,-0.038836534294012015,-0.025842344346189816,240,0.013475158401593697,-0.045347170168791376,0.05882232857038507
2008-02-29,0.04559833459971105,0.17060062834737702,0.35449683311613134,0.035486952080339806,-0.015001270069051931,0.005027309810145926,-0.00894220892564701,240,0.04442916100598682,-0.006059061143404921,0.050488222149391734
2008-03-31,0.05747313102339544,0.15056349169424948,0.44162173294608664,0.126279698342772,0.03210464830401344,0.04945356039797447,0.04766197098255698,240,0.07861772736021502,-0.01555732267854354,0.09417505003875856
2008-04-30,0.056724397288338724,0.15095981753992382,0.4577080476378084,0.045145992978634246,-0.011636992978413092,0.003101656409455548,0.015116404428735741,240,0.030029588549898505,-0.026753397407148834,0.05678298595704734
2008-05-30,0.06541381101509501,0.15475601409105844,0.4934154161048417,-0.02356622878088282,-0.12575692416201084,-0.08899222056041627,-0.08357575473813306,240,0.06000952595725024,-0.042181169423877785,0.10219069538112802
2008-06-30,0.08193486282859086,0.16638189829305305,0.4328219594761022,-0.08550014592212475,0.040862537179664184,0.005027949136211625,-0.008985659862485229,241,-0.07651448605963952,0.04984819704214941,-0.12636268310178894
2008-07-31,0.04309504323785483,0.17648046975333576,0.5889470840349299,-0.003729327862569037,0.024707587092497738,0.016099517047855533,0.015453375982606987,243,-0.019182703845176025,0.009254211109890751,-0.028436914955066776
2008-08-29,0.07882073577052381,0.1407501826190417,0.597082448072812,-0.10246427064486134,-0.05461991419039584,-0.06601957343733231,-0.09417369011733534,245,-0.008290580527526,0.039553775926939504,-0.047844356454465505
2008-09-30,0.043267197267280406,0.3319077040604871,0.7361987120102222,-0.08461293641270942,-0.1688482858510073,-0.1560185062000749,-0.16518612744746008,248,0.08057319103475066,-0.003662158403547222,0.08423534943829789
2008-10-31,0.030764673357345087,0.48906050462207357,0.7496895640755292,0.0012541411208175646,-0.0697902227177149,-0.07198072771817622,-0.06960662313873778,250,0.07086076425955534,-0.00018359957897712276,0.07104436383853246
2008-11-28,0.0,0.48940652384266253,0.9100632441417804,,0.009691961960364546,0.009333965713737602,0.009796148726303633,252,,-0.00010418676593908736,
2008-12-31,0.0,0.38528520117730897,0.9513942309335721,,-0.09275831826946332,-0.09453904324721664,-0.08211455005761015,254,,-0.010643768211853172,
2009-01-30,0.0,0.3655340051002761,0.9110684344670137,,-0.11243900175177464,-0.1066912028986059,-0.10744893686080881,256,,-0.004990064890965831,
2009-02-27,0.0,0.36813914872878656,0.9283536981488965,,0.09238116618088457,0.08847425100354216,0.08331075858254211,256,,0.009070407598342461,
2009-03-31,0.0,0.4713448145245128,0.9864024434821934,,0.09374795184333978,0.09233656900901858,0.09934636415470188,260,,-0.0055984123113621,
2009-04-30,0.0013022403427062168,0.3822051476171771,0.9779913808760892,-0.08558209955766105,0.05357030795967742,0.05349822266618873,0.058453418939967694,260,-0.14403551849762875,-0.004883110980290276,-0.13915240751733848
2009-05-29,0.0007452560763985405,0.3393744066637608,0.9855659160373977,0.05631097221325265,0.00368847369971619,0.004287571647633658,-0.0006549514260298928,261,0.056965923639282545,0.004343425125746083,0.05262249851353646
2009-06-30,0.0007856555520195797,0.2106267457805447,0.8823395516749453,0.06775206586888505,0.07581412457143114,0.07526551954699992,0.07460576111245154,261,-0.006853695243566493,0.0012083634589795944,-0.008062058702546088
2009-07-31,0.0007801817208756255,0.25581075517938345,0.9348751312327612,-0.05853424831879306,0.03621589170882931,0.034072143523031125,0.036939812136812966,263,-0.09547406045560602,-0.0007239204279836584,-0.09475014002762236
2009-08-31,0.004814731588009123,0.2409269406895105,0.8897088487081759,-0.02350285092030914,0.03339378567714285,0.03191563967543686,0.03545705593099213,263,-0.05895990685130127,-0.002063270253849281,-0.05689663659745199
2009-09-30,0.04609118326581892,0.18206885601321782,0.6914158895787244,-0.026429273996140333,-0.015359808392253932,-0.012198045201941442,-0.01922513210392829,263,-0.0072041418922120445,0.003865323711674357,-0.011069465603886402
2009-10-30,0.18538530524530542,0.13106558150191755,0.3364221911971266,0.07197395947920994,0.06787445198398076,0.06414209502743572,0.06160667230923811,264,0.010367287169971831,0.006267779674742652,0.004099507495229179
2009-11-30,0.37331410587700886,0.12639014095013562,0.2473229654145272,0.035729957796763266,-0.02255883370273502,0.014796139877336538,0.019100896142333124,265,0.016629061654430143,-0.04165972984506815,0.05828879149949828
2009-12-31,0.44772709043762515,0.16334060218387794,0.1525176841316408,-0.06063743125033765,-0.0028508660029680118,-0.03661663435281337,-0.03634259365697412,268,-0.02429483759336353,0.03349172765400611,-0.05778656524736964
2010-01-29,0.5713715961430799,0.16866552649011538,0.07473436672560294,0.03776708875283352,0.012874704292886402,0.026442128984304352,0.0311948857507649,269,0.006572203002068622,-0.018320181457878497,0.02489238445994712
2010-02-26,0.7021971135013172,0.17512276898253742,0.04368680525306682,0.07130870898387816,0.03197537523201794,0.06125375307738756,0.0608797072208096,267,0.01042900176306856,-0.028904331988791658,0.03933333375186022
2010-03-31,0.6876599969247805,0.1846213655700713,0.052864097426449666,0.01949888732142247,0.011815190924709267,0.014694662952121781,0.015470361536883859,270,0.004028525784538613,-0.0036551706121745915,0.007683696396713204
2010-04-30,0.6711484780285172,0.20308625966372693,0.016287277356977086,-0.08485589882705867,-0.08161508544070716,-0.08035578690478737,-0.07945474559565013,272,-0.005401153231408537,-0.0021603398450570216,-0.0032408133863515154
2010-05-28,0.5463493598867128,0.15908508389184883,0.03159203250149995,-0.060818807308791877,-0.047477849201223575,-0.04982483106273689,-0.05174097875550987,272,-0.009077828553282007,0.004263129554286295,-0.013340958107568301
2010-06-30,0.29257184070467945,0.15774454259451537,0.12620129897831642,0.07785838078581776,0.07599215404425458,0.06934254774786737,0.06830014581507204,272,0.009558234970745719,0.007692008229182534,0.0018662267415631845
2010-07-30,0.11337237552478899,0.12794295677109513,0.32495147212995684,-0.05696719741187726,-0.03764863938095599,-0.045096876382234724,-0.04498028793243036,272,-0.011986909479446896,0.007331648551474376,-0.019318558030921272
2010-08-31,0.17837540266601937,0.17881758109044524,0.21146651819729545,0.11404920126119257,0.07388560723494583,0.08745989269837603,0.08955491370516078,272,0.024494287556031794,-0.015669306470214944,0.04016359402624674
2010-09-30,0.09728610290896389,0.16910429817194275,0.40138690917280767,0.0496704262742224,0.04338022803119706,0.03841572470470223,0.03820184095060708,272,0.011468585323615318,0.005178387080589979,0.00629019824302534
2010-10-29,0.1513557823808593,0.2040680718297595,0.27511692965366674,0.01662530959054233,-0.01318545286073021,-0.004565380790904865,0.0,272,0.01662530959054233,-0.01318545286073021,0.02981076245127254
2010-11-30,0.16079280408774133,0.20779929295663221,0.25858384285960334,0.06124368400038129,0.08650281046278749,0.06671979371847035,0.06685243419530074,272,-0.005608750194919444,0.019650376267486752,-0.025259126462406196
2010-12-31,0.15212944781983856,0.2989776412835949,0.23964336910165077,0.010523965368372353,0.03142608690159793,0.02470026598225535,0.023300254156398026,274,-0.012776288788025673,0.008125832745199901,-0.020902121533225574
2011-01-31,0.26414403778797263,0.2335714181706928,0.13339721135944282,0.035272780210640446,0.006224396541713454,0.026821527643768994,0.0347374164903238,274,0.0005353637203166436,-0.02851301994861035,0.029048383668926994
2011-02-28,0.29663490416588,0.25952060544630035,0.10876385540328633,0.004630771833651865,-0.015924393129828702,-0.0005290664931160332,0.00011994769404899408,274,0.004510824139602871,-0.016044340823877696,0.020555164963480567
2011-03-31,0.2115032583659508,0.22124633790709927,0.22566564027405597,0.015913724165652145,0.037396392461451475,0.0295189015254794,0.02896151642799505,274,-0.013047792262342903,0.008434876033456426,-0.02148266829579933
2011-04-29,0.21754825039701425,0.225103618152502,0.21528578498679435,-0.016995046114158155,-0.00429166245411473,-0.012784283794590217,-0.01121469180594803,276,-0.0057803543082101255,0.006923029351833299,-0.012703383660043425
2011-05-31,0.5258375541736172,0.24609367522921166,0.042738764924027006,-0.013729898293704823,-0.046213260450153504,-0.016330887608551628,-0.016869469293252615,276,0.0031395709995477913,-0.02934379115690089,0.03248336215644868
2011-06-30,0.5225284624609856,0.23013368986910057,0.05029420278913164,-0.01493182083016172,-0.03486825622628318,-0.01714188793429879,-0.02000481872908544,276,0.005072997898923718,-0.014863437497197741,0.019936435396121457
2011-07-29,0.3515937375090499,0.2085498515131232,0.07047715239388185,-0.05910530888102335,-0.09704510396078007,-0.05055252842729774,-0.0549755977819637,278,-0.004129711099059644,-0.04206950617881637,0.03793979507975673
2011-08-31,0.2979596047388124,0.17578852741326328,0.12554020111902808,-0.06381290622424965,-0.09578475059643667,-0.06239968548506502,-0.06942069720615152,278,0.005607790981901867,-0.02636405339028515,0.03197184437218702
2011-09-30,0.09696798414296841,0.1647897044972589,0.19568294852515855,0.08357475843513842,0.14322678974820216,0.10269152208883632,0.10914698916028365,279,-0.025572230725145223,0.03407980058791851,-0.059652031313063736
2011-10-31,0.03553352699080756,0.15378514485859462,0.4818798454204207,-0.009380352559252243,-0.01253825767806089,-0.0016019211780313927,-0.004063566472075619,280,-0.005316786087176624,-0.00847469120598527,0.003157905118808646
2011-11-30,0.0652975922072936,0.16775095329993828,0.2484063136132384,0.01646732718895384,-0.005384253456120152,0.015299128807071192,0.010448256519519417,280,0.0060190706694344225,-0.01583250997563957,0.02185158064507399
2011-12-30,0.07879252631138847,0.18843033602603382,0.3182984388227864,0.015009500605960381,0.09697906023960699,0.04390008064578825,0.04637473026751304,281,-0.03136522966155266,0.05060432997209395,-0.0819695596336466
2012-01-31,0.07530488654161416,0.19049358268845598,0.37057986828767875,0.059693653809834324,0.04633711011838232,0.04318834274562454,0.04340529992292819,281,0.016288353886906137,0.002931810195454132,0.013356543691452005
2012-02-29,0.056556251822818995,0.25280659850349185,0.32637312560910664,0.03504710685351585,0.03586000967317833,0.036563590661909964,0.03216349542741037,281,0.0028836114261054785,0.0036965142457679595,-0.000812902819662481
2012-03-30,0.17102199826333292,0.2845411747569639,0.26345529750089347,0.003590611517148328,-0.020645769232037824,-0.004902870425916176,-0.0066752757941793694,282,0.010265887311327698,-0.013970493437858455,0.024236380749186152
2012-04-30,0.10658451273833872,0.2850597737190313,0.2668899483768147,-0.034067494913813855,-0.08999901790712805,-0.05543291020108447,-0.06005585045812112,282,0.025988355544307264,-0.029943167449006935,0.0559315229933142
2012-05-31,0.18349106538739207,0.2530532529221096,0.21248254704814845,0.021785748188464342,0.03581499028019414,0.04172593637512991,0.04058095442726084,283,-0.0187952062387965,-0.004765964147066704,-0.014029242091729795
2012-06-29,0.1067926922185428,0.23358459876226229,0.37775189133036025,0.022457100463773683,0.002981749409612245,0.01493035739989064,0.011829431505219867,286,0.010627668958553816,-0.008847682095607622,0.019475351054161438
2012-07-31,0.18621326280281258,0.26457064029040994,0.22099649104882063,0.029739567448544467,0.048303475064250305,0.02107469320959808,0.02505284057476387,287,0.004686726873780599,0.023250634489486437,-0.018563907615705838
2012-08-31,0.33510618225359196,0.2805849886177253,0.11260418611305453,0.025284432157408117,0.052201273544576925,0.02540826242146699,0.025350770625710783,287,-6.63384683026666e-05,0.02685050291886614,-0.026916841387168808
2012-09-28,0.4010113231627988,0.26999389491093506,0.032646736627497286,-0.03130801911213385,-0.012292964380197394,-0.018132585161939815,-0.018198099595694295,288,-0.013109919516439555,0.0059051352154969,-0.019015054731936456
2012-10-31,0.26378428896390027,0.27774083061569094,0.14228093803046377,0.004391513946104925,-0.011430336866741202,0.004218935209649259,0.005659577242020486,290,-0.001268063295915561,-0.01708991410876169,0.01582185081284613
2012-11-30,0.3579128168326532,0.28518040480113527,0.08266637572096419,0.0037743638687904087,0.029526564782026834,0.006400106024039509,0.00893432913279768,290,-0.005159965264007272,0.020592235649229153,-0.025752200913236427
2012-12-31,0.22525063845389715,0.38863162659987227,0.0926416867214776,0.021255782581642325,0.0686020918994408,0.050536265305818014,0.05119035808295913,293,-0.029934575501316806,0.017411733816481673,-0.04734630931779848
2013-01-31,0.12282125067195437,0.39917478709780013,0.12745117891334198,0.0072142382635468705,0.0023226131609600004,0.013053845078942894,0.012758923883610995,293,-0.005544685620064125,-0.010436310722650995,0.00489162510258687
2013-02-28,0.1504512561326665,0.3762945258278153,0.13188529769425858,0.05101379494717029,0.030565527973100762,0.03443457595021968,0.037971341688460836,293,0.013042453258709452,-0.007405813715360074,0.020448266974069526
2013-03-28,0.08663996465670863,0.3918601204158888,0.19266496279155837,0.013693746640311163,0.02225003185178753,0.021602286689631628,0.0192123196792906,293,-0.005518573038979438,0.003037712172496928,-0.008556285211476366
2013-04-30,0.20294590543194285,0.3201552316395536,0.14570858697446487,0.02664849242548255,0.03953081741089726,0.023562403398457426,0.023609466748562458,294,0.0030390256769200936,0.0159213506623348,-0.012882324985414705
2013-05-31,0.3401147815443514,0.3050955254423137,0.07460865754943707,-0.015642162814681327,-0.06099198155688283,-0.014718709692109073,-0.013344372690707318,294,-0.002297790123974009,-0.047647608866175514,0.04534981874220151
2013-06-28,0.4732609863931042,0.24146812393440795,0.05743995233369861,0.06115495200206619,0.07155827009012168,0.04945876226272519,0.051676735789599304,295,0.009478216212466889,0.019881534300522377,-0.010403318088055488
2013-07-31,0.3074693817539257,0.2724844170052653,0.13022456614981914,-0.03929208269436551,-0.0033418671014297874,-0.029836042426387512,-0.029992235667559042,295,-0.009299847026806467,0.026650368566129255,-0.03595021559293572
2013-08-30,0.44378197928350155,0.32483164139898696,0.06516503692669066,0.041741233850132425,-0.0006455793364711382,0.03012503801477027,0.03164670500589284,295,0.010094528844239586,-0.032292284342363975,0.04238681318660356
2013-09-30,0.2756959786358165,0.31637501330929274,0.15650462103969703,0.039595614502719284,0.04556990159640902,0.04841760226678683,0.04630650807573389,296,-0.0067108935730146035,-0.0007366064793248653,-0.005974287093689738
2013-10-31,0.39717502805803384,0.2924396999503182,0.10363274123697629,0.0374451242266341,0.03810252243832904,0.033435656230311216,0.02963760387820602,296,0.007807520348428076,0.00846491856012302,-0.0006573982116949428
2013-11-29,0.5124859712862119,0.28286046138530535,0.07094133071012176,0.02477391324166165,0.02345101190276315,0.024600269223654995,0.025926868669452485,296,-0.0011529554277908347,-0.0024758567666893355,0.0013229013388985009
2013-12-31,0.5480032358013451,0.30268500522852754,0.04022939570544069,-0.027317821298576805,-0.015609941313924446,-0.034109246888981676,-0.03524862485045277,295,0.007930803551875965,0.019638683536528326,-0.011707879984652359
2014-01-31,0.4149413499127296,0.2894375434566552,0.05531148821968683,0.04477389676373148,0.04991437203732412,0.04106434805844695,0.045516139068014105,297,-0.000742242304282624,0.004398232969310016,-0.00514047527359264
2014-02-28,0.32193803162933926,0.27081936048159594,0.07037331434718808,-0.009388677506517569,0.030435966568889444,0.011524101778524252,0.008295217178468706,299,-0.017683894684986275,0.02214074939042074,-0.03982464407540701
2014-03-31,0.34095498209953284,0.2873547324772338,0.10001787983937234,-0.016814004054025125,0.03516900195055168,0.0067711118753033496,0.006951619506510243,299,-0.023765623560535368,0.028217382444041435,-0.0519830060045768
2014-04-30,0.33071947217354175,0.2745713937197559,0.10913423103960741,0.03827981539450118,0.006796402331920463,0.02285048940269615,0.023206548040203723,301,0.015073267354297454,-0.01641014570828326,0.03148341306258071
2014-05-30,0.15755058080916173,0.48112994891841804,0.0928893431216624,0.02535299177115851,0.004044462936229221,0.01830326245471257,0.02064456158842498,302,0.004708430182733529,-0.01660009865219576,0.02130852883492929
2014-06-30,0.27734361890470155,0.4371378105480613,0.044478080269330686,-0.007356575890602312,0.029484376319533833,-0.012887972543163392,-0.013437277824051685,303,0.006080701933449373,0.04292165414358552,-0.03684095221013615
2014-07-31,0.2925799374799364,0.39603100031034544,0.07096944293878041,0.04280018000677987,0.04081818228208485,0.03990976770321827,0.03946339250134212,304,0.003336787505437748,0.0013547897807427295,0.0019819977246950185
2014-08-29,0.28832666115748223,0.47454233753157204,0.019046071673846823,-0.010301487741465127,-0.020227844003076142,-0.01049755553316172,-0.013796767518595154,305,0.0034952797771300274,-0.006431076484480987,0.009926356261611015
2014-09-30,0.29163596327931,0.41328439127592226,0.019276415968499154,0.012778294390646957,-0.013539524780303853,0.022896872405036708,0.023551166382183242,306,-0.010772871991536285,-0.037090691162487095,0.02631781917095081
2014-10-31,0.1764746171810994,0.32482845389539206,0.1155072549805695,0.04074375145770188,0.0430078009649495,0.026003706788422315,0.027471879583721437,306,0.013271871873980441,0.015535921381228064,-0.002264049507247623
2014-11-28,0.13947539992814084,0.3593846613823048,0.17565947959601913,-0.028778922599948457,-0.005109712100207498,-0.004496154819767673,-0.0025360198122110766,306,-0.02624290278773738,-0.0025736922879964217,-0.02366921049974096
2014-12-31,0.1989140068745208,0.298201463840656,0.2124725466521858,-0.006753301531187036,-0.026936384925793685,-0.027704910464890712,-0.02962971639039702,307,0.022876414859209986,0.002693331464603335,0.02018308339460665
2015-01-30,0.2913799416499543,0.2617294806606929,0.11291006629496675,0.05870997037323393,0.07000886295697788,0.05825132931850909,0.0562050019878928,308,0.0025049683853411303,0.013803860969085077,-0.011298892583743947
2015-02-27,0.1559343280766452,0.24726894364893787,0.28047686651691794,-0.013895894262097893,-0.02043235537917118,-0.01746953344298214,-0.015705544274525196,308,0.0018096500124273034,-0.004726811104645984,0.006536461117073287
2015-03-31,0.24482567544646555,0.30319756018000504,0.1279258024887896,-0.012574665101303069,0.04894139796968905,0.010452246840064442,0.009833544672005923,311,-0.02240820977330899,0.039107853297683126,-0.06151606307099212
2015-04-30,0.2121830553135342,0.3279638069572795,0.18480335433039796,0.04084537268177652,-0.013273968729314748,0.014558826935553257,0.012856303047417583,312,0.02798906963435894,-0.02613027177673233,0.054119341411091273
2015-05-29,0.19328873748840902,0.33118332173824006,0.1886348904527625,-0.0073692956007488115,-0.028217577661663273,-0.019581479965869137,-0.020312252097801076,312,0.012942956497052264,-0.007905325563862198,0.020848282060914464
2015-06-30,0.21282138738929393,0.3289723361226124,0.22556641967160956,0.038466025728793055,0.021884756026813997,0.025941912388467114,0.0225889651850677,312,0.015877060543725355,-0.0007042091582537026,0.016581269701979057
2015-07-31,0.20199939755208796,0.313850331205987,0.20118416782847826,-0.059571141177566275,-0.04007157488431958,-0.05868035670888262,-0.06095012293030133,313,0.0013789817527350562,0.02087854804598175,-0.019499566293246694
2015-08-31,0.15944786286456641,0.19205995502935183,0.2522178246776401,-0.011987217407672262,-0.034960619237046284,-0.02110155721699275,-0.025515698759137506,313,0.013528481351465244,-0.009444920477908778,0.022973401829374022
2015-09-30,0.09787261463768732,0.15132201693229158,0.38565898993848496,0.08338597649917337,0.08801760739482649,0.0862502203638834,0.08505993061798223,315,-0.001673954118808857,0.002957676776844262,-0.004631630895653119
2015-10-30,0.07079195401807675,0.14934925859634912,0.45490224646913147,0.027104959916599218,0.001735604921455927,0.006806669111407064,0.003654928153190795,316,0.023450031763408423,-0.0019193232317348682,0.02536935499514329
2015-11-30,0.1303834585858405,0.23348067461063654,0.3486278830669485,0.010717460810266253,-0.025372217037744005,-0.014364794248476618,-0.017282665478828174,318,0.02800012628909443,-0.00808955155891583,0.03608967784801026
2015-12-31,0.14912740481814118,0.28509143386618224,0.29475087747722756,-0.05337454529114824,-0.03783987957345311,-0.04929198510124052,-0.049786183737717815,319,-0.0035883615534304247,0.011946304164264704,-0.015534665717695129
2016-01-29,0.18901407196460418,0.15826729740966633,0.3184998405720594,-0.04297963321193315,0.01987956594516688,-0.0035126112144267282,-0.000826289222395582,320,-0.042153343989537566,0.020705855167562463,-0.06285919915710003
2016-02-29,0.08933408613562258,0.14295935079965788,0.6088724916774959,0.0708160349187291,0.07182524243314271,0.0682494642615385,0.06726608896076014,322,0.003549945957968967,0.004559153472382574,-0.001009207514413607
2016-03-31,0.11733765926104786,0.16782224179766275,0.4808899836124688,-0.05050873377161075,0.016835158642344396,0.0014253727833110205,0.003941272207149238,325,-0.054450005978759985,0.012893886435195158,-0.06734389241395514
2016-04-29,0.11578206795814758,0.2511156997783178,0.4057199464525836,0.05653300889363338,0.018809330943549453,0.02077670938313157,0.017011477318628065,327,0.03952153157500531,0.0017978536249213875,0.037723677950083925
2016-05-31,0.03799904667779514,0.36596946620179865,0.3907933034623472,0.008776217468213814,-0.02506327519541973,0.0012967296279478458,0.003475951998537008,329,0.005300265469676806,-0.028539227193956736,0.03383949266363354
2016-06-30,0.13531171515790374,0.3006362484926536,0.30326678845527016,0.06399656845306856,0.05648900029479883,0.04122918939830759,0.036470984993231204,330,0.027525583459837355,0.020018015301567625,0.00750756815826973
2016-07-29,0.059342017950145515,0.357034597548407,0.33886488774983003,-0.0159357207256483,0.024906272433929233,0.001529160336924362,0.001197792495393868,334,-0.017133513221042167,0.023708479938535365,-0.04084199315957753
2016-08-31,0.2628308885320524,0.3240997917990329,0.18092639867782306,0.0016228709801954565,-0.0023745047439508483,0.0008970048499519029,5.807490208442623e-05,334,0.0015647960781110303,-0.0024325796460352746,0.003997375724146305
2016-09-30,0.20612516699383884,0.3429657458791546,0.15345648141761598,-0.02757786590603305,-0.008247772760446472,-0.016913766731791607,-0.01733711885912148,337,-0.01024074704691157,0.009089346098675009,-0.019330093145586577
2016-10-31,0.06784634093856495,0.44495356155996885,0.2273119119191876,0.0075824593052910595,0.07671435848111934,0.03496524323714724,0.03683812909695372,338,-0.02925566979166266,0.039876229384165615,-0.06913189917582828
2016-11-30,0.03334242811671123,0.3092647166386289,0.334758450102462,0.01028516177638663,0.02427173992339243,0.023046920427510734,0.020272167339611125,338,-0.009987005563224495,0.003999572583781304,-0.0139865781470058
2016-12-30,0.10754448077369119,0.39267165475628835,0.20908709165355566,0.029747451661076053,0.028890874700268736,0.018915256288057083,0.01789442617541992,338,0.011853025485656133,0.010996448524848816,0.0008565769608073169
2017-01-31,0.28943151327308925,0.35719947829714976,0.08505455780199832,0.038378293595974736,0.0529372619302032,0.040499618123309274,0.03929175675726304,339,-0.0009134631612883054,0.013645505172940157,-0.014558968334228463
2017-02-28,0.3242792269507063,0.37427498636618994,0.0666090935615259,-0.0012849491034316672,-0.009804005243092885,0.00229655786157908,0.0012497907062534175,341,-0.002534739809685085,-0.011053795949346303,0.008519056139661219
2017-03-31,0.220468117145782,0.4275343215182586,0.09513122124436024,0.010925990997196445,-0.004479473391368977,0.012933225804216495,0.009925977174888967,346,0.0010000138223074783,-0.014405450566257944,0.015405464388565422
2017-04-28,0.2347343086789518,0.4060067001484273,0.1089501260854866,0.035490932366592745,-0.014623429789861751,0.020378626508984785,0.014113283789346065,347,0.02137764857724668,-0.028736713579207818,0.0501143621564545
2017-05-31,0.26648986355088883,0.39874920380635426,0.09832336223914638,-0.000316131071425984,0.001915401016127492,0.0022253463640459228,0.006374802586663897,347,-0.006690933658089881,-0.004459401570536405,-0.0022315320875534762
2017-06-30,0.380525874225109,0.30205994912785405,0.13052603953854086,0.031530883353171425,0.014374892795244945,0.019530260263427548,0.02055429867382297,349,0.010976584679348457,-0.0061794058785780235,0.01715599055792648
2017-07-31,0.23859772173621488,0.3402459310399564,0.1765345658747404,0.019084896575997226,-0.016113802351843974,0.00519280254613271,0.0029174152179023416,354,0.016167481358094885,-0.019031217569746316,0.0351986989278412
2017-08-31,0.2530925406932816,0.37808741759527303,0.1589449803943761,0.018547970655891373,0.02795089698554221,0.020313152216485542,0.02014951345759064,355,-0.001601542801699267,0.00780138352795157,-0.009402926329650837
2017-09-29,0.2811866869118994,0.34553854936247513,0.1534181139756976,0.06356177559575836,-0.0182100504592999,0.030953474895634672,0.023564159150457176,356,0.039997616445301185,-0.04177420960975707,0.08177182605505826
2017-10-31,0.35716822943987897,0.35809300417737766,0.06918422996001382,0.0334014412904462,0.042807797149430206,0.03162131379505129,0.030565438130833567,357,0.0028360031596126323,0.01224235901859664,-0.009406355858984007
2017-11-30,0.4202213606641037,0.3042588955411093,0.11294368220373019,0.004459533786062198,0.027152543683477415,0.011031522631794554,0.012128362506840462,357,-0.007668828720778264,0.015024181176636953,-0.02269300989741522
2017-12-29,0.39184158972350186,0.30212563783259905,0.11708871690682687,0.0894955022437809,0.034933287714467354,0.0629361536105714,0.05635915275283776,357,0.03313634949094314,-0.021425865038370406,0.05456221452931355
2018-01-31,0.40074856184917274,0.29574118725709253,0.08474341354929484,-0.013782937935675475,-0.0770764712793742,-0.03689801392991407,-0.03636028516663603,358,0.022577347230960554,-0.04071618611273817,0.06329353334369872
2018-02-28,0.4627056428084641,0.1783666664825091,0.08600068228036216,-0.03451239014657194,-0.003861693507778437,-0.02737891421163361,-0.02741043304163615,358,-0.007101957104935788,0.023548739533857714,-0.030650696638793502
2018-03-29,0.35710310425086894,0.14972883489195288,0.16797315670325805,0.012084626623311327,-0.011488582850330744,0.0016224226179653261,0.005167991204990674,359,0.006916635418320653,-0.016656574055321418,0.02357320947364207
2018-04-30,0.24660258904451457,0.1755740109291517,0.1714821338354552,0.050275431567308675,0.004839038040419065,0.02657965526963053,0.02430907755321865,360,0.025966354014090025,-0.019470039512799586,0.04543639352688961
2018-05-31,0.2946227627150739,0.1781537283150303,0.21278610142764032,-0.0014163349290975096,0.022646485945224844,0.006020709322313354,0.0057507631141782145,361,-0.007167098043275724,0.01689572283104663,-0.024062820874322353
2018-06-29,0.30901964640328167,0.24328275508670186,0.22848500749119402,0.026927385523897743,0.0540681576852684,0.044358095167257604,0.037046399023398235,363,-0.010119013499500493,0.017021758661870168,-0.02714077216137066
2018-07-31,0.2555109288687319,0.28843486356861286,0.22389170102273165,0.06727157693969851,0.0041198715331615,0.03414363946802775,0.031920120814388,363,0.035351456125310515,-0.0278002492812265,0.06315170540653701
2018-08-31,0.3573486660874827,0.30996133636069034,0.13692437986378816,0.004439166036792421,0.011245725483431808,0.006499808969779723,0.0059455122463720755,364,-0.0015063462095796544,0.005300213237059733,-0.006806559446639387
2018-09-28,0.40512926582530584,0.3004443457157864,0.13160945066823207,-0.09299386260375453,-0.047244573507470564,-0.06796170864821836,-0.0691045689310511,364,-0.023889293672703427,0.02185999542358054,-0.045749289096283965
2018-10-31,0.3336012877174549,0.16761197470563124,0.15680837198160727,-0.003388506539936958,0.008920379195087447,0.021781464435342856,0.018549508486769728,365,-0.021938015026706687,-0.009629129291682281,-0.012308885735024405
2018-11-30,0.12363329270188529,0.16490222336166577,0.33611041339226855,-0.08081608988385999,-0.09890218081885901,-0.08689549255482519,-0.0880484618478442,367,0.007232371963984213,-0.010853718971014809,0.018086090934999022
2018-12-31,0.151742630452638,0.1390066535631392,0.32716741896030566,0.08720518854329685,0.0944208947177359,0.07697089548015845,0.08006570146065828,368,0.0071394870826385765,0.014355193257077625,-0.007215706174439049
2019-01-31,0.010977236565247657,0.17377752053785714,0.6125937396892923,0.05863911901530372,0.03218074754406492,0.03352881901299393,0.03241593170266821,367,0.02622318731263551,-0.00023518415860328962,0.0264583714712388
2019-02-28,0.031830686053284735,0.17143683436454865,0.4787254803303875,0.026837643087655405,0.016716720620234615,0.021348130691155102,0.01810053201812556,369,0.008737111069529846,-0.0013838113978909446,0.01012092246742079
2019-03-29,0.12196181396413432,0.35880467091304374,0.18907618399989753,0.01098575648300804,0.05345081916040187,0.038225543369076256,0.04085223722094056,369,-0.029866480737932515,0.012598581939461312,-0.042465062677393826
2019-04-30,0.11983631576273157,0.3962089961371737,0.2028976462777386,-0.03261079511671927,-0.09676644411506928,-0.061398199891691686,-0.06377131497790278,369,0.03116051986118351,-0.0329951291371665,0.06415564899835001
2019-05-31,0.178508811180391,0.317603923999732,0.18909583563650112,0.06625080646227673,0.08182027615604712,0.06637915144165922,0.06958654130347419,369,-0.0033357348411974658,0.012233734852572925,-0.01556946969377039
2019-06-28,0.16349425707401444,0.2833776182315838,0.2967417309475985,0.018881926606810116,0.02310499268153081,0.019172727132906648,0.015119581524510206,372,0.00376234508229991,0.007985411157020603,-0.0042230660747206925
2019-07-31,0.19168069939341767,0.2782885386423084,0.2681382768858914,0.014517198286504579,-0.05404295113084141,-0.014144550020548041,-0.016743451965204992,373,0.03126065025170957,-0.03729949916563642,0.06856014941734599
2019-08-30,0.0807587632532492,0.27970290442101564,0.41324973765539097,-0.011046506126248868,0.02886081680002229,0.019110925874167725,0.01945784515893112,375,-0.03050435128517999,0.00940297164109117,-0.03990732292627116
2019-09-30,0.09762190492086176,0.2518187486387433,0.4460909561571744,-0.012549018103999542,0.04519000453330205,0.022263407020790077,0.02210479348228067,377,-0.03465381158628021,0.023085211051021376,-0.05773902263730159
2019-10-31,0.1983140510759525,0.32743714508411226,0.18839514342509017,0.020751457502211794,0.06083976763869346,0.03574652418212537,0.03619841830746173,379,-0.015446960805249939,0.02464134933123173,-0.04008831013648167
2019-11-29,0.24059975974353665,0.36295011860341014,0.15555195058718468,0.04004395036596216,0.03466823283501401,0.029753188096546094,0.029055201599407443,380,0.010988748766554715,0.0056130312356065665,0.005375717530948149
2019-12-31,0.46398721421792305,0.38025317167982164,0.033776178384596595,0.01593551397621715,-0.07398169850009015,0.006247389074376487,-0.00040366163123717325,385,0.016339175607454324,-0.07357803686885298,0.0899172124763073
2020-01-31,0.36613109965946583,0.3421257587121475,0.07551578603865584,-0.07895211366743733,-0.08277615437981886,-0.08144322655809845,-0.07916579906787546,385,0.00021368540043813222,-0.0036103553119433973,0.0038240407123815295
2020-02-28,0.3372657882996551,0.2388311193144185,0.1035832081816782,-0.09480847023351198,-0.20389855015702113,-0.11699110523241646,-0.12487128939898196,385,0.030062819165469976,-0.07902726075803918,0.10909007992350915
2020-03-31,0.19193535578785406,0.2766282172723684,0.17058517301036008,0.12864011687963567,0.1337164647819642,0.12778951538268227,0.1269835382755724,387,0.0016565786040632635,0.00673292650639179,-0.005076347902328526
2020-04-30,0.02634327802897122,0.2599308346222302,0.5700951421795852,0.1086426274280277,0.050470138904042165,0.04771941736716892,0.04764525391090757,387,0.06099737351712013,0.002824884993134595,0.05817248852398554
2020-05-29,0.2522373601513338,0.2464044827671492,0.24517389226422376,0.08423912680947737,-0.007808392048382115,0.01943242765906211,0.01773435148652447,391,0.0665047753229529,-0.025542743534906584,0.09204751885785949
2020-06-30,0.30308882203991716,0.15154128982641,0.28209729894063457,0.05997031204188898,0.030583435844207398,0.05587373787094851,0.05889209215938496,393,0.0010782198825040265,-0.02830865631517756,0.029386876197681586
2020-07-31,0.31016744328644474,0.1575781093003852,0.2994794126476863,0.11106396412518128,0.045581606231669534,0.07384378369731198,0.06979683333524944,393,0.04126713078993184,-0.024215227103579907,0.06548235789351176
2020-08-31,0.36120295896751226,0.15711423216103226,0.23865658344051185,-0.05781902698291257,-0.02964864853495868,-0.03947909972350681,-0.037443432372964436,393,-0.020375594609948137,0.007794783838005755,-0.028170378447953892
2020-09-30,0.47793643719872647,0.1652626670020637,0.18557602146867053,-0.021174330570082712,-0.005090228547070435,-0.023306787670220416,-0.024933861179219363,394,0.0037595306091366514,0.019843632632148927,-0.016084102023012276
2020-10-30,0.34083136417938903,0.15153931466255544,0.26042403885369536,0.07289082371542041,0.1680640423817673,0.10859383702862019,0.10877710581564459,394,-0.03588628210022418,0.05928693656612272,-0.0951732186663469
2020-11-30,0.2993352674484269,0.13747281788285748,0.31205717980634795,0.047440191217565444,0.04513342101605087,0.03667651972291038,0.037048240612508776,395,0.010391950605056668,0.008085180403542093,0.0023067702015145755
2020-12-31,0.4404417007173407,0.15250168665655373,0.20238885305467655,0.010651644786433528,-0.012491776786134385,-0.008047064676518898,-0.010190465598828857,396,0.020842110385262385,-0.0023013111873055273,0.023143421572567914
2021-01-29,0.3701272150515336,0.15508342019768862,0.20244564552902367,-0.01720953149724576,0.08606498338674345,0.028054390008992368,0.027805486239884658,397,-0.04501501773713042,0.058259497146858796,-0.10327451488398921
2021-02-26,0.5197052348474422,0.1727168816065297,0.1305505891008548,0.017380001829286486,0.06986720067307192,0.040610292385679786,0.04539939052384101,398,-0.028019388694554524,0.024467810149230912,-0.052487198843785436
2021-03-31,0.780738018858105,0.24394642124131213,0.029073251956809345,0.06713077881049975,0.021733142407259366,0.05812588234081068,0.0529102918470199,402,0.014220486963479856,-0.03117714943976053,0.04539763640324039
2021-04-30,0.6598869294553371,0.273973100868248,0.021376493895242942,0.008836121566920959,0.012874795353837579,0.005057239274371735,0.006566149295297308,403,0.002269972271623651,0.006308646058540271,-0.00403867378691662
2021-05-28,0.7131162400405792,0.3609121420281593,0.033410768811718235,0.030650094280435018,0.032401855023183546,0.024951390278066463,0.022427398240887575,404,0.008222696039547443,0.00997445678229597,-0.0017517607427485274
2021-06-30,0.6042512711885085,0.33922380328027135,0.02598133977747885,0.028902849728627972,-0.004445952605393358,0.02842998796146026,0.02441263984269537,404,0.0044902098859326,-0.028858592448088728,0.03334880233402133
2021-07-30,0.6281375939012945,0.35504814597622997,0.026055269367491134,0.04218001532710641,0.00920694412781216,0.03209365440061896,0.029759787121056647,405,0.012420228206049766,-0.02055284299324449,0.032973071199294254
2021-08-31,0.4823796009702713,0.3038164639450583,0.09103693366396569,-0.04409828360992176,-0.03345986409274104,-0.04750904698625062,-0.04660559040339485,406,0.0025073067934730867,0.013145726310653805,-0.010638419517180718
2021-09-30,0.67730257441383,0.36981413414596315,0.033839828043399085,0.0914067917371218,0.03684244045313777,0.07574307422447693,0.07016358687065449,407,0.021243204866467302,-0.033321146417516725,0.05456435128398403
2021-10-29,0.5687071041639826,0.3344526733808761,0.02678758964919791,-0.0158019223813599,-0.03782753152770346,-0.007706997477712451,-0.008034833740660496,407,-0.007767088640699405,-0.029792697787042965,0.02202560914634356
2021-11-30,0.5045816665307425,0.25644761727807946,0.06151086692164688,0.024501941946195684,0.06970640852370177,0.04233309519384911,0.046247607255064827,407,-0.021745665308869143,0.023458801268636947,-0.04520446657750609
2021-12-31,0.4249085237594178,0.2306886735360896,0.14911239152150957,-0.0707746606044017,0.0031593507595327995,-0.05203316888340094,-0.05274099487345962,408,-0.018033665730942075,0.055900345632992426,-0.0739340113639345
2022-01-31,0.5635853225330477,0.18676492175105064,0.05929709529896568,-0.018478795509702866,-0.04316481814048601,-0.023922327484828854,-0.029517140721711077,409,0.011038345212008211,-0.013647677418774935,0.024686022630783146
2022-02-28,0.16535761964533047,0.17445303628035275,0.21193740960387253,0.05528808206641109,0.010251804521606034,0.038700967281804506,0.03759042568441284,410,0.017697656381998245,-0.02733862116280681,0.045036277544805055
2022-03-31,0.24585988463225733,0.16439022348306997,0.23010947638115975,-0.09715148111099256,-0.11727031378353686,-0.09263985461213906,-0.08776894711152672,410,-0.009382533999465842,-0.029501366672010143,0.0201188326725443
2022-04-29,0.2570542198000281,0.16961600751536343,0.23939980737984184,-0.008370588880830308,0.019013953474432577,2.5587863734717834e-05,0.002256996074173623,410,-0.01062758495500393,0.016756957400258954,-0.027384542355262886
2022-05-31,0.11138698940906384,0.1719569179267955,0.4326277949196053,-0.08269010507840634,-0.0897623889067283,-0.07816037354319942,-0.08246031912993013,410,-0.00022978594847621048,-0.007302069776798176,0.007072283828321965
2022-06-30,0.09209903042930864,0.2070269237711479,0.4554897948734189,0.046963630761349115,0.10559317784513557,0.09410050177522944,0.09208741220512406,413,-0.04512378144377495,0.013505765640011505,-0.058629547083786454
2022-07-29,0.06212976528024681,0.35472759097020035,0.6864317038172069,-0.0033172458362100625,-0.050678844196874594,-0.04267217821448322,-0.040801880473728236,413,0.03748463463751817,-0.009876963723146358,0.04736159836066453
2022-08-31,0.07299717159342825,0.2352136237030212,0.5603837986909125,-0.06390190634582751,-0.1048743289155032,-0.09230219630740161,-0.0924458321756656,413,0.028543925829838085,-0.012428496739837605,0.04097242256967569
2022-09-30,0.09877085372582134,0.19171367970149983,0.5560267414875295,0.17202968789556822,0.068161306070035,0.08092330775961967,0.08127551519019405,415,0.09075417270537417,-0.013114209120159051,0.10386838182553322
2022-10-31,0.051633362033305326,0.3188776743765413,0.7709358839986833,0.009752699416328846,0.05925657667508586,0.05374406956519233,0.055591564083973255,418,-0.045838864667644405,0.0036650125911126055,-0.04950387725875702
2022-11-30,0.12004174771987514,0.27036895106599973,0.650783363348471,-0.030690548349537418,-0.07976093929257752,-0.06243776358152867,-0.05762832158145126,418,0.02693777323191384,-0.022132617711126262,0.0490703909430401
