year,second_gen_share_pct,second_gen_share,source,note
2005,10.5,0.105,"Census CPS ASEC 2024 table package, Table 1 (measured)",
2006,10.7,0.107,"Census CPS ASEC 2024 table package, Table 1 (measured)",
2007,10.9,0.109,"Census CPS ASEC 2024 table package, Table 1 (measured)",
2008,10.9,0.109,"Census CPS ASEC 2024 table package, Table 1 (measured)",
2009,11.0,0.11,"Census CPS ASEC 2024 table package, Table 1 (measured)",
2010,11.2,0.11199999999999999,"Census CPS ASEC 2024 table package, Table 1 (measured)",
2011,11.5,0.115,"Census CPS ASEC 2024 table package, Table 1 (measured)",
2012,11.6,0.11599999999999999,"Census CPS ASEC 2024 table package, Table 1 (measured)",
2013,11.7,0.11699999999999999,"Census CPS ASEC 2024 table package, Table 1 (measured)",
2014,11.8,0.11800000000000001,"Census CPS ASEC 2024 table package, Table 1 (measured)",
2015,12.1,0.121,"Census CPS ASEC 2024 table package, Table 1 (measured)",
2016,11.9,0.11900000000000001,"Census CPS ASEC 2024 table package, Table 1 (measured)",
2017,12.0,0.12,"Census CPS ASEC 2024 table package, Table 1 (measured)",
2018,12.3,0.12300000000000001,"Census CPS ASEC 2024 table package, Table 1 (measured)",
2019,12.4,0.124,"Census CPS ASEC 2024 table package, Table 1 (measured)",
2020,12.5,0.125,"Census CPS ASEC 2024 table package, Table 1 (measured)",COVID nonresponse caution (Census)
2021,12.3,0.12300000000000001,"Census CPS ASEC 2024 table package, Table 1 (measured)",COVID nonresponse caution (Census)
2022,12.5,0.125,"Census CPS ASEC 2024 table package, Table 1 (measured)",COVID nonresponse caution (Census) ; 2020-Census blended-base controls
2023,12.7,0.127,"Census CPS ASEC 2024 table package, Table 1 (measured)",COVID nonresponse caution (Census) ; 2020-Census blended-base controls
2024,12.6,0.126,"Census CPS ASEC 2024 table package, Table 1 (measured)",COVID nonresponse caution (Census) ; 2020-Census blended-base controls
