year,sigma,sigma_lpr,sigma_unauth,lpr_M,unauth_inflow_M,quality,quality_note
1650,0.650000,0.650000,0.000000,0.000000,0.000000,assumed,LPR-component: no annual series; male-skewed indentured labor migration [assumed]
1651,0.650000,0.650000,0.000000,0.000000,0.000000,assumed,LPR-component: no annual series; male-skewed indentured labor migration [assumed]
1652,0.650000,0.650000,0.000000,0.000000,0.000000,assumed,LPR-component: no annual series; male-skewed indentured labor migration [assumed]
1653,0.650000,0.650000,0.000000,0.000000,0.000000,assumed,LPR-component: no annual series; male-skewed indentured labor migration [assumed]
1654,0.650000,0.650000,0.000000,0.000000,0.000000,assumed,LPR-component: no annual series; male-skewed indentured labor migration [assumed]
1655,0.650000,0.650000,0.000000,0.000000,0.000000,assumed,LPR-component: no annual series; male-skewed indentured labor migration [assumed]
1656,0.650000,0.650000,0.000000,0.000000,0.000000,assumed,LPR-component: no annual series; male-skewed indentured labor migration [assumed]
1657,0.650000,0.650000,0.000000,0.000000,0.000000,assumed,LPR-component: no annual series; male-skewed indentured labor migration [assumed]
1658,0.650000,0.650000,0.000000,0.000000,0.000000,assumed,LPR-component: no annual series; male-skewed indentured labor migration [assumed]
1659,0.650000,0.650000,0.000000,0.000000,0.000000,assumed,LPR-component: no annual series; male-skewed indentured labor migration [assumed]
1660,0.650000,0.650000,0.000000,0.000000,0.000000,assumed,LPR-component: no annual series; male-skewed indentured labor migration [assumed]
1661,0.650000,0.650000,0.000000,0.000000,0.000000,assumed,LPR-component: no annual series; male-skewed indentured labor migration [assumed]
1662,0.650000,0.650000,0.000000,0.000000,0.000000,assumed,LPR-component: no annual series; male-skewed indentured labor migration [assumed]
1663,0.650000,0.650000,0.000000,0.000000,0.000000,assumed,LPR-component: no annual series; male-skewed indentured labor migration [assumed]
1664,0.650000,0.650000,0.000000,0.000000,0.000000,assumed,LPR-component: no annual series; male-skewed indentured labor migration [assumed]
1665,0.650000,0.650000,0.000000,0.000000,0.000000,assumed,LPR-component: no annual series; male-skewed indentured labor migration [assumed]
1666,0.650000,0.650000,0.000000,0.000000,0.000000,assumed,LPR-component: no annual series; male-skewed indentured labor migration [assumed]
1667,0.650000,0.650000,0.000000,0.000000,0.000000,assumed,LPR-component: no annual series; male-skewed indentured labor migration [assumed]
1668,0.650000,0.650000,0.000000,0.000000,0.000000,assumed,LPR-component: no annual series; male-skewed indentured labor migration [assumed]
1669,0.650000,0.650000,0.000000,0.000000,0.000000,assumed,LPR-component: no annual series; male-skewed indentured labor migration [assumed]
1670,0.650000,0.650000,0.000000,0.000000,0.000000,assumed,LPR-component: no annual series; male-skewed indentured labor migration [assumed]
1671,0.650000,0.650000,0.000000,0.000000,0.000000,assumed,LPR-component: no annual series; male-skewed indentured labor migration [assumed]
1672,0.650000,0.650000,0.000000,0.000000,0.000000,assumed,LPR-component: no annual series; male-skewed indentured labor migration [assumed]
1673,0.650000,0.650000,0.000000,0.000000,0.000000,assumed,LPR-component: no annual series; male-skewed indentured labor migration [assumed]
1674,0.650000,0.650000,0.000000,0.000000,0.000000,assumed,LPR-component: no annual series; male-skewed indentured labor migration [assumed]
1675,0.650000,0.650000,0.000000,0.000000,0.000000,assumed,LPR-component: no annual series; male-skewed indentured labor migration [assumed]
1676,0.650000,0.650000,0.000000,0.000000,0.000000,assumed,LPR-component: no annual series; male-skewed indentured labor migration [assumed]
1677,0.650000,0.650000,0.000000,0.000000,0.000000,assumed,LPR-component: no annual series; male-skewed indentured labor migration [assumed]
1678,0.650000,0.650000,0.000000,0.000000,0.000000,assumed,LPR-component: no annual series; male-skewed indentured labor migration [assumed]
1679,0.650000,0.650000,0.000000,0.000000,0.000000,assumed,LPR-component: no annual series; male-skewed indentured labor migration [assumed]
1680,0.650000,0.650000,0.000000,0.000000,0.000000,assumed,LPR-component: no annual series; male-skewed indentured labor migration [assumed]
1681,0.650000,0.650000,0.000000,0.000000,0.000000,assumed,LPR-component: no annual series; male-skewed indentured labor migration [assumed]
1682,0.650000,0.650000,0.000000,0.000000,0.000000,assumed,LPR-component: no annual series; male-skewed indentured labor migration [assumed]
1683,0.650000,0.650000,0.000000,0.000000,0.000000,assumed,LPR-component: no annual series; male-skewed indentured labor migration [assumed]
1684,0.650000,0.650000,0.000000,0.000000,0.000000,assumed,LPR-component: no annual series; male-skewed indentured labor migration [assumed]
1685,0.650000,0.650000,0.000000,0.000000,0.000000,assumed,LPR-component: no annual series; male-skewed indentured labor migration [assumed]
1686,0.650000,0.650000,0.000000,0.000000,0.000000,assumed,LPR-component: no annual series; male-skewed indentured labor migration [assumed]
1687,0.650000,0.650000,0.000000,0.000000,0.000000,assumed,LPR-component: no annual series; male-skewed indentured labor migration [assumed]
1688,0.650000,0.650000,0.000000,0.000000,0.000000,assumed,LPR-component: no annual series; male-skewed indentured labor migration [assumed]
1689,0.650000,0.650000,0.000000,0.000000,0.000000,assumed,LPR-component: no annual series; male-skewed indentured labor migration [assumed]
1690,0.650000,0.650000,0.000000,0.000000,0.000000,assumed,LPR-component: no annual series; male-skewed indentured labor migration [assumed]
1691,0.650000,0.650000,0.000000,0.000000,0.000000,assumed,LPR-component: no annual series; male-skewed indentured labor migration [assumed]
1692,0.650000,0.650000,0.000000,0.000000,0.000000,assumed,LPR-component: no annual series; male-skewed indentured labor migration [assumed]
1693,0.650000,0.650000,0.000000,0.000000,0.000000,assumed,LPR-component: no annual series; male-skewed indentured labor migration [assumed]
1694,0.650000,0.650000,0.000000,0.000000,0.000000,assumed,LPR-component: no annual series; male-skewed indentured labor migration [assumed]
1695,0.650000,0.650000,0.000000,0.000000,0.000000,assumed,LPR-component: no annual series; male-skewed indentured labor migration [assumed]
1696,0.650000,0.650000,0.000000,0.000000,0.000000,assumed,LPR-component: no annual series; male-skewed indentured labor migration [assumed]
1697,0.650000,0.650000,0.000000,0.000000,0.000000,assumed,LPR-component: no annual series; male-skewed indentured labor migration [assumed]
1698,0.650000,0.650000,0.000000,0.000000,0.000000,assumed,LPR-component: no annual series; male-skewed indentured labor migration [assumed]
1699,0.650000,0.650000,0.000000,0.000000,0.000000,assumed,LPR-component: no annual series; male-skewed indentured labor migration [assumed]
1700,0.650000,0.650000,0.000000,0.000000,0.000000,assumed,LPR-component: no annual series; male-skewed indentured labor migration [assumed]
1701,0.650000,0.650000,0.000000,0.000000,0.000000,assumed,LPR-component: no annual series; male-skewed indentured labor migration [assumed]
1702,0.650000,0.650000,0.000000,0.000000,0.000000,assumed,LPR-component: no annual series; male-skewed indentured labor migration [assumed]
1703,0.650000,0.650000,0.000000,0.000000,0.000000,assumed,LPR-component: no annual series; male-skewed indentured labor migration [assumed]
1704,0.650000,0.650000,0.000000,0.000000,0.000000,assumed,LPR-component: no annual series; male-skewed indentured labor migration [assumed]
1705,0.650000,0.650000,0.000000,0.000000,0.000000,assumed,LPR-component: no annual series; male-skewed indentured labor migration [assumed]
1706,0.650000,0.650000,0.000000,0.000000,0.000000,assumed,LPR-component: no annual series; male-skewed indentured labor migration [assumed]
1707,0.650000,0.650000,0.000000,0.000000,0.000000,assumed,LPR-component: no annual series; male-skewed indentured labor migration [assumed]
1708,0.650000,0.650000,0.000000,0.000000,0.000000,assumed,LPR-component: no annual series; male-skewed indentured labor migration [assumed]
1709,0.650000,0.650000,0.000000,0.000000,0.000000,assumed,LPR-component: no annual series; male-skewed indentured labor migration [assumed]
1710,0.650000,0.650000,0.000000,0.000000,0.000000,assumed,LPR-component: no annual series; male-skewed indentured labor migration [assumed]
1711,0.650000,0.650000,0.000000,0.000000,0.000000,assumed,LPR-component: no annual series; male-skewed indentured labor migration [assumed]
1712,0.650000,0.650000,0.000000,0.000000,0.000000,assumed,LPR-component: no annual series; male-skewed indentured labor migration [assumed]
1713,0.650000,0.650000,0.000000,0.000000,0.000000,assumed,LPR-component: no annual series; male-skewed indentured labor migration [assumed]
1714,0.650000,0.650000,0.000000,0.000000,0.000000,assumed,LPR-component: no annual series; male-skewed indentured labor migration [assumed]
1715,0.650000,0.650000,0.000000,0.000000,0.000000,assumed,LPR-component: no annual series; male-skewed indentured labor migration [assumed]
1716,0.650000,0.650000,0.000000,0.000000,0.000000,assumed,LPR-component: no annual series; male-skewed indentured labor migration [assumed]
1717,0.650000,0.650000,0.000000,0.000000,0.000000,assumed,LPR-component: no annual series; male-skewed indentured labor migration [assumed]
1718,0.650000,0.650000,0.000000,0.000000,0.000000,assumed,LPR-component: no annual series; male-skewed indentured labor migration [assumed]
1719,0.650000,0.650000,0.000000,0.000000,0.000000,assumed,LPR-component: no annual series; male-skewed indentured labor migration [assumed]
1720,0.650000,0.650000,0.000000,0.000000,0.000000,assumed,LPR-component: no annual series; male-skewed indentured labor migration [assumed]
1721,0.650000,0.650000,0.000000,0.000000,0.000000,assumed,LPR-component: no annual series; male-skewed indentured labor migration [assumed]
1722,0.650000,0.650000,0.000000,0.000000,0.000000,assumed,LPR-component: no annual series; male-skewed indentured labor migration [assumed]
1723,0.650000,0.650000,0.000000,0.000000,0.000000,assumed,LPR-component: no annual series; male-skewed indentured labor migration [assumed]
1724,0.650000,0.650000,0.000000,0.000000,0.000000,assumed,LPR-component: no annual series; male-skewed indentured labor migration [assumed]
1725,0.650000,0.650000,0.000000,0.000000,0.000000,assumed,LPR-component: no annual series; male-skewed indentured labor migration [assumed]
1726,0.650000,0.650000,0.000000,0.000000,0.000000,assumed,LPR-component: no annual series; male-skewed indentured labor migration [assumed]
1727,0.650000,0.650000,0.000000,0.000000,0.000000,assumed,LPR-component: no annual series; male-skewed indentured labor migration [assumed]
1728,0.650000,0.650000,0.000000,0.000000,0.000000,assumed,LPR-component: no annual series; male-skewed indentured labor migration [assumed]
1729,0.650000,0.650000,0.000000,0.000000,0.000000,assumed,LPR-component: no annual series; male-skewed indentured labor migration [assumed]
1730,0.650000,0.650000,0.000000,0.000000,0.000000,assumed,LPR-component: no annual series; male-skewed indentured labor migration [assumed]
1731,0.650000,0.650000,0.000000,0.000000,0.000000,assumed,LPR-component: no annual series; male-skewed indentured labor migration [assumed]
1732,0.650000,0.650000,0.000000,0.000000,0.000000,assumed,LPR-component: no annual series; male-skewed indentured labor migration [assumed]
1733,0.650000,0.650000,0.000000,0.000000,0.000000,assumed,LPR-component: no annual series; male-skewed indentured labor migration [assumed]
1734,0.650000,0.650000,0.000000,0.000000,0.000000,assumed,LPR-component: no annual series; male-skewed indentured labor migration [assumed]
1735,0.650000,0.650000,0.000000,0.000000,0.000000,assumed,LPR-component: no annual series; male-skewed indentured labor migration [assumed]
1736,0.650000,0.650000,0.000000,0.000000,0.000000,assumed,LPR-component: no annual series; male-skewed indentured labor migration [assumed]
1737,0.650000,0.650000,0.000000,0.000000,0.000000,assumed,LPR-component: no annual series; male-skewed indentured labor migration [assumed]
1738,0.650000,0.650000,0.000000,0.000000,0.000000,assumed,LPR-component: no annual series; male-skewed indentured labor migration [assumed]
1739,0.650000,0.650000,0.000000,0.000000,0.000000,assumed,LPR-component: no annual series; male-skewed indentured labor migration [assumed]
1740,0.650000,0.650000,0.000000,0.000000,0.000000,assumed,LPR-component: no annual series; male-skewed indentured labor migration [assumed]
1741,0.650000,0.650000,0.000000,0.000000,0.000000,assumed,LPR-component: no annual series; male-skewed indentured labor migration [assumed]
1742,0.650000,0.650000,0.000000,0.000000,0.000000,assumed,LPR-component: no annual series; male-skewed indentured labor migration [assumed]
1743,0.650000,0.650000,0.000000,0.000000,0.000000,assumed,LPR-component: no annual series; male-skewed indentured labor migration [assumed]
1744,0.650000,0.650000,0.000000,0.000000,0.000000,assumed,LPR-component: no annual series; male-skewed indentured labor migration [assumed]
1745,0.650000,0.650000,0.000000,0.000000,0.000000,assumed,LPR-component: no annual series; male-skewed indentured labor migration [assumed]
1746,0.650000,0.650000,0.000000,0.000000,0.000000,assumed,LPR-component: no annual series; male-skewed indentured labor migration [assumed]
1747,0.650000,0.650000,0.000000,0.000000,0.000000,assumed,LPR-component: no annual series; male-skewed indentured labor migration [assumed]
1748,0.650000,0.650000,0.000000,0.000000,0.000000,assumed,LPR-component: no annual series; male-skewed indentured labor migration [assumed]
1749,0.650000,0.650000,0.000000,0.000000,0.000000,assumed,LPR-component: no annual series; male-skewed indentured labor migration [assumed]
1750,0.650000,0.650000,0.000000,0.000000,0.000000,assumed,LPR-component: no annual series; male-skewed indentured labor migration [assumed]
1751,0.650000,0.650000,0.000000,0.000000,0.000000,assumed,LPR-component: no annual series; male-skewed indentured labor migration [assumed]
1752,0.650000,0.650000,0.000000,0.000000,0.000000,assumed,LPR-component: no annual series; male-skewed indentured labor migration [assumed]
1753,0.650000,0.650000,0.000000,0.000000,0.000000,assumed,LPR-component: no annual series; male-skewed indentured labor migration [assumed]
1754,0.650000,0.650000,0.000000,0.000000,0.000000,assumed,LPR-component: no annual series; male-skewed indentured labor migration [assumed]
1755,0.650000,0.650000,0.000000,0.000000,0.000000,assumed,LPR-component: no annual series; male-skewed indentured labor migration [assumed]
1756,0.650000,0.650000,0.000000,0.000000,0.000000,assumed,LPR-component: no annual series; male-skewed indentured labor migration [assumed]
1757,0.650000,0.650000,0.000000,0.000000,0.000000,assumed,LPR-component: no annual series; male-skewed indentured labor migration [assumed]
1758,0.650000,0.650000,0.000000,0.000000,0.000000,assumed,LPR-component: no annual series; male-skewed indentured labor migration [assumed]
1759,0.650000,0.650000,0.000000,0.000000,0.000000,assumed,LPR-component: no annual series; male-skewed indentured labor migration [assumed]
1760,0.650000,0.650000,0.000000,0.000000,0.000000,assumed,LPR-component: no annual series; male-skewed indentured labor migration [assumed]
1761,0.650000,0.650000,0.000000,0.000000,0.000000,assumed,LPR-component: no annual series; male-skewed indentured labor migration [assumed]
1762,0.650000,0.650000,0.000000,0.000000,0.000000,assumed,LPR-component: no annual series; male-skewed indentured labor migration [assumed]
1763,0.650000,0.650000,0.000000,0.000000,0.000000,assumed,LPR-component: no annual series; male-skewed indentured labor migration [assumed]
1764,0.650000,0.650000,0.000000,0.000000,0.000000,assumed,LPR-component: no annual series; male-skewed indentured labor migration [assumed]
1765,0.650000,0.650000,0.000000,0.000000,0.000000,assumed,LPR-component: no annual series; male-skewed indentured labor migration [assumed]
1766,0.650000,0.650000,0.000000,0.000000,0.000000,assumed,LPR-component: no annual series; male-skewed indentured labor migration [assumed]
1767,0.650000,0.650000,0.000000,0.000000,0.000000,assumed,LPR-component: no annual series; male-skewed indentured labor migration [assumed]
1768,0.650000,0.650000,0.000000,0.000000,0.000000,assumed,LPR-component: no annual series; male-skewed indentured labor migration [assumed]
1769,0.650000,0.650000,0.000000,0.000000,0.000000,assumed,LPR-component: no annual series; male-skewed indentured labor migration [assumed]
1770,0.650000,0.650000,0.000000,0.000000,0.000000,assumed,LPR-component: no annual series; male-skewed indentured labor migration [assumed]
1771,0.650000,0.650000,0.000000,0.000000,0.000000,assumed,LPR-component: no annual series; male-skewed indentured labor migration [assumed]
1772,0.650000,0.650000,0.000000,0.000000,0.000000,assumed,LPR-component: no annual series; male-skewed indentured labor migration [assumed]
1773,0.650000,0.650000,0.000000,0.000000,0.000000,assumed,LPR-component: no annual series; male-skewed indentured labor migration [assumed]
1774,0.650000,0.650000,0.000000,0.000000,0.000000,assumed,LPR-component: no annual series; male-skewed indentured labor migration [assumed]
1775,0.650000,0.650000,0.000000,0.000000,0.000000,assumed,LPR-component: no annual series; male-skewed indentured labor migration [assumed]
1776,0.650000,0.650000,0.000000,0.000000,0.000000,assumed,LPR-component: no annual series; male-skewed indentured labor migration [assumed]
1777,0.650000,0.650000,0.000000,0.000000,0.000000,assumed,LPR-component: no annual series; male-skewed indentured labor migration [assumed]
1778,0.650000,0.650000,0.000000,0.000000,0.000000,assumed,LPR-component: no annual series; male-skewed indentured labor migration [assumed]
1779,0.650000,0.650000,0.000000,0.000000,0.000000,assumed,LPR-component: no annual series; male-skewed indentured labor migration [assumed]
1780,0.650000,0.650000,0.000000,0.000000,0.000000,assumed,LPR-component: no annual series; male-skewed indentured labor migration [assumed]
1781,0.650000,0.650000,0.000000,0.000000,0.000000,assumed,LPR-component: no annual series; male-skewed indentured labor migration [assumed]
1782,0.650000,0.650000,0.000000,0.000000,0.000000,assumed,LPR-component: no annual series; male-skewed indentured labor migration [assumed]
1783,0.650000,0.650000,0.000000,0.000000,0.000000,assumed,LPR-component: no annual series; male-skewed indentured labor migration [assumed]
1784,0.650000,0.650000,0.000000,0.000000,0.000000,assumed,LPR-component: no annual series; male-skewed indentured labor migration [assumed]
1785,0.650000,0.650000,0.000000,0.000000,0.000000,assumed,LPR-component: no annual series; male-skewed indentured labor migration [assumed]
1786,0.650000,0.650000,0.000000,0.000000,0.000000,assumed,LPR-component: no annual series; male-skewed indentured labor migration [assumed]
1787,0.650000,0.650000,0.000000,0.000000,0.000000,assumed,LPR-component: no annual series; male-skewed indentured labor migration [assumed]
1788,0.650000,0.650000,0.000000,0.000000,0.000000,assumed,LPR-component: no annual series; male-skewed indentured labor migration [assumed]
1789,0.650000,0.650000,0.000000,0.000000,0.000000,assumed,LPR-component: no annual series; male-skewed indentured labor migration [assumed]
1790,0.650000,0.650000,0.000000,0.000000,0.000000,assumed,LPR-component: no annual series; male-skewed indentured labor migration [assumed]
1791,0.650000,0.650000,0.000000,0.000000,0.000000,assumed,LPR-component: no annual series; male-skewed indentured labor migration [assumed]
1792,0.650000,0.650000,0.000000,0.000000,0.000000,assumed,LPR-component: no annual series; male-skewed indentured labor migration [assumed]
1793,0.650000,0.650000,0.000000,0.000000,0.000000,assumed,LPR-component: no annual series; male-skewed indentured labor migration [assumed]
1794,0.650000,0.650000,0.000000,0.000000,0.000000,assumed,LPR-component: no annual series; male-skewed indentured labor migration [assumed]
1795,0.650000,0.650000,0.000000,0.000000,0.000000,assumed,LPR-component: no annual series; male-skewed indentured labor migration [assumed]
1796,0.650000,0.650000,0.000000,0.000000,0.000000,assumed,LPR-component: no annual series; male-skewed indentured labor migration [assumed]
1797,0.650000,0.650000,0.000000,0.000000,0.000000,assumed,LPR-component: no annual series; male-skewed indentured labor migration [assumed]
1798,0.650000,0.650000,0.000000,0.000000,0.000000,assumed,LPR-component: no annual series; male-skewed indentured labor migration [assumed]
1799,0.650000,0.650000,0.000000,0.000000,0.000000,assumed,LPR-component: no annual series; male-skewed indentured labor migration [assumed]
1800,0.650000,0.650000,0.000000,0.000000,0.000000,assumed,LPR-component: no annual series; male-skewed indentured labor migration [assumed]
1801,0.650000,0.650000,0.000000,0.000000,0.000000,assumed,LPR-component: no annual series; male-skewed indentured labor migration [assumed]
1802,0.650000,0.650000,0.000000,0.000000,0.000000,assumed,LPR-component: no annual series; male-skewed indentured labor migration [assumed]
1803,0.650000,0.650000,0.000000,0.000000,0.000000,assumed,LPR-component: no annual series; male-skewed indentured labor migration [assumed]
1804,0.650000,0.650000,0.000000,0.000000,0.000000,assumed,LPR-component: no annual series; male-skewed indentured labor migration [assumed]
1805,0.650000,0.650000,0.000000,0.000000,0.000000,assumed,LPR-component: no annual series; male-skewed indentured labor migration [assumed]
1806,0.650000,0.650000,0.000000,0.000000,0.000000,assumed,LPR-component: no annual series; male-skewed indentured labor migration [assumed]
1807,0.650000,0.650000,0.000000,0.000000,0.000000,assumed,LPR-component: no annual series; male-skewed indentured labor migration [assumed]
1808,0.650000,0.650000,0.000000,0.000000,0.000000,assumed,LPR-component: no annual series; male-skewed indentured labor migration [assumed]
1809,0.650000,0.650000,0.000000,0.000000,0.000000,assumed,LPR-component: no annual series; male-skewed indentured labor migration [assumed]
1810,0.650000,0.650000,0.000000,0.000000,0.000000,assumed,LPR-component: no annual series; male-skewed indentured labor migration [assumed]
1811,0.650000,0.650000,0.000000,0.000000,0.000000,assumed,LPR-component: no annual series; male-skewed indentured labor migration [assumed]
1812,0.650000,0.650000,0.000000,0.000000,0.000000,assumed,LPR-component: no annual series; male-skewed indentured labor migration [assumed]
1813,0.650000,0.650000,0.000000,0.000000,0.000000,assumed,LPR-component: no annual series; male-skewed indentured labor migration [assumed]
1814,0.650000,0.650000,0.000000,0.000000,0.000000,assumed,LPR-component: no annual series; male-skewed indentured labor migration [assumed]
1815,0.650000,0.650000,0.000000,0.000000,0.000000,assumed,LPR-component: no annual series; male-skewed indentured labor migration [assumed]
1816,0.650000,0.650000,0.000000,0.000000,0.000000,assumed,LPR-component: no annual series; male-skewed indentured labor migration [assumed]
1817,0.650000,0.650000,0.000000,0.000000,0.000000,assumed,LPR-component: no annual series; male-skewed indentured labor migration [assumed]
1818,0.650000,0.650000,0.000000,0.000000,0.000000,assumed,LPR-component: no annual series; male-skewed indentured labor migration [assumed]
1819,0.650000,0.650000,0.000000,0.000000,0.000000,assumed,LPR-component: no annual series; male-skewed indentured labor migration [assumed]
1820,0.629000,0.629000,0.000000,0.008390,0.000000,measured,LPR-component: HSUS Millennial Ed.: 62.9% of 1820-1917 recorded immigrants male [measured]
1821,0.629000,0.629000,0.000000,0.009130,0.000000,measured,LPR-component: HSUS Millennial Ed.: 62.9% of 1820-1917 recorded immigrants male [measured]
1822,0.629000,0.629000,0.000000,0.006910,0.000000,measured,LPR-component: HSUS Millennial Ed.: 62.9% of 1820-1917 recorded immigrants male [measured]
1823,0.629000,0.629000,0.000000,0.006350,0.000000,measured,LPR-component: HSUS Millennial Ed.: 62.9% of 1820-1917 recorded immigrants male [measured]
1824,0.629000,0.629000,0.000000,0.007910,0.000000,measured,LPR-component: HSUS Millennial Ed.: 62.9% of 1820-1917 recorded immigrants male [measured]
1825,0.629000,0.629000,0.000000,0.010200,0.000000,measured,LPR-component: HSUS Millennial Ed.: 62.9% of 1820-1917 recorded immigrants male [measured]
1826,0.629000,0.629000,0.000000,0.010840,0.000000,measured,LPR-component: HSUS Millennial Ed.: 62.9% of 1820-1917 recorded immigrants male [measured]
1827,0.629000,0.629000,0.000000,0.018880,0.000000,measured,LPR-component: HSUS Millennial Ed.: 62.9% of 1820-1917 recorded immigrants male [measured]
1828,0.629000,0.629000,0.000000,0.027380,0.000000,measured,LPR-component: HSUS Millennial Ed.: 62.9% of 1820-1917 recorded immigrants male [measured]
1829,0.629000,0.629000,0.000000,0.022520,0.000000,measured,LPR-component: HSUS Millennial Ed.: 62.9% of 1820-1917 recorded immigrants male [measured]
1830,0.629000,0.629000,0.000000,0.023320,0.000000,measured,LPR-component: HSUS Millennial Ed.: 62.9% of 1820-1917 recorded immigrants male [measured]
1831,0.629000,0.629000,0.000000,0.022630,0.000000,measured,LPR-component: HSUS Millennial Ed.: 62.9% of 1820-1917 recorded immigrants male [measured]
1832,0.629000,0.629000,0.000000,0.060480,0.000000,measured,LPR-component: HSUS Millennial Ed.: 62.9% of 1820-1917 recorded immigrants male [measured]
1833,0.629000,0.629000,0.000000,0.058640,0.000000,measured,LPR-component: HSUS Millennial Ed.: 62.9% of 1820-1917 recorded immigrants male [measured]
1834,0.629000,0.629000,0.000000,0.065370,0.000000,measured,LPR-component: HSUS Millennial Ed.: 62.9% of 1820-1917 recorded immigrants male [measured]
1835,0.629000,0.629000,0.000000,0.045370,0.000000,measured,LPR-component: HSUS Millennial Ed.: 62.9% of 1820-1917 recorded immigrants male [measured]
1836,0.629000,0.629000,0.000000,0.076240,0.000000,measured,LPR-component: HSUS Millennial Ed.: 62.9% of 1820-1917 recorded immigrants male [measured]
1837,0.629000,0.629000,0.000000,0.079340,0.000000,measured,LPR-component: HSUS Millennial Ed.: 62.9% of 1820-1917 recorded immigrants male [measured]
1838,0.629000,0.629000,0.000000,0.038910,0.000000,measured,LPR-component: HSUS Millennial Ed.: 62.9% of 1820-1917 recorded immigrants male [measured]
1839,0.629000,0.629000,0.000000,0.068070,0.000000,measured,LPR-component: HSUS Millennial Ed.: 62.9% of 1820-1917 recorded immigrants male [measured]
1840,0.629000,0.629000,0.000000,0.084070,0.000000,measured,LPR-component: HSUS Millennial Ed.: 62.9% of 1820-1917 recorded immigrants male [measured]
1841,0.629000,0.629000,0.000000,0.080290,0.000000,measured,LPR-component: HSUS Millennial Ed.: 62.9% of 1820-1917 recorded immigrants male [measured]
1842,0.629000,0.629000,0.000000,0.104570,0.000000,measured,LPR-component: HSUS Millennial Ed.: 62.9% of 1820-1917 recorded immigrants male [measured]
1843,0.629000,0.629000,0.000000,0.052500,0.000000,measured,LPR-component: HSUS Millennial Ed.: 62.9% of 1820-1917 recorded immigrants male [measured]
1844,0.629000,0.629000,0.000000,0.078620,0.000000,measured,LPR-component: HSUS Millennial Ed.: 62.9% of 1820-1917 recorded immigrants male [measured]
1845,0.629000,0.629000,0.000000,0.114370,0.000000,measured,LPR-component: HSUS Millennial Ed.: 62.9% of 1820-1917 recorded immigrants male [measured]
1846,0.629000,0.629000,0.000000,0.154420,0.000000,measured,LPR-component: HSUS Millennial Ed.: 62.9% of 1820-1917 recorded immigrants male [measured]
1847,0.629000,0.629000,0.000000,0.234970,0.000000,measured,LPR-component: HSUS Millennial Ed.: 62.9% of 1820-1917 recorded immigrants male [measured]
1848,0.629000,0.629000,0.000000,0.226530,0.000000,measured,LPR-component: HSUS Millennial Ed.: 62.9% of 1820-1917 recorded immigrants male [measured]
1849,0.629000,0.629000,0.000000,0.297020,0.000000,measured,LPR-component: HSUS Millennial Ed.: 62.9% of 1820-1917 recorded immigrants male [measured]
1850,0.629000,0.629000,0.000000,0.369980,0.000000,measured,LPR-component: HSUS Millennial Ed.: 62.9% of 1820-1917 recorded immigrants male [measured]
1851,0.629000,0.629000,0.000000,0.379470,0.000000,measured,LPR-component: HSUS Millennial Ed.: 62.9% of 1820-1917 recorded immigrants male [measured]
1852,0.629000,0.629000,0.000000,0.371600,0.000000,measured,LPR-component: HSUS Millennial Ed.: 62.9% of 1820-1917 recorded immigrants male [measured]
1853,0.629000,0.629000,0.000000,0.368650,0.000000,measured,LPR-component: HSUS Millennial Ed.: 62.9% of 1820-1917 recorded immigrants male [measured]
1854,0.629000,0.629000,0.000000,0.427830,0.000000,measured,LPR-component: HSUS Millennial Ed.: 62.9% of 1820-1917 recorded immigrants male [measured]
1855,0.629000,0.629000,0.000000,0.200880,0.000000,measured,LPR-component: HSUS Millennial Ed.: 62.9% of 1820-1917 recorded immigrants male [measured]
1856,0.629000,0.629000,0.000000,0.200440,0.000000,measured,LPR-component: HSUS Millennial Ed.: 62.9% of 1820-1917 recorded immigrants male [measured]
1857,0.629000,0.629000,0.000000,0.251310,0.000000,measured,LPR-component: HSUS Millennial Ed.: 62.9% of 1820-1917 recorded immigrants male [measured]
1858,0.629000,0.629000,0.000000,0.123130,0.000000,measured,LPR-component: HSUS Millennial Ed.: 62.9% of 1820-1917 recorded immigrants male [measured]
1859,0.629000,0.629000,0.000000,0.121280,0.000000,measured,LPR-component: HSUS Millennial Ed.: 62.9% of 1820-1917 recorded immigrants male [measured]
1860,0.629000,0.629000,0.000000,0.153640,0.000000,measured,LPR-component: HSUS Millennial Ed.: 62.9% of 1820-1917 recorded immigrants male [measured]
1861,0.629000,0.629000,0.000000,0.091920,0.000000,measured,LPR-component: HSUS Millennial Ed.: 62.9% of 1820-1917 recorded immigrants male [measured]
1862,0.629000,0.629000,0.000000,0.091990,0.000000,measured,LPR-component: HSUS Millennial Ed.: 62.9% of 1820-1917 recorded immigrants male [measured]
1863,0.629000,0.629000,0.000000,0.176280,0.000000,measured,LPR-component: HSUS Millennial Ed.: 62.9% of 1820-1917 recorded immigrants male [measured]
1864,0.629000,0.629000,0.000000,0.193420,0.000000,measured,LPR-component: HSUS Millennial Ed.: 62.9% of 1820-1917 recorded immigrants male [measured]
1865,0.629000,0.629000,0.000000,0.248120,0.000000,measured,LPR-component: HSUS Millennial Ed.: 62.9% of 1820-1917 recorded immigrants male [measured]
1866,0.629000,0.629000,0.000000,0.318570,0.000000,measured,LPR-component: HSUS Millennial Ed.: 62.9% of 1820-1917 recorded immigrants male [measured]
1867,0.629000,0.629000,0.000000,0.315720,0.000000,measured,LPR-component: HSUS Millennial Ed.: 62.9% of 1820-1917 recorded immigrants male [measured]
1868,0.629000,0.629000,0.000000,0.138840,0.000000,measured,LPR-component: HSUS Millennial Ed.: 62.9% of 1820-1917 recorded immigrants male [measured]
1869,0.629000,0.629000,0.000000,0.352770,0.000000,measured,LPR-component: HSUS Millennial Ed.: 62.9% of 1820-1917 recorded immigrants male [measured]
1870,0.629000,0.629000,0.000000,0.387200,0.000000,measured,LPR-component: HSUS Millennial Ed.: 62.9% of 1820-1917 recorded immigrants male [measured]
1871,0.629000,0.629000,0.000000,0.321350,0.000000,measured,LPR-component: HSUS Millennial Ed.: 62.9% of 1820-1917 recorded immigrants male [measured]
1872,0.629000,0.629000,0.000000,0.404810,0.000000,measured,LPR-component: HSUS Millennial Ed.: 62.9% of 1820-1917 recorded immigrants male [measured]
1873,0.629000,0.629000,0.000000,0.459800,0.000000,measured,LPR-component: HSUS Millennial Ed.: 62.9% of 1820-1917 recorded immigrants male [measured]
1874,0.629000,0.629000,0.000000,0.313340,0.000000,measured,LPR-component: HSUS Millennial Ed.: 62.9% of 1820-1917 recorded immigrants male [measured]
1875,0.629000,0.629000,0.000000,0.227500,0.000000,measured,LPR-component: HSUS Millennial Ed.: 62.9% of 1820-1917 recorded immigrants male [measured]
1876,0.629000,0.629000,0.000000,0.169990,0.000000,measured,LPR-component: HSUS Millennial Ed.: 62.9% of 1820-1917 recorded immigrants male [measured]
1877,0.629000,0.629000,0.000000,0.141860,0.000000,measured,LPR-component: HSUS Millennial Ed.: 62.9% of 1820-1917 recorded immigrants male [measured]
1878,0.629000,0.629000,0.000000,0.138470,0.000000,measured,LPR-component: HSUS Millennial Ed.: 62.9% of 1820-1917 recorded immigrants male [measured]
1879,0.629000,0.629000,0.000000,0.177830,0.000000,measured,LPR-component: HSUS Millennial Ed.: 62.9% of 1820-1917 recorded immigrants male [measured]
1880,0.629000,0.629000,0.000000,0.457260,0.000000,measured,LPR-component: HSUS Millennial Ed.: 62.9% of 1820-1917 recorded immigrants male [measured]
1881,0.629000,0.629000,0.000000,0.669430,0.000000,measured,LPR-component: HSUS Millennial Ed.: 62.9% of 1820-1917 recorded immigrants male [measured]
1882,0.629000,0.629000,0.000000,0.788990,0.000000,measured,LPR-component: HSUS Millennial Ed.: 62.9% of 1820-1917 recorded immigrants male [measured]
1883,0.629000,0.629000,0.000000,0.603320,0.000000,measured,LPR-component: HSUS Millennial Ed.: 62.9% of 1820-1917 recorded immigrants male [measured]
1884,0.629000,0.629000,0.000000,0.518590,0.000000,measured,LPR-component: HSUS Millennial Ed.: 62.9% of 1820-1917 recorded immigrants male [measured]
1885,0.629000,0.629000,0.000000,0.395350,0.000000,measured,LPR-component: HSUS Millennial Ed.: 62.9% of 1820-1917 recorded immigrants male [measured]
1886,0.629000,0.629000,0.000000,0.334200,0.000000,measured,LPR-component: HSUS Millennial Ed.: 62.9% of 1820-1917 recorded immigrants male [measured]
1887,0.629000,0.629000,0.000000,0.490110,0.000000,measured,LPR-component: HSUS Millennial Ed.: 62.9% of 1820-1917 recorded immigrants male [measured]
1888,0.629000,0.629000,0.000000,0.546890,0.000000,measured,LPR-component: HSUS Millennial Ed.: 62.9% of 1820-1917 recorded immigrants male [measured]
1889,0.629000,0.629000,0.000000,0.444430,0.000000,measured,LPR-component: HSUS Millennial Ed.: 62.9% of 1820-1917 recorded immigrants male [measured]
1890,0.629000,0.629000,0.000000,0.455300,0.000000,measured,LPR-component: HSUS Millennial Ed.: 62.9% of 1820-1917 recorded immigrants male [measured]
1891,0.629000,0.629000,0.000000,0.560320,0.000000,measured,LPR-component: HSUS Millennial Ed.: 62.9% of 1820-1917 recorded immigrants male [measured]
1892,0.629000,0.629000,0.000000,0.579660,0.000000,measured,LPR-component: HSUS Millennial Ed.: 62.9% of 1820-1917 recorded immigrants male [measured]
1893,0.629000,0.629000,0.000000,0.439730,0.000000,measured,LPR-component: HSUS Millennial Ed.: 62.9% of 1820-1917 recorded immigrants male [measured]
1894,0.629000,0.629000,0.000000,0.285630,0.000000,measured,LPR-component: HSUS Millennial Ed.: 62.9% of 1820-1917 recorded immigrants male [measured]
1895,0.629000,0.629000,0.000000,0.258540,0.000000,measured,LPR-component: HSUS Millennial Ed.: 62.9% of 1820-1917 recorded immigrants male [measured]
1896,0.629000,0.629000,0.000000,0.343270,0.000000,measured,LPR-component: HSUS Millennial Ed.: 62.9% of 1820-1917 recorded immigrants male [measured]
1897,0.629000,0.629000,0.000000,0.230830,0.000000,measured,LPR-component: HSUS Millennial Ed.: 62.9% of 1820-1917 recorded immigrants male [measured]
1898,0.629000,0.629000,0.000000,0.229300,0.000000,measured,LPR-component: HSUS Millennial Ed.: 62.9% of 1820-1917 recorded immigrants male [measured]
1899,0.629000,0.629000,0.000000,0.311720,0.000000,measured,LPR-component: HSUS Millennial Ed.: 62.9% of 1820-1917 recorded immigrants male [measured]
1900,0.629000,0.629000,0.000000,0.448570,0.000000,measured,LPR-component: HSUS Millennial Ed.: 62.9% of 1820-1917 recorded immigrants male [measured]
1901,0.629000,0.629000,0.000000,0.487920,0.000000,measured,LPR-component: HSUS Millennial Ed.: 62.9% of 1820-1917 recorded immigrants male [measured]
1902,0.629000,0.629000,0.000000,0.648740,0.000000,measured,LPR-component: HSUS Millennial Ed.: 62.9% of 1820-1917 recorded immigrants male [measured]
1903,0.629000,0.629000,0.000000,0.857050,0.000000,measured,LPR-component: HSUS Millennial Ed.: 62.9% of 1820-1917 recorded immigrants male [measured]
1904,0.629000,0.629000,0.000000,0.812870,0.000000,measured,LPR-component: HSUS Millennial Ed.: 62.9% of 1820-1917 recorded immigrants male [measured]
1905,0.629000,0.629000,0.000000,1.026500,0.000000,measured,LPR-component: HSUS Millennial Ed.: 62.9% of 1820-1917 recorded immigrants male [measured]
1906,0.629000,0.629000,0.000000,1.100740,0.000000,measured,LPR-component: HSUS Millennial Ed.: 62.9% of 1820-1917 recorded immigrants male [measured]
1907,0.629000,0.629000,0.000000,1.285350,0.000000,measured,LPR-component: HSUS Millennial Ed.: 62.9% of 1820-1917 recorded immigrants male [measured]
1908,0.629000,0.629000,0.000000,0.782870,0.000000,measured,LPR-component: HSUS Millennial Ed.: 62.9% of 1820-1917 recorded immigrants male [measured]
1909,0.629000,0.629000,0.000000,0.751790,0.000000,measured,LPR-component: HSUS Millennial Ed.: 62.9% of 1820-1917 recorded immigrants male [measured]
1910,0.629000,0.629000,0.000000,1.041570,0.000000,measured,LPR-component: HSUS Millennial Ed.: 62.9% of 1820-1917 recorded immigrants male [measured]
1911,0.629000,0.629000,0.000000,0.878590,0.000000,measured,LPR-component: HSUS Millennial Ed.: 62.9% of 1820-1917 recorded immigrants male [measured]
1912,0.629000,0.629000,0.000000,0.838170,0.000000,measured,LPR-component: HSUS Millennial Ed.: 62.9% of 1820-1917 recorded immigrants male [measured]
1913,0.629000,0.629000,0.000000,1.197890,0.000000,measured,LPR-component: HSUS Millennial Ed.: 62.9% of 1820-1917 recorded immigrants male [measured]
1914,0.629000,0.629000,0.000000,1.218480,0.000000,measured,LPR-component: HSUS Millennial Ed.: 62.9% of 1820-1917 recorded immigrants male [measured]
1915,0.629000,0.629000,0.000000,0.326700,0.000000,measured,LPR-component: HSUS Millennial Ed.: 62.9% of 1820-1917 recorded immigrants male [measured]
1916,0.629000,0.629000,0.000000,0.298830,0.000000,measured,LPR-component: HSUS Millennial Ed.: 62.9% of 1820-1917 recorded immigrants male [measured]
1917,0.629000,0.629000,0.000000,0.295400,0.000000,measured,LPR-component: HSUS Millennial Ed.: 62.9% of 1820-1917 recorded immigrants male [measured]
1918,0.625091,0.625091,0.000000,0.110620,0.000000,estimated,LPR-component: interpolated quota-era convergence to ~parity [estimated]
1919,0.621182,0.621182,0.000000,0.141130,0.000000,estimated,LPR-component: interpolated quota-era convergence to ~parity [estimated]
1920,0.617273,0.617273,0.000000,0.430000,0.000000,estimated,LPR-component: interpolated quota-era convergence to ~parity [estimated]
1921,0.613364,0.613364,0.000000,0.805230,0.000000,estimated,LPR-component: interpolated quota-era convergence to ~parity [estimated]
1922,0.609455,0.609455,0.000000,0.309560,0.000000,estimated,LPR-component: interpolated quota-era convergence to ~parity [estimated]
1923,0.605545,0.605545,0.000000,0.522920,0.000000,estimated,LPR-component: interpolated quota-era convergence to ~parity [estimated]
1924,0.601636,0.601636,0.000000,0.706900,0.000000,estimated,LPR-component: interpolated quota-era convergence to ~parity [estimated]
1925,0.597727,0.597727,0.000000,0.294310,0.000000,estimated,LPR-component: interpolated quota-era convergence to ~parity [estimated]
1926,0.593818,0.593818,0.000000,0.304490,0.000000,estimated,LPR-component: interpolated quota-era convergence to ~parity [estimated]
1927,0.589909,0.589909,0.000000,0.335180,0.000000,estimated,LPR-component: interpolated quota-era convergence to ~parity [estimated]
1928,0.586000,0.586000,0.000000,0.307260,0.000000,estimated,LPR-component: interpolated quota-era convergence to ~parity [estimated]
1929,0.582091,0.582091,0.000000,0.279680,0.000000,estimated,LPR-component: interpolated quota-era convergence to ~parity [estimated]
1930,0.578182,0.578182,0.000000,0.241700,0.000000,estimated,LPR-component: interpolated quota-era convergence to ~parity [estimated]
1931,0.574273,0.574273,0.000000,0.097140,0.000000,estimated,LPR-component: interpolated quota-era convergence to ~parity [estimated]
1932,0.570364,0.570364,0.000000,0.035580,0.000000,estimated,LPR-component: interpolated quota-era convergence to ~parity [estimated]
1933,0.566455,0.566455,0.000000,0.023070,0.000000,estimated,LPR-component: interpolated quota-era convergence to ~parity [estimated]
1934,0.562545,0.562545,0.000000,0.029470,0.000000,estimated,LPR-component: interpolated quota-era convergence to ~parity [estimated]
1935,0.558636,0.558636,0.000000,0.034960,0.000000,estimated,LPR-component: interpolated quota-era convergence to ~parity [estimated]
1936,0.554727,0.554727,0.000000,0.036330,0.000000,estimated,LPR-component: interpolated quota-era convergence to ~parity [estimated]
1937,0.550818,0.550818,0.000000,0.050240,0.000000,estimated,LPR-component: interpolated quota-era convergence to ~parity [estimated]
1938,0.546909,0.546909,0.000000,0.067900,0.000000,estimated,LPR-component: interpolated quota-era convergence to ~parity [estimated]
1939,0.543000,0.543000,0.000000,0.083000,0.000000,estimated,LPR-component: interpolated quota-era convergence to ~parity [estimated]
1940,0.539091,0.539091,0.000000,0.070760,0.000000,estimated,LPR-component: interpolated quota-era convergence to ~parity [estimated]
1941,0.535182,0.535182,0.000000,0.051780,0.000000,estimated,LPR-component: interpolated quota-era convergence to ~parity [estimated]
1942,0.531273,0.531273,0.000000,0.028780,0.000000,estimated,LPR-component: interpolated quota-era convergence to ~parity [estimated]
1943,0.527364,0.527364,0.000000,0.023730,0.000000,estimated,LPR-component: interpolated quota-era convergence to ~parity [estimated]
1944,0.523455,0.523455,0.000000,0.028550,0.000000,estimated,LPR-component: interpolated quota-era convergence to ~parity [estimated]
1945,0.519545,0.519545,0.000000,0.038120,0.000000,estimated,LPR-component: interpolated quota-era convergence to ~parity [estimated]
1946,0.515636,0.515636,0.000000,0.108720,0.000000,estimated,LPR-component: interpolated quota-era convergence to ~parity [estimated]
1947,0.511727,0.511727,0.000000,0.147290,0.000000,estimated,LPR-component: interpolated quota-era convergence to ~parity [estimated]
1948,0.507818,0.507818,0.000000,0.170570,0.000000,estimated,LPR-component: interpolated quota-era convergence to ~parity [estimated]
1949,0.503909,0.503909,0.000000,0.188320,0.000000,estimated,LPR-component: interpolated quota-era convergence to ~parity [estimated]
1950,0.500000,0.500000,0.000000,0.249190,0.000000,estimated,LPR-component: HSUS: foreign-born sex ratio ~1 by 1950 (quota-era anchor) [estimated]
1951,0.499355,0.499355,0.000000,0.205720,0.000000,estimated,LPR-component: between 1950 parity anchor and measured 2015 DHS anchor [estimated]
1952,0.498711,0.498711,0.000000,0.265520,0.000000,estimated,LPR-component: between 1950 parity anchor and measured 2015 DHS anchor [estimated]
1953,0.498066,0.498066,0.000000,0.170430,0.000000,estimated,LPR-component: between 1950 parity anchor and measured 2015 DHS anchor [estimated]
1954,0.497422,0.497422,0.000000,0.208180,0.000000,estimated,LPR-component: between 1950 parity anchor and measured 2015 DHS anchor [estimated]
1955,0.496777,0.496777,0.000000,0.237790,0.000000,estimated,LPR-component: between 1950 parity anchor and measured 2015 DHS anchor [estimated]
1956,0.496133,0.496133,0.000000,0.321630,0.000000,estimated,LPR-component: between 1950 parity anchor and measured 2015 DHS anchor [estimated]
1957,0.495488,0.495488,0.000000,0.326870,0.000000,estimated,LPR-component: between 1950 parity anchor and measured 2015 DHS anchor [estimated]
1958,0.494844,0.494844,0.000000,0.253270,0.000000,estimated,LPR-component: between 1950 parity anchor and measured 2015 DHS anchor [estimated]
1959,0.494199,0.494199,0.000000,0.260690,0.000000,estimated,LPR-component: between 1950 parity anchor and measured 2015 DHS anchor [estimated]
1960,0.493555,0.493555,0.000000,0.265400,0.000000,estimated,LPR-component: between 1950 parity anchor and measured 2015 DHS anchor [estimated]
1961,0.492910,0.492910,0.000000,0.271340,0.000000,estimated,LPR-component: between 1950 parity anchor and measured 2015 DHS anchor [estimated]
1962,0.492266,0.492266,0.000000,0.283760,0.000000,estimated,LPR-component: between 1950 parity anchor and measured 2015 DHS anchor [estimated]
1963,0.491621,0.491621,0.000000,0.306260,0.000000,estimated,LPR-component: between 1950 parity anchor and measured 2015 DHS anchor [estimated]
1964,0.490977,0.490977,0.000000,0.292250,0.000000,estimated,LPR-component: between 1950 parity anchor and measured 2015 DHS anchor [estimated]
1965,0.490332,0.490332,0.000000,0.296700,0.000000,estimated,LPR-component: between 1950 parity anchor and measured 2015 DHS anchor [estimated]
1966,0.489688,0.489688,0.000000,0.323040,0.000000,estimated,LPR-component: between 1950 parity anchor and measured 2015 DHS anchor [estimated]
1967,0.489043,0.489043,0.000000,0.361970,0.000000,estimated,LPR-component: between 1950 parity anchor and measured 2015 DHS anchor [estimated]
1968,0.488399,0.488399,0.000000,0.454450,0.000000,estimated,LPR-component: between 1950 parity anchor and measured 2015 DHS anchor [estimated]
1969,0.487754,0.487754,0.000000,0.358580,0.000000,estimated,LPR-component: between 1950 parity anchor and measured 2015 DHS anchor [estimated]
1970,0.487110,0.487110,0.000000,0.373330,0.000000,estimated,LPR-component: between 1950 parity anchor and measured 2015 DHS anchor [estimated]
1971,0.486465,0.486465,0.000000,0.370480,0.000000,estimated,LPR-component: between 1950 parity anchor and measured 2015 DHS anchor [estimated]
1972,0.485821,0.485821,0.000000,0.384690,0.000000,estimated,LPR-component: between 1950 parity anchor and measured 2015 DHS anchor [estimated]
1973,0.485176,0.485176,0.000000,0.398520,0.000000,estimated,LPR-component: between 1950 parity anchor and measured 2015 DHS anchor [estimated]
1974,0.484532,0.484532,0.000000,0.393920,0.000000,estimated,LPR-component: between 1950 parity anchor and measured 2015 DHS anchor [estimated]
1975,0.483887,0.483887,0.000000,0.385380,0.000000,estimated,LPR-component: between 1950 parity anchor and measured 2015 DHS anchor [estimated]
1976,0.483243,0.483243,0.000000,0.499090,0.000000,estimated,LPR-component: between 1950 parity anchor and measured 2015 DHS anchor [estimated]
1977,0.482598,0.482598,0.000000,0.458760,0.000000,estimated,LPR-component: between 1950 parity anchor and measured 2015 DHS anchor [estimated]
1978,0.481954,0.481954,0.000000,0.589810,0.000000,estimated,LPR-component: between 1950 parity anchor and measured 2015 DHS anchor [estimated]
1979,0.481309,0.481309,0.000000,0.394240,0.000000,estimated,LPR-component: between 1950 parity anchor and measured 2015 DHS anchor [estimated]
1980,0.481985,0.480665,0.521320,0.524300,0.017600,estimated,LPR 0.524M x 0.4807 [estimated] + unauth 0.018M x 0.5213 [estimated]
1981,0.489080,0.480020,0.521320,0.595010,0.167200,estimated,LPR 0.595M x 0.4800 [estimated] + unauth 0.167M x 0.5213 [estimated]
1982,0.489432,0.479376,0.521320,0.533620,0.168275,estimated,LPR 0.534M x 0.4794 [estimated] + unauth 0.168M x 0.5213 [estimated]
1983,0.488777,0.478731,0.521320,0.550050,0.169780,estimated,LPR 0.550M x 0.4787 [estimated] + unauth 0.170M x 0.5213 [estimated]
1984,0.488473,0.478087,0.521320,0.541810,0.171315,estimated,LPR 0.542M x 0.4781 [estimated] + unauth 0.171M x 0.5213 [estimated]
1985,0.487667,0.477442,0.521320,0.568150,0.172620,estimated,LPR 0.568M x 0.4774 [estimated] + unauth 0.173M x 0.5213 [estimated]
1986,0.486803,0.476798,0.521320,0.600030,0.173925,estimated,LPR 0.600M x 0.4768 [estimated] + unauth 0.174M x 0.5213 [estimated]
1987,0.486351,0.476153,0.521320,0.599890,0.174940,estimated,LPR 0.600M x 0.4762 [estimated] + unauth 0.175M x 0.5213 [estimated]
1988,0.485424,0.475509,0.521320,0.641350,0.177145,estimated,LPR 0.641M x 0.4755 [estimated] + unauth 0.177M x 0.5213 [estimated]
1989,0.481390,0.474864,0.521320,1.090170,0.178160,estimated,LPR 1.090M x 0.4749 [estimated] + unauth 0.178M x 0.5213 [estimated]
1990,0.479132,0.474220,0.521320,1.535870,0.178810,estimated,LPR 1.536M x 0.4742 [estimated] + unauth 0.179M x 0.5213 [estimated]
1991,0.479923,0.473575,0.521320,1.826600,0.280100,estimated,LPR 1.827M x 0.4736 [estimated] + unauth 0.280M x 0.5213 [estimated]
1992,0.483796,0.472931,0.521320,0.973450,0.281875,estimated,LPR 0.973M x 0.4729 [estimated] + unauth 0.282M x 0.5213 [estimated]
1993,0.484047,0.472286,0.521320,0.903920,0.285200,estimated,LPR 0.904M x 0.4723 [estimated] + unauth 0.285M x 0.5213 [estimated]
1994,0.484724,0.471642,0.521320,0.803990,0.287400,estimated,LPR 0.804M x 0.4716 [estimated] + unauth 0.287M x 0.5213 [estimated]
1995,0.485430,0.470997,0.521320,0.720180,0.289600,estimated,LPR 0.720M x 0.4710 [estimated] + unauth 0.290M x 0.5213 [estimated]
1996,0.482671,0.470353,0.521320,0.915560,0.291800,estimated,LPR 0.916M x 0.4704 [estimated] + unauth 0.292M x 0.5213 [estimated]
1997,0.497188,0.469708,0.521320,0.797850,0.908500,estimated,LPR 0.798M x 0.4697 [estimated] + unauth 0.909M x 0.5213 [estimated]
1998,0.499560,0.469064,0.521320,0.653210,0.915439,estimated,LPR 0.653M x 0.4691 [estimated] + unauth 0.915M x 0.5213 [estimated]
1999,0.499562,0.468419,0.521320,0.644790,0.922878,estimated,LPR 0.645M x 0.4684 [estimated] + unauth 0.923M x 0.5213 [estimated]
2000,0.495887,0.467775,0.521320,0.841000,0.929558,estimated,LPR 0.841M x 0.4678 [estimated] + unauth 0.930M x 0.5213 [estimated]
2001,0.483982,0.467130,0.521320,1.058900,0.477910,estimated,LPR 1.059M x 0.4671 [estimated] + unauth 0.478M x 0.5213 [estimated]
2002,0.483618,0.466486,0.521320,1.059360,0.481361,estimated,LPR 1.059M x 0.4665 [estimated] + unauth 0.481M x 0.5213 [estimated]
2003,0.488450,0.465841,0.521320,0.703540,0.483885,estimated,LPR 0.704M x 0.4658 [estimated] + unauth 0.484M x 0.5213 [estimated]
2004,0.484071,0.465197,0.521320,0.957880,0.485360,estimated,LPR 0.958M x 0.4652 [estimated] + unauth 0.485M x 0.5213 [estimated]
2005,0.481798,0.464552,0.521320,1.122260,0.489697,estimated,LPR 1.122M x 0.4646 [estimated] + unauth 0.490M x 0.5213 [estimated]
2006,0.487839,0.463908,0.521320,1.266130,0.904969,estimated,LPR 1.266M x 0.4639 [estimated] + unauth 0.905M x 0.5213 [estimated]
2007,0.483438,0.463263,0.521320,1.052420,0.560480,estimated,LPR 1.052M x 0.4633 [estimated] + unauth 0.560M x 0.5213 [estimated]
2008,0.467277,0.462619,0.521320,1.107130,0.095418,estimated,LPR 1.107M x 0.4626 [estimated] + unauth 0.095M x 0.5213 [estimated]
2009,0.466423,0.461974,0.521320,1.130820,0.091640,estimated,LPR 1.131M x 0.4620 [estimated] + unauth 0.092M x 0.5213 [estimated]
2010,0.489547,0.461330,0.521320,1.042630,0.925946,estimated,LPR 1.043M x 0.4613 [estimated] + unauth 0.926M x 0.5213 [estimated]
2011,0.465595,0.460685,0.521320,1.062040,0.093566,estimated,LPR 1.062M x 0.4607 [estimated] + unauth 0.094M x 0.5213 [estimated]
2012,0.465121,0.460041,0.521320,1.031630,0.093254,estimated,LPR 1.032M x 0.4600 [estimated] + unauth 0.093M x 0.5213 [estimated]
2013,0.464758,0.459396,0.521320,0.990550,0.093897,estimated,LPR 0.991M x 0.4594 [estimated] + unauth 0.094M x 0.5213 [estimated]
2014,0.474515,0.458752,0.521320,1.016520,0.342337,estimated,LPR 1.017M x 0.4588 [estimated] + unauth 0.342M x 0.5213 [estimated]
2015,0.463434,0.458107,0.521320,1.051030,0.096722,estimated,LPR 1.051M x 0.4581 [measured] + unauth 0.097M x 0.5213 [estimated]
2016,0.474786,0.458776,0.521320,1.183510,0.407160,estimated,LPR 1.184M x 0.4588 [interpolated] + unauth 0.407M x 0.5213 [estimated]
2017,0.464557,0.459445,0.521320,1.127170,0.101497,estimated,LPR 1.127M x 0.4594 [interpolated] + unauth 0.101M x 0.5213 [estimated]
2018,0.471451,0.460114,0.519447,1.096610,0.259016,interpolated,LPR 1.097M x 0.4601 [interpolated] + unauth 0.259M x 0.5194 [measured]
2019,0.466068,0.460784,0.520252,1.031770,0.100624,interpolated,LPR 1.032M x 0.4608 [interpolated] + unauth 0.101M x 0.5203 [measured]
2020,0.470177,0.461453,0.524263,0.707360,0.114100,measured,LPR 0.707M x 0.4615 [measured] + unauth 0.114M x 0.5243 [measured]
2021,0.479874,0.454661,0.533287,0.740000,0.349304,interpolated,LPR 0.740M x 0.4547 [measured] + unauth 0.349M x 0.5333 [interpolated]
2022,0.485099,0.465697,0.542311,1.018350,0.345350,measured,LPR 1.018M x 0.4657 [measured] + unauth 0.345M x 0.5423 [measured]
2023,0.472608,0.452336,0.542311,1.172910,0.341108,interpolated,LPR 1.173M x 0.4523 [measured] + unauth 0.341M x 0.5423 [interpolated]
2024,0.470333,0.452336,0.542311,1.364090,0.341070,interpolated,LPR 1.364M x 0.4523 [interpolated] + unauth 0.341M x 0.5423 [interpolated]
2025,0.470333,0.452336,0.542311,0.000000,0.341070,interpolated,2024 blend held
