year,immigration_M,birth_rate,death_rate,tfr,cbr_per_1000,cdr_per_1000,quality,quality_note
1650,0.001022,0.104000,0.028000,,52.00,28.00,assumed,immigration: demographic residual vs population anchors [interpolated]; vitals: CBR=52/CDR=28 assumed colonial [assumed]
1651,0.001022,0.104000,0.028000,,52.00,28.00,assumed,immigration: demographic residual vs population anchors [interpolated]; vitals: CBR=52/CDR=28 assumed colonial [assumed]
1652,0.001022,0.104000,0.028000,,52.00,28.00,assumed,immigration: demographic residual vs population anchors [interpolated]; vitals: CBR=52/CDR=28 assumed colonial [assumed]
1653,0.001022,0.104000,0.028000,,52.00,28.00,assumed,immigration: demographic residual vs population anchors [interpolated]; vitals: CBR=52/CDR=28 assumed colonial [assumed]
1654,0.001022,0.104000,0.028000,,52.00,28.00,assumed,immigration: demographic residual vs population anchors [interpolated]; vitals: CBR=52/CDR=28 assumed colonial [assumed]
1655,0.001022,0.104000,0.028000,,52.00,28.00,assumed,immigration: demographic residual vs population anchors [interpolated]; vitals: CBR=52/CDR=28 assumed colonial [assumed]
1656,0.001022,0.104000,0.028000,,52.00,28.00,assumed,immigration: demographic residual vs population anchors [interpolated]; vitals: CBR=52/CDR=28 assumed colonial [assumed]
1657,0.001022,0.104000,0.028000,,52.00,28.00,assumed,immigration: demographic residual vs population anchors [interpolated]; vitals: CBR=52/CDR=28 assumed colonial [assumed]
1658,0.001022,0.104000,0.028000,,52.00,28.00,assumed,immigration: demographic residual vs population anchors [interpolated]; vitals: CBR=52/CDR=28 assumed colonial [assumed]
1659,0.001022,0.104000,0.028000,,52.00,28.00,assumed,immigration: demographic residual vs population anchors [interpolated]; vitals: CBR=52/CDR=28 assumed colonial [assumed]
1660,0.001531,0.104000,0.028000,,52.00,28.00,assumed,immigration: demographic residual vs population anchors [interpolated]; vitals: CBR=52/CDR=28 assumed colonial [assumed]
1661,0.001531,0.104000,0.028000,,52.00,28.00,assumed,immigration: demographic residual vs population anchors [interpolated]; vitals: CBR=52/CDR=28 assumed colonial [assumed]
1662,0.001531,0.104000,0.028000,,52.00,28.00,assumed,immigration: demographic residual vs population anchors [interpolated]; vitals: CBR=52/CDR=28 assumed colonial [assumed]
1663,0.001531,0.104000,0.028000,,52.00,28.00,assumed,immigration: demographic residual vs population anchors [interpolated]; vitals: CBR=52/CDR=28 assumed colonial [assumed]
1664,0.001531,0.104000,0.028000,,52.00,28.00,assumed,immigration: demographic residual vs population anchors [interpolated]; vitals: CBR=52/CDR=28 assumed colonial [assumed]
1665,0.001531,0.104000,0.028000,,52.00,28.00,assumed,immigration: demographic residual vs population anchors [interpolated]; vitals: CBR=52/CDR=28 assumed colonial [assumed]
1666,0.001531,0.104000,0.028000,,52.00,28.00,assumed,immigration: demographic residual vs population anchors [interpolated]; vitals: CBR=52/CDR=28 assumed colonial [assumed]
1667,0.001531,0.104000,0.028000,,52.00,28.00,assumed,immigration: demographic residual vs population anchors [interpolated]; vitals: CBR=52/CDR=28 assumed colonial [assumed]
1668,0.001531,0.104000,0.028000,,52.00,28.00,assumed,immigration: demographic residual vs population anchors [interpolated]; vitals: CBR=52/CDR=28 assumed colonial [assumed]
1669,0.001531,0.104000,0.028000,,52.00,28.00,assumed,immigration: demographic residual vs population anchors [interpolated]; vitals: CBR=52/CDR=28 assumed colonial [assumed]
1670,0.000912,0.104000,0.028000,,52.00,28.00,assumed,immigration: demographic residual vs population anchors [interpolated]; vitals: CBR=52/CDR=28 assumed colonial [assumed]
1671,0.000912,0.104000,0.028000,,52.00,28.00,assumed,immigration: demographic residual vs population anchors [interpolated]; vitals: CBR=52/CDR=28 assumed colonial [assumed]
1672,0.000912,0.104000,0.028000,,52.00,28.00,assumed,immigration: demographic residual vs population anchors [interpolated]; vitals: CBR=52/CDR=28 assumed colonial [assumed]
1673,0.000912,0.104000,0.028000,,52.00,28.00,assumed,immigration: demographic residual vs population anchors [interpolated]; vitals: CBR=52/CDR=28 assumed colonial [assumed]
1674,0.000912,0.104000,0.028000,,52.00,28.00,assumed,immigration: demographic residual vs population anchors [interpolated]; vitals: CBR=52/CDR=28 assumed colonial [assumed]
1675,0.000912,0.104000,0.028000,,52.00,28.00,assumed,immigration: demographic residual vs population anchors [interpolated]; vitals: CBR=52/CDR=28 assumed colonial [assumed]
1676,0.000912,0.104000,0.028000,,52.00,28.00,assumed,immigration: demographic residual vs population anchors [interpolated]; vitals: CBR=52/CDR=28 assumed colonial [assumed]
1677,0.000912,0.104000,0.028000,,52.00,28.00,assumed,immigration: demographic residual vs population anchors [interpolated]; vitals: CBR=52/CDR=28 assumed colonial [assumed]
1678,0.000912,0.104000,0.028000,,52.00,28.00,assumed,immigration: demographic residual vs population anchors [interpolated]; vitals: CBR=52/CDR=28 assumed colonial [assumed]
1679,0.000912,0.104000,0.028000,,52.00,28.00,assumed,immigration: demographic residual vs population anchors [interpolated]; vitals: CBR=52/CDR=28 assumed colonial [assumed]
1680,0.001706,0.104000,0.028000,,52.00,28.00,assumed,immigration: demographic residual vs population anchors [interpolated]; vitals: CBR=52/CDR=28 assumed colonial [assumed]
1681,0.001706,0.104000,0.028000,,52.00,28.00,assumed,immigration: demographic residual vs population anchors [interpolated]; vitals: CBR=52/CDR=28 assumed colonial [assumed]
1682,0.001706,0.104000,0.028000,,52.00,28.00,assumed,immigration: demographic residual vs population anchors [interpolated]; vitals: CBR=52/CDR=28 assumed colonial [assumed]
1683,0.001706,0.104000,0.028000,,52.00,28.00,assumed,immigration: demographic residual vs population anchors [interpolated]; vitals: CBR=52/CDR=28 assumed colonial [assumed]
1684,0.001706,0.104000,0.028000,,52.00,28.00,assumed,immigration: demographic residual vs population anchors [interpolated]; vitals: CBR=52/CDR=28 assumed colonial [assumed]
1685,0.001706,0.104000,0.028000,,52.00,28.00,assumed,immigration: demographic residual vs population anchors [interpolated]; vitals: CBR=52/CDR=28 assumed colonial [assumed]
1686,0.001706,0.104000,0.028000,,52.00,28.00,assumed,immigration: demographic residual vs population anchors [interpolated]; vitals: CBR=52/CDR=28 assumed colonial [assumed]
1687,0.001706,0.104000,0.028000,,52.00,28.00,assumed,immigration: demographic residual vs population anchors [interpolated]; vitals: CBR=52/CDR=28 assumed colonial [assumed]
1688,0.001706,0.104000,0.028000,,52.00,28.00,assumed,immigration: demographic residual vs population anchors [interpolated]; vitals: CBR=52/CDR=28 assumed colonial [assumed]
1689,0.001706,0.104000,0.028000,,52.00,28.00,assumed,immigration: demographic residual vs population anchors [interpolated]; vitals: CBR=52/CDR=28 assumed colonial [assumed]
1690,0.000000,0.104000,0.028000,,52.00,28.00,assumed,immigration: demographic residual vs population anchors [interpolated]; vitals: CBR=52/CDR=28 assumed colonial [assumed]
1691,0.000000,0.104000,0.028000,,52.00,28.00,assumed,immigration: demographic residual vs population anchors [interpolated]; vitals: CBR=52/CDR=28 assumed colonial [assumed]
1692,0.000000,0.104000,0.028000,,52.00,28.00,assumed,immigration: demographic residual vs population anchors [interpolated]; vitals: CBR=52/CDR=28 assumed colonial [assumed]
1693,0.000000,0.104000,0.028000,,52.00,28.00,assumed,immigration: demographic residual vs population anchors [interpolated]; vitals: CBR=52/CDR=28 assumed colonial [assumed]
1694,0.000000,0.104000,0.028000,,52.00,28.00,assumed,immigration: demographic residual vs population anchors [interpolated]; vitals: CBR=52/CDR=28 assumed colonial [assumed]
1695,0.000000,0.104000,0.028000,,52.00,28.00,assumed,immigration: demographic residual vs population anchors [interpolated]; vitals: CBR=52/CDR=28 assumed colonial [assumed]
1696,0.000000,0.104000,0.028000,,52.00,28.00,assumed,immigration: demographic residual vs population anchors [interpolated]; vitals: CBR=52/CDR=28 assumed colonial [assumed]
1697,0.000000,0.104000,0.028000,,52.00,28.00,assumed,immigration: demographic residual vs population anchors [interpolated]; vitals: CBR=52/CDR=28 assumed colonial [assumed]
1698,0.000000,0.104000,0.028000,,52.00,28.00,assumed,immigration: demographic residual vs population anchors [interpolated]; vitals: CBR=52/CDR=28 assumed colonial [assumed]
1699,0.000000,0.104000,0.028000,,52.00,28.00,assumed,immigration: demographic residual vs population anchors [interpolated]; vitals: CBR=52/CDR=28 assumed colonial [assumed]
1700,0.001346,0.104000,0.028000,,52.00,28.00,assumed,immigration: demographic residual vs population anchors [interpolated]; vitals: CBR=52/CDR=28 assumed colonial [assumed]
1701,0.001346,0.104000,0.028000,,52.00,28.00,assumed,immigration: demographic residual vs population anchors [interpolated]; vitals: CBR=52/CDR=28 assumed colonial [assumed]
1702,0.001346,0.104000,0.028000,,52.00,28.00,assumed,immigration: demographic residual vs population anchors [interpolated]; vitals: CBR=52/CDR=28 assumed colonial [assumed]
1703,0.001346,0.104000,0.028000,,52.00,28.00,assumed,immigration: demographic residual vs population anchors [interpolated]; vitals: CBR=52/CDR=28 assumed colonial [assumed]
1704,0.001346,0.104000,0.028000,,52.00,28.00,assumed,immigration: demographic residual vs population anchors [interpolated]; vitals: CBR=52/CDR=28 assumed colonial [assumed]
1705,0.001346,0.104000,0.028000,,52.00,28.00,assumed,immigration: demographic residual vs population anchors [interpolated]; vitals: CBR=52/CDR=28 assumed colonial [assumed]
1706,0.001346,0.104000,0.028000,,52.00,28.00,assumed,immigration: demographic residual vs population anchors [interpolated]; vitals: CBR=52/CDR=28 assumed colonial [assumed]
1707,0.001346,0.104000,0.028000,,52.00,28.00,assumed,immigration: demographic residual vs population anchors [interpolated]; vitals: CBR=52/CDR=28 assumed colonial [assumed]
1708,0.001346,0.104000,0.028000,,52.00,28.00,assumed,immigration: demographic residual vs population anchors [interpolated]; vitals: CBR=52/CDR=28 assumed colonial [assumed]
1709,0.001346,0.104000,0.028000,,52.00,28.00,assumed,immigration: demographic residual vs population anchors [interpolated]; vitals: CBR=52/CDR=28 assumed colonial [assumed]
1710,0.004232,0.104000,0.028000,,52.00,28.00,assumed,immigration: demographic residual vs population anchors [interpolated]; vitals: CBR=52/CDR=28 assumed colonial [assumed]
1711,0.004232,0.104000,0.028000,,52.00,28.00,assumed,immigration: demographic residual vs population anchors [interpolated]; vitals: CBR=52/CDR=28 assumed colonial [assumed]
1712,0.004232,0.104000,0.028000,,52.00,28.00,assumed,immigration: demographic residual vs population anchors [interpolated]; vitals: CBR=52/CDR=28 assumed colonial [assumed]
1713,0.004232,0.104000,0.028000,,52.00,28.00,assumed,immigration: demographic residual vs population anchors [interpolated]; vitals: CBR=52/CDR=28 assumed colonial [assumed]
1714,0.004232,0.104000,0.028000,,52.00,28.00,assumed,immigration: demographic residual vs population anchors [interpolated]; vitals: CBR=52/CDR=28 assumed colonial [assumed]
1715,0.004232,0.104000,0.028000,,52.00,28.00,assumed,immigration: demographic residual vs population anchors [interpolated]; vitals: CBR=52/CDR=28 assumed colonial [assumed]
1716,0.004232,0.104000,0.028000,,52.00,28.00,assumed,immigration: demographic residual vs population anchors [interpolated]; vitals: CBR=52/CDR=28 assumed colonial [assumed]
1717,0.004232,0.104000,0.028000,,52.00,28.00,assumed,immigration: demographic residual vs population anchors [interpolated]; vitals: CBR=52/CDR=28 assumed colonial [assumed]
1718,0.004232,0.104000,0.028000,,52.00,28.00,assumed,immigration: demographic residual vs population anchors [interpolated]; vitals: CBR=52/CDR=28 assumed colonial [assumed]
1719,0.004232,0.104000,0.028000,,52.00,28.00,assumed,immigration: demographic residual vs population anchors [interpolated]; vitals: CBR=52/CDR=28 assumed colonial [assumed]
1720,0.003663,0.104000,0.028000,,52.00,28.00,assumed,immigration: demographic residual vs population anchors [interpolated]; vitals: CBR=52/CDR=28 assumed colonial [assumed]
1721,0.003663,0.104000,0.028000,,52.00,28.00,assumed,immigration: demographic residual vs population anchors [interpolated]; vitals: CBR=52/CDR=28 assumed colonial [assumed]
1722,0.003663,0.104000,0.028000,,52.00,28.00,assumed,immigration: demographic residual vs population anchors [interpolated]; vitals: CBR=52/CDR=28 assumed colonial [assumed]
1723,0.003663,0.104000,0.028000,,52.00,28.00,assumed,immigration: demographic residual vs population anchors [interpolated]; vitals: CBR=52/CDR=28 assumed colonial [assumed]
1724,0.003663,0.104000,0.028000,,52.00,28.00,assumed,immigration: demographic residual vs population anchors [interpolated]; vitals: CBR=52/CDR=28 assumed colonial [assumed]
1725,0.003663,0.104000,0.028000,,52.00,28.00,assumed,immigration: demographic residual vs population anchors [interpolated]; vitals: CBR=52/CDR=28 assumed colonial [assumed]
1726,0.003663,0.104000,0.028000,,52.00,28.00,assumed,immigration: demographic residual vs population anchors [interpolated]; vitals: CBR=52/CDR=28 assumed colonial [assumed]
1727,0.003663,0.104000,0.028000,,52.00,28.00,assumed,immigration: demographic residual vs population anchors [interpolated]; vitals: CBR=52/CDR=28 assumed colonial [assumed]
1728,0.003663,0.104000,0.028000,,52.00,28.00,assumed,immigration: demographic residual vs population anchors [interpolated]; vitals: CBR=52/CDR=28 assumed colonial [assumed]
1729,0.003663,0.104000,0.028000,,52.00,28.00,assumed,immigration: demographic residual vs population anchors [interpolated]; vitals: CBR=52/CDR=28 assumed colonial [assumed]
1730,0.009892,0.104000,0.028000,,52.00,28.00,assumed,immigration: demographic residual vs population anchors [interpolated]; vitals: CBR=52/CDR=28 assumed colonial [assumed]
1731,0.009892,0.104000,0.028000,,52.00,28.00,assumed,immigration: demographic residual vs population anchors [interpolated]; vitals: CBR=52/CDR=28 assumed colonial [assumed]
1732,0.009892,0.104000,0.028000,,52.00,28.00,assumed,immigration: demographic residual vs population anchors [interpolated]; vitals: CBR=52/CDR=28 assumed colonial [assumed]
1733,0.009892,0.104000,0.028000,,52.00,28.00,assumed,immigration: demographic residual vs population anchors [interpolated]; vitals: CBR=52/CDR=28 assumed colonial [assumed]
1734,0.009892,0.104000,0.028000,,52.00,28.00,assumed,immigration: demographic residual vs population anchors [interpolated]; vitals: CBR=52/CDR=28 assumed colonial [assumed]
1735,0.009892,0.104000,0.028000,,52.00,28.00,assumed,immigration: demographic residual vs population anchors [interpolated]; vitals: CBR=52/CDR=28 assumed colonial [assumed]
1736,0.009892,0.104000,0.028000,,52.00,28.00,assumed,immigration: demographic residual vs population anchors [interpolated]; vitals: CBR=52/CDR=28 assumed colonial [assumed]
1737,0.009892,0.104000,0.028000,,52.00,28.00,assumed,immigration: demographic residual vs population anchors [interpolated]; vitals: CBR=52/CDR=28 assumed colonial [assumed]
1738,0.009892,0.104000,0.028000,,52.00,28.00,assumed,immigration: demographic residual vs population anchors [interpolated]; vitals: CBR=52/CDR=28 assumed colonial [assumed]
1739,0.009892,0.104000,0.028000,,52.00,28.00,assumed,immigration: demographic residual vs population anchors [interpolated]; vitals: CBR=52/CDR=28 assumed colonial [assumed]
1740,0.002502,0.104000,0.028000,,52.00,28.00,assumed,immigration: demographic residual vs population anchors [interpolated]; vitals: CBR=52/CDR=28 assumed colonial [assumed]
1741,0.002502,0.104000,0.028000,,52.00,28.00,assumed,immigration: demographic residual vs population anchors [interpolated]; vitals: CBR=52/CDR=28 assumed colonial [assumed]
1742,0.002502,0.104000,0.028000,,52.00,28.00,assumed,immigration: demographic residual vs population anchors [interpolated]; vitals: CBR=52/CDR=28 assumed colonial [assumed]
1743,0.002502,0.104000,0.028000,,52.00,28.00,assumed,immigration: demographic residual vs population anchors [interpolated]; vitals: CBR=52/CDR=28 assumed colonial [assumed]
1744,0.002502,0.104000,0.028000,,52.00,28.00,assumed,immigration: demographic residual vs population anchors [interpolated]; vitals: CBR=52/CDR=28 assumed colonial [assumed]
1745,0.002502,0.104000,0.028000,,52.00,28.00,assumed,immigration: demographic residual vs population anchors [interpolated]; vitals: CBR=52/CDR=28 assumed colonial [assumed]
1746,0.002502,0.104000,0.028000,,52.00,28.00,assumed,immigration: demographic residual vs population anchors [interpolated]; vitals: CBR=52/CDR=28 assumed colonial [assumed]
1747,0.002502,0.104000,0.028000,,52.00,28.00,assumed,immigration: demographic residual vs population anchors [interpolated]; vitals: CBR=52/CDR=28 assumed colonial [assumed]
1748,0.002502,0.104000,0.028000,,52.00,28.00,assumed,immigration: demographic residual vs population anchors [interpolated]; vitals: CBR=52/CDR=28 assumed colonial [assumed]
1749,0.002502,0.104000,0.028000,,52.00,28.00,assumed,immigration: demographic residual vs population anchors [interpolated]; vitals: CBR=52/CDR=28 assumed colonial [assumed]
1750,0.010341,0.104000,0.028000,,52.00,28.00,assumed,immigration: demographic residual vs population anchors [interpolated]; vitals: CBR=52/CDR=28 assumed colonial [assumed]
1751,0.010341,0.104000,0.028000,,52.00,28.00,assumed,immigration: demographic residual vs population anchors [interpolated]; vitals: CBR=52/CDR=28 assumed colonial [assumed]
1752,0.010341,0.104000,0.028000,,52.00,28.00,assumed,immigration: demographic residual vs population anchors [interpolated]; vitals: CBR=52/CDR=28 assumed colonial [assumed]
1753,0.010341,0.104000,0.028000,,52.00,28.00,assumed,immigration: demographic residual vs population anchors [interpolated]; vitals: CBR=52/CDR=28 assumed colonial [assumed]
1754,0.010341,0.104000,0.028000,,52.00,28.00,assumed,immigration: demographic residual vs population anchors [interpolated]; vitals: CBR=52/CDR=28 assumed colonial [assumed]
1755,0.010341,0.104000,0.028000,,52.00,28.00,assumed,immigration: demographic residual vs population anchors [interpolated]; vitals: CBR=52/CDR=28 assumed colonial [assumed]
1756,0.010341,0.104000,0.028000,,52.00,28.00,assumed,immigration: demographic residual vs population anchors [interpolated]; vitals: CBR=52/CDR=28 assumed colonial [assumed]
1757,0.010341,0.104000,0.028000,,52.00,28.00,assumed,immigration: demographic residual vs population anchors [interpolated]; vitals: CBR=52/CDR=28 assumed colonial [assumed]
1758,0.010341,0.104000,0.028000,,52.00,28.00,assumed,immigration: demographic residual vs population anchors [interpolated]; vitals: CBR=52/CDR=28 assumed colonial [assumed]
1759,0.010341,0.104000,0.028000,,52.00,28.00,assumed,immigration: demographic residual vs population anchors [interpolated]; vitals: CBR=52/CDR=28 assumed colonial [assumed]
1760,0.012197,0.104000,0.028000,,52.00,28.00,assumed,immigration: demographic residual vs population anchors [interpolated]; vitals: CBR=52/CDR=28 assumed colonial [assumed]
1761,0.012197,0.104000,0.028000,,52.00,28.00,assumed,immigration: demographic residual vs population anchors [interpolated]; vitals: CBR=52/CDR=28 assumed colonial [assumed]
1762,0.012197,0.104000,0.028000,,52.00,28.00,assumed,immigration: demographic residual vs population anchors [interpolated]; vitals: CBR=52/CDR=28 assumed colonial [assumed]
1763,0.012197,0.104000,0.028000,,52.00,28.00,assumed,immigration: demographic residual vs population anchors [interpolated]; vitals: CBR=52/CDR=28 assumed colonial [assumed]
1764,0.012197,0.104000,0.028000,,52.00,28.00,assumed,immigration: demographic residual vs population anchors [interpolated]; vitals: CBR=52/CDR=28 assumed colonial [assumed]
1765,0.012197,0.104000,0.028000,,52.00,28.00,assumed,immigration: demographic residual vs population anchors [interpolated]; vitals: CBR=52/CDR=28 assumed colonial [assumed]
1766,0.012197,0.104000,0.028000,,52.00,28.00,assumed,immigration: demographic residual vs population anchors [interpolated]; vitals: CBR=52/CDR=28 assumed colonial [assumed]
1767,0.012197,0.104000,0.028000,,52.00,28.00,assumed,immigration: demographic residual vs population anchors [interpolated]; vitals: CBR=52/CDR=28 assumed colonial [assumed]
1768,0.012197,0.104000,0.028000,,52.00,28.00,assumed,immigration: demographic residual vs population anchors [interpolated]; vitals: CBR=52/CDR=28 assumed colonial [assumed]
1769,0.012197,0.104000,0.028000,,52.00,28.00,assumed,immigration: demographic residual vs population anchors [interpolated]; vitals: CBR=52/CDR=28 assumed colonial [assumed]
1770,0.006221,0.104000,0.028000,,52.00,28.00,assumed,immigration: demographic residual vs population anchors [interpolated]; vitals: CBR=52/CDR=28 assumed colonial [assumed]
1771,0.006221,0.104000,0.028000,,52.00,28.00,assumed,immigration: demographic residual vs population anchors [interpolated]; vitals: CBR=52/CDR=28 assumed colonial [assumed]
1772,0.006221,0.104000,0.028000,,52.00,28.00,assumed,immigration: demographic residual vs population anchors [interpolated]; vitals: CBR=52/CDR=28 assumed colonial [assumed]
1773,0.006221,0.104000,0.028000,,52.00,28.00,assumed,immigration: demographic residual vs population anchors [interpolated]; vitals: CBR=52/CDR=28 assumed colonial [assumed]
1774,0.006221,0.104000,0.028000,,52.00,28.00,assumed,immigration: demographic residual vs population anchors [interpolated]; vitals: CBR=52/CDR=28 assumed colonial [assumed]
1775,0.006221,0.104000,0.028000,,52.00,28.00,assumed,immigration: demographic residual vs population anchors [interpolated]; vitals: CBR=52/CDR=28 assumed colonial [assumed]
1776,0.006221,0.104000,0.028000,,52.00,28.00,assumed,immigration: demographic residual vs population anchors [interpolated]; vitals: CBR=52/CDR=28 assumed colonial [assumed]
1777,0.006221,0.104000,0.028000,,52.00,28.00,assumed,immigration: demographic residual vs population anchors [interpolated]; vitals: CBR=52/CDR=28 assumed colonial [assumed]
1778,0.006221,0.104000,0.028000,,52.00,28.00,assumed,immigration: demographic residual vs population anchors [interpolated]; vitals: CBR=52/CDR=28 assumed colonial [assumed]
1779,0.006221,0.104000,0.028000,,52.00,28.00,assumed,immigration: demographic residual vs population anchors [interpolated]; vitals: CBR=52/CDR=28 assumed colonial [assumed]
1780,0.037403,0.104000,0.028000,,52.00,28.00,assumed,immigration: demographic residual vs population anchors [interpolated]; vitals: CBR=52/CDR=28 assumed colonial [assumed]
1781,0.037403,0.104000,0.028000,,52.00,28.00,assumed,immigration: demographic residual vs population anchors [interpolated]; vitals: CBR=52/CDR=28 assumed colonial [assumed]
1782,0.037403,0.104000,0.028000,,52.00,28.00,assumed,immigration: demographic residual vs population anchors [interpolated]; vitals: CBR=52/CDR=28 assumed colonial [assumed]
1783,0.037403,0.104000,0.028000,,52.00,28.00,assumed,immigration: demographic residual vs population anchors [interpolated]; vitals: CBR=52/CDR=28 assumed colonial [assumed]
1784,0.037403,0.104000,0.028000,,52.00,28.00,assumed,immigration: demographic residual vs population anchors [interpolated]; vitals: CBR=52/CDR=28 assumed colonial [assumed]
1785,0.037403,0.104000,0.028000,,52.00,28.00,assumed,immigration: demographic residual vs population anchors [interpolated]; vitals: CBR=52/CDR=28 assumed colonial [assumed]
1786,0.037403,0.104000,0.028000,,52.00,28.00,assumed,immigration: demographic residual vs population anchors [interpolated]; vitals: CBR=52/CDR=28 assumed colonial [assumed]
1787,0.037403,0.104000,0.028000,,52.00,28.00,assumed,immigration: demographic residual vs population anchors [interpolated]; vitals: CBR=52/CDR=28 assumed colonial [assumed]
1788,0.037403,0.104000,0.028000,,52.00,28.00,assumed,immigration: demographic residual vs population anchors [interpolated]; vitals: CBR=52/CDR=28 assumed colonial [assumed]
1789,0.037403,0.104000,0.028000,,52.00,28.00,assumed,immigration: demographic residual vs population anchors [interpolated]; vitals: CBR=52/CDR=28 assumed colonial [assumed]
1790,0.031159,0.104000,0.028000,,52.00,28.00,assumed,immigration: demographic residual vs population anchors [interpolated]; vitals: CBR=52/CDR=28 assumed colonial [assumed]
1791,0.031159,0.104000,0.028000,,52.00,28.00,assumed,immigration: demographic residual vs population anchors [interpolated]; vitals: CBR=52/CDR=28 assumed colonial [assumed]
1792,0.031159,0.104000,0.028000,,52.00,28.00,assumed,immigration: demographic residual vs population anchors [interpolated]; vitals: CBR=52/CDR=28 assumed colonial [assumed]
1793,0.031159,0.104000,0.028000,,52.00,28.00,assumed,immigration: demographic residual vs population anchors [interpolated]; vitals: CBR=52/CDR=28 assumed colonial [assumed]
1794,0.031159,0.104000,0.028000,,52.00,28.00,assumed,immigration: demographic residual vs population anchors [interpolated]; vitals: CBR=52/CDR=28 assumed colonial [assumed]
1795,0.031159,0.104000,0.028000,,52.00,28.00,assumed,immigration: demographic residual vs population anchors [interpolated]; vitals: CBR=52/CDR=28 assumed colonial [assumed]
1796,0.031159,0.104000,0.028000,,52.00,28.00,assumed,immigration: demographic residual vs population anchors [interpolated]; vitals: CBR=52/CDR=28 assumed colonial [assumed]
1797,0.031159,0.104000,0.028000,,52.00,28.00,assumed,immigration: demographic residual vs population anchors [interpolated]; vitals: CBR=52/CDR=28 assumed colonial [assumed]
1798,0.031159,0.104000,0.028000,,52.00,28.00,assumed,immigration: demographic residual vs population anchors [interpolated]; vitals: CBR=52/CDR=28 assumed colonial [assumed]
1799,0.031159,0.104000,0.028000,,52.00,28.00,assumed,immigration: demographic residual vs population anchors [interpolated]; vitals: CBR=52/CDR=28 assumed colonial [assumed]
1800,0.006209,0.110000,0.024000,,55.00,24.00,interpolated,immigration: demographic residual vs population anchors [interpolated]; vitals: Haines/anchored [interpolated]
1801,0.006209,0.109860,0.023980,,54.93,23.98,interpolated,immigration: demographic residual vs population anchors [interpolated]; vitals: Haines/anchored [interpolated]
1802,0.006209,0.109720,0.023960,,54.86,23.96,interpolated,immigration: demographic residual vs population anchors [interpolated]; vitals: Haines/anchored [interpolated]
1803,0.006209,0.109580,0.023940,,54.79,23.94,interpolated,immigration: demographic residual vs population anchors [interpolated]; vitals: Haines/anchored [interpolated]
1804,0.006209,0.109440,0.023920,,54.72,23.92,interpolated,immigration: demographic residual vs population anchors [interpolated]; vitals: Haines/anchored [interpolated]
1805,0.006209,0.109300,0.023900,,54.65,23.90,interpolated,immigration: demographic residual vs population anchors [interpolated]; vitals: Haines/anchored [interpolated]
1806,0.006209,0.109160,0.023880,,54.58,23.88,interpolated,immigration: demographic residual vs population anchors [interpolated]; vitals: Haines/anchored [interpolated]
1807,0.006209,0.109020,0.023860,,54.51,23.86,interpolated,immigration: demographic residual vs population anchors [interpolated]; vitals: Haines/anchored [interpolated]
1808,0.006209,0.108880,0.023840,,54.44,23.84,interpolated,immigration: demographic residual vs population anchors [interpolated]; vitals: Haines/anchored [interpolated]
1809,0.006209,0.108740,0.023820,,54.37,23.82,interpolated,immigration: demographic residual vs population anchors [interpolated]; vitals: Haines/anchored [interpolated]
1810,0.000000,0.108600,0.023800,,54.30,23.80,interpolated,immigration: demographic residual vs population anchors [interpolated]; vitals: Haines/anchored [interpolated]
1811,0.000000,0.108300,0.023780,,54.15,23.78,interpolated,immigration: demographic residual vs population anchors [interpolated]; vitals: Haines/anchored [interpolated]
1812,0.000000,0.108000,0.023760,,54.00,23.76,interpolated,immigration: demographic residual vs population anchors [interpolated]; vitals: Haines/anchored [interpolated]
1813,0.000000,0.107700,0.023740,,53.85,23.74,interpolated,immigration: demographic residual vs population anchors [interpolated]; vitals: Haines/anchored [interpolated]
1814,0.000000,0.107400,0.023720,,53.70,23.72,interpolated,immigration: demographic residual vs population anchors [interpolated]; vitals: Haines/anchored [interpolated]
1815,0.000000,0.107100,0.023700,,53.55,23.70,interpolated,immigration: demographic residual vs population anchors [interpolated]; vitals: Haines/anchored [interpolated]
1816,0.000000,0.106800,0.023680,,53.40,23.68,interpolated,immigration: demographic residual vs population anchors [interpolated]; vitals: Haines/anchored [interpolated]
1817,0.000000,0.106500,0.023660,,53.25,23.66,interpolated,immigration: demographic residual vs population anchors [interpolated]; vitals: Haines/anchored [interpolated]
1818,0.000000,0.106200,0.023640,,53.10,23.64,interpolated,immigration: demographic residual vs population anchors [interpolated]; vitals: Haines/anchored [interpolated]
1819,0.000000,0.105900,0.023620,,52.95,23.62,interpolated,immigration: demographic residual vs population anchors [interpolated]; vitals: Haines/anchored [interpolated]
1820,0.008390,0.105600,0.023600,,52.80,23.60,interpolated,immigration: DHS LPR (FY as calendar year) [measured]; vitals: Haines/anchored [interpolated]
1821,0.009130,0.105320,0.023580,,52.66,23.58,interpolated,immigration: DHS LPR (FY as calendar year) [measured]; vitals: Haines/anchored [interpolated]
1822,0.006910,0.105040,0.023560,,52.52,23.56,interpolated,immigration: DHS LPR (FY as calendar year) [measured]; vitals: Haines/anchored [interpolated]
1823,0.006350,0.104760,0.023540,,52.38,23.54,interpolated,immigration: DHS LPR (FY as calendar year) [measured]; vitals: Haines/anchored [interpolated]
1824,0.007910,0.104480,0.023520,,52.24,23.52,interpolated,immigration: DHS LPR (FY as calendar year) [measured]; vitals: Haines/anchored [interpolated]
1825,0.010200,0.104200,0.023500,,52.10,23.50,interpolated,immigration: DHS LPR (FY as calendar year) [measured]; vitals: Haines/anchored [interpolated]
1826,0.010840,0.103920,0.023480,,51.96,23.48,interpolated,immigration: DHS LPR (FY as calendar year) [measured]; vitals: Haines/anchored [interpolated]
1827,0.018880,0.103640,0.023460,,51.82,23.46,interpolated,immigration: DHS LPR (FY as calendar year) [measured]; vitals: Haines/anchored [interpolated]
1828,0.027380,0.103360,0.023440,,51.68,23.44,interpolated,immigration: DHS LPR (FY as calendar year) [measured]; vitals: Haines/anchored [interpolated]
1829,0.022520,0.103080,0.023420,,51.54,23.42,interpolated,immigration: DHS LPR (FY as calendar year) [measured]; vitals: Haines/anchored [interpolated]
1830,0.023320,0.102800,0.023400,,51.40,23.40,interpolated,immigration: DHS LPR (FY as calendar year) [measured]; vitals: Haines/anchored [interpolated]
1831,0.022630,0.102180,0.023380,,51.09,23.38,interpolated,immigration: DHS LPR (FY as calendar year) [measured]; vitals: Haines/anchored [interpolated]
1832,0.060480,0.101560,0.023360,,50.78,23.36,interpolated,immigration: DHS LPR (FY as calendar year) [measured]; vitals: Haines/anchored [interpolated]
1833,0.058640,0.100940,0.023340,,50.47,23.34,interpolated,immigration: DHS LPR (FY as calendar year) [measured]; vitals: Haines/anchored [interpolated]
1834,0.065370,0.100320,0.023320,,50.16,23.32,interpolated,immigration: DHS LPR (FY as calendar year) [measured]; vitals: Haines/anchored [interpolated]
1835,0.045370,0.099700,0.023300,,49.85,23.30,interpolated,immigration: DHS LPR (FY as calendar year) [measured]; vitals: Haines/anchored [interpolated]
1836,0.076240,0.099080,0.023280,,49.54,23.28,interpolated,immigration: DHS LPR (FY as calendar year) [measured]; vitals: Haines/anchored [interpolated]
1837,0.079340,0.098460,0.023260,,49.23,23.26,interpolated,immigration: DHS LPR (FY as calendar year) [measured]; vitals: Haines/anchored [interpolated]
1838,0.038910,0.097840,0.023240,,48.92,23.24,interpolated,immigration: DHS LPR (FY as calendar year) [measured]; vitals: Haines/anchored [interpolated]
1839,0.068070,0.097220,0.023220,,48.61,23.22,interpolated,immigration: DHS LPR (FY as calendar year) [measured]; vitals: Haines/anchored [interpolated]
1840,0.084070,0.096600,0.023200,,48.30,23.20,interpolated,immigration: DHS LPR (FY as calendar year) [measured]; vitals: Haines/anchored [interpolated]
1841,0.080290,0.095600,0.023180,,47.80,23.18,interpolated,immigration: DHS LPR (FY as calendar year) [measured]; vitals: Haines/anchored [interpolated]
1842,0.104570,0.094600,0.023160,,47.30,23.16,interpolated,immigration: DHS LPR (FY as calendar year) [measured]; vitals: Haines/anchored [interpolated]
1843,0.052500,0.093600,0.023140,,46.80,23.14,interpolated,immigration: DHS LPR (FY as calendar year) [measured]; vitals: Haines/anchored [interpolated]
1844,0.078620,0.092600,0.023120,,46.30,23.12,interpolated,immigration: DHS LPR (FY as calendar year) [measured]; vitals: Haines/anchored [interpolated]
1845,0.114370,0.091600,0.023100,,45.80,23.10,interpolated,immigration: DHS LPR (FY as calendar year) [measured]; vitals: Haines/anchored [interpolated]
1846,0.154420,0.090600,0.023080,,45.30,23.08,interpolated,immigration: DHS LPR (FY as calendar year) [measured]; vitals: Haines/anchored [interpolated]
1847,0.234970,0.089600,0.023060,,44.80,23.06,interpolated,immigration: DHS LPR (FY as calendar year) [measured]; vitals: Haines/anchored [interpolated]
1848,0.226530,0.088600,0.023040,,44.30,23.04,interpolated,immigration: DHS LPR (FY as calendar year) [measured]; vitals: Haines/anchored [interpolated]
1849,0.297020,0.087600,0.023020,,43.80,23.02,interpolated,immigration: DHS LPR (FY as calendar year) [measured]; vitals: Haines/anchored [interpolated]
1850,0.369980,0.086600,0.023000,,43.30,23.00,interpolated,immigration: DHS LPR (FY as calendar year) [measured]; vitals: Haines/anchored [interpolated]
1851,0.379470,0.086220,0.022884,,43.11,22.88,interpolated,immigration: DHS LPR (FY as calendar year) [measured]; vitals: Haines/anchored [interpolated]
1852,0.371600,0.085840,0.022768,,42.92,22.77,interpolated,immigration: DHS LPR (FY as calendar year) [measured]; vitals: Haines/anchored [interpolated]
1853,0.368650,0.085460,0.022652,,42.73,22.65,interpolated,immigration: DHS LPR (FY as calendar year) [measured]; vitals: Haines/anchored [interpolated]
1854,0.427830,0.085080,0.022536,,42.54,22.54,interpolated,immigration: DHS LPR (FY as calendar year) [measured]; vitals: Haines/anchored [interpolated]
1855,0.200880,0.084700,0.022420,,42.35,22.42,interpolated,immigration: DHS LPR (FY as calendar year) [measured]; vitals: Haines/anchored [interpolated]
1856,0.200440,0.084320,0.022304,,42.16,22.30,interpolated,immigration: DHS LPR (FY as calendar year) [measured]; vitals: Haines/anchored [interpolated]
1857,0.251310,0.083940,0.022188,,41.97,22.19,interpolated,immigration: DHS LPR (FY as calendar year) [measured]; vitals: Haines/anchored [interpolated]
1858,0.123130,0.083560,0.022072,,41.78,22.07,interpolated,immigration: DHS LPR (FY as calendar year) [measured]; vitals: Haines/anchored [interpolated]
1859,0.121280,0.083180,0.021956,,41.59,21.96,interpolated,immigration: DHS LPR (FY as calendar year) [measured]; vitals: Haines/anchored [interpolated]
1860,0.153640,0.082800,0.021840,,41.40,21.84,interpolated,immigration: DHS LPR (FY as calendar year) [measured]; vitals: Haines/anchored [interpolated]
1861,0.091920,0.082180,0.021724,,41.09,21.72,interpolated,immigration: DHS LPR (FY as calendar year) [measured]; vitals: Haines/anchored [interpolated]
1862,0.091990,0.081560,0.021608,,40.78,21.61,interpolated,immigration: DHS LPR (FY as calendar year) [measured]; vitals: Haines/anchored [interpolated]
1863,0.176280,0.080940,0.021492,,40.47,21.49,interpolated,immigration: DHS LPR (FY as calendar year) [measured]; vitals: Haines/anchored [interpolated]
1864,0.193420,0.080320,0.021376,,40.16,21.38,interpolated,immigration: DHS LPR (FY as calendar year) [measured]; vitals: Haines/anchored [interpolated]
1865,0.248120,0.079700,0.021260,,39.85,21.26,interpolated,immigration: DHS LPR (FY as calendar year) [measured]; vitals: Haines/anchored [interpolated]
1866,0.318570,0.079080,0.021144,,39.54,21.14,interpolated,immigration: DHS LPR (FY as calendar year) [measured]; vitals: Haines/anchored [interpolated]
1867,0.315720,0.078460,0.021028,,39.23,21.03,interpolated,immigration: DHS LPR (FY as calendar year) [measured]; vitals: Haines/anchored [interpolated]
1868,0.138840,0.077840,0.020912,,38.92,20.91,interpolated,immigration: DHS LPR (FY as calendar year) [measured]; vitals: Haines/anchored [interpolated]
1869,0.352770,0.077220,0.020796,,38.61,20.80,interpolated,immigration: DHS LPR (FY as calendar year) [measured]; vitals: Haines/anchored [interpolated]
1870,0.387200,0.076600,0.020680,,38.30,20.68,interpolated,immigration: DHS LPR (FY as calendar year) [measured]; vitals: Haines/anchored [interpolated]
1871,0.321350,0.075980,0.020564,,37.99,20.56,interpolated,immigration: DHS LPR (FY as calendar year) [measured]; vitals: Haines/anchored [interpolated]
1872,0.404810,0.075360,0.020448,,37.68,20.45,interpolated,immigration: DHS LPR (FY as calendar year) [measured]; vitals: Haines/anchored [interpolated]
1873,0.459800,0.074740,0.020332,,37.37,20.33,interpolated,immigration: DHS LPR (FY as calendar year) [measured]; vitals: Haines/anchored [interpolated]
1874,0.313340,0.074120,0.020216,,37.06,20.22,interpolated,immigration: DHS LPR (FY as calendar year) [measured]; vitals: Haines/anchored [interpolated]
1875,0.227500,0.073500,0.020100,,36.75,20.10,interpolated,immigration: DHS LPR (FY as calendar year) [measured]; vitals: Haines/anchored [interpolated]
1876,0.169990,0.072880,0.019984,,36.44,19.98,interpolated,immigration: DHS LPR (FY as calendar year) [measured]; vitals: Haines/anchored [interpolated]
1877,0.141860,0.072260,0.019868,,36.13,19.87,interpolated,immigration: DHS LPR (FY as calendar year) [measured]; vitals: Haines/anchored [interpolated]
1878,0.138470,0.071640,0.019752,,35.82,19.75,interpolated,immigration: DHS LPR (FY as calendar year) [measured]; vitals: Haines/anchored [interpolated]
1879,0.177830,0.071020,0.019636,,35.51,19.64,interpolated,immigration: DHS LPR (FY as calendar year) [measured]; vitals: Haines/anchored [interpolated]
1880,0.457260,0.070400,0.019520,,35.20,19.52,interpolated,immigration: DHS LPR (FY as calendar year) [measured]; vitals: Haines/anchored [interpolated]
1881,0.669430,0.069660,0.019404,,34.83,19.40,interpolated,immigration: DHS LPR (FY as calendar year) [measured]; vitals: Haines/anchored [interpolated]
1882,0.788990,0.068920,0.019288,,34.46,19.29,interpolated,immigration: DHS LPR (FY as calendar year) [measured]; vitals: Haines/anchored [interpolated]
1883,0.603320,0.068180,0.019172,,34.09,19.17,interpolated,immigration: DHS LPR (FY as calendar year) [measured]; vitals: Haines/anchored [interpolated]
1884,0.518590,0.067440,0.019056,,33.72,19.06,interpolated,immigration: DHS LPR (FY as calendar year) [measured]; vitals: Haines/anchored [interpolated]
1885,0.395350,0.066700,0.018940,,33.35,18.94,interpolated,immigration: DHS LPR (FY as calendar year) [measured]; vitals: Haines/anchored [interpolated]
1886,0.334200,0.065960,0.018824,,32.98,18.82,interpolated,immigration: DHS LPR (FY as calendar year) [measured]; vitals: Haines/anchored [interpolated]
1887,0.490110,0.065220,0.018708,,32.61,18.71,interpolated,immigration: DHS LPR (FY as calendar year) [measured]; vitals: Haines/anchored [interpolated]
1888,0.546890,0.064480,0.018592,,32.24,18.59,interpolated,immigration: DHS LPR (FY as calendar year) [measured]; vitals: Haines/anchored [interpolated]
1889,0.444430,0.063740,0.018476,,31.87,18.48,interpolated,immigration: DHS LPR (FY as calendar year) [measured]; vitals: Haines/anchored [interpolated]
1890,0.455300,0.063000,0.018360,,31.50,18.36,interpolated,immigration: DHS LPR (FY as calendar year) [measured]; vitals: Haines/anchored [interpolated]
1891,0.560320,0.062720,0.018244,,31.36,18.24,interpolated,immigration: DHS LPR (FY as calendar year) [measured]; vitals: Haines/anchored [interpolated]
1892,0.579660,0.062440,0.018128,,31.22,18.13,interpolated,immigration: DHS LPR (FY as calendar year) [measured]; vitals: Haines/anchored [interpolated]
1893,0.439730,0.062160,0.018012,,31.08,18.01,interpolated,immigration: DHS LPR (FY as calendar year) [measured]; vitals: Haines/anchored [interpolated]
1894,0.285630,0.061880,0.017896,,30.94,17.90,interpolated,immigration: DHS LPR (FY as calendar year) [measured]; vitals: Haines/anchored [interpolated]
1895,0.258540,0.061600,0.017780,,30.80,17.78,interpolated,immigration: DHS LPR (FY as calendar year) [measured]; vitals: Haines/anchored [interpolated]
1896,0.343270,0.061320,0.017664,,30.66,17.66,interpolated,immigration: DHS LPR (FY as calendar year) [measured]; vitals: Haines/anchored [interpolated]
1897,0.230830,0.061040,0.017548,,30.52,17.55,interpolated,immigration: DHS LPR (FY as calendar year) [measured]; vitals: Haines/anchored [interpolated]
1898,0.229300,0.060760,0.017432,,30.38,17.43,interpolated,immigration: DHS LPR (FY as calendar year) [measured]; vitals: Haines/anchored [interpolated]
1899,0.311720,0.060480,0.017316,,30.24,17.32,interpolated,immigration: DHS LPR (FY as calendar year) [measured]; vitals: Haines/anchored [interpolated]
1900,0.448570,0.060200,0.017200,,30.10,17.20,interpolated,immigration: DHS LPR (FY as calendar year) [measured]; vitals: Haines/anchored [interpolated]
1901,0.487920,0.060020,0.017003,,30.01,17.00,interpolated,immigration: DHS LPR (FY as calendar year) [measured]; vitals: Haines/anchored [interpolated]
1902,0.648740,0.059840,0.016807,,29.92,16.81,interpolated,immigration: DHS LPR (FY as calendar year) [measured]; vitals: Haines/anchored [interpolated]
1903,0.857050,0.059660,0.016610,,29.83,16.61,interpolated,immigration: DHS LPR (FY as calendar year) [measured]; vitals: Haines/anchored [interpolated]
1904,0.812870,0.059480,0.016413,,29.74,16.41,interpolated,immigration: DHS LPR (FY as calendar year) [measured]; vitals: Haines/anchored [interpolated]
1905,1.026500,0.059300,0.016217,,29.65,16.22,interpolated,immigration: DHS LPR (FY as calendar year) [measured]; vitals: Haines/anchored [interpolated]
1906,1.100740,0.059120,0.016020,,29.56,16.02,interpolated,immigration: DHS LPR (FY as calendar year) [measured]; vitals: Haines/anchored [interpolated]
1907,1.285350,0.058940,0.015823,,29.47,15.82,interpolated,immigration: DHS LPR (FY as calendar year) [measured]; vitals: Haines/anchored [interpolated]
1908,0.782870,0.058760,0.015627,,29.38,15.63,interpolated,immigration: DHS LPR (FY as calendar year) [measured]; vitals: Haines/anchored [interpolated]
1909,0.751790,0.058580,0.015430,,29.29,15.43,interpolated,immigration: DHS LPR (FY as calendar year) [measured]; vitals: Haines/anchored [interpolated]
1910,1.041570,0.058400,0.015233,,29.20,15.23,interpolated,immigration: DHS LPR (FY as calendar year) [measured]; vitals: Haines/anchored [interpolated]
1911,0.878590,0.057940,0.015037,,28.97,15.04,interpolated,immigration: DHS LPR (FY as calendar year) [measured]; vitals: Haines/anchored [interpolated]
1912,0.838170,0.057480,0.014840,,28.74,14.84,interpolated,immigration: DHS LPR (FY as calendar year) [measured]; vitals: Haines/anchored [interpolated]
1913,1.197890,0.057020,0.014643,,28.51,14.64,interpolated,immigration: DHS LPR (FY as calendar year) [measured]; vitals: Haines/anchored [interpolated]
1914,1.218480,0.056560,0.014447,,28.28,14.45,interpolated,immigration: DHS LPR (FY as calendar year) [measured]; vitals: Haines/anchored [interpolated]
1915,0.326700,0.056100,0.014250,,28.05,14.25,interpolated,immigration: DHS LPR (FY as calendar year) [measured]; vitals: Haines/anchored [interpolated]
1916,0.298830,0.055640,0.014053,,27.82,14.05,interpolated,immigration: DHS LPR (FY as calendar year) [measured]; vitals: Haines/anchored [interpolated]
1917,0.295400,0.055180,0.013857,,27.59,13.86,interpolated,immigration: DHS LPR (FY as calendar year) [measured]; vitals: Haines/anchored [interpolated]
1918,0.110620,0.054720,0.013660,,27.36,13.66,interpolated,immigration: DHS LPR (FY as calendar year) [measured]; vitals: Haines/anchored [interpolated]
1919,0.141130,0.054260,0.013463,,27.13,13.46,interpolated,immigration: DHS LPR (FY as calendar year) [measured]; vitals: Haines/anchored [interpolated]
1920,0.430000,0.053800,0.013267,,26.90,13.27,interpolated,immigration: DHS LPR (FY as calendar year) [measured]; vitals: Haines/anchored [interpolated]
1921,0.805230,0.052540,0.013070,,26.27,13.07,interpolated,immigration: DHS LPR (FY as calendar year) [measured]; vitals: Haines/anchored [interpolated]
1922,0.309560,0.051280,0.012873,,25.64,12.87,interpolated,immigration: DHS LPR (FY as calendar year) [measured]; vitals: Haines/anchored [interpolated]
1923,0.522920,0.050020,0.012677,,25.01,12.68,interpolated,immigration: DHS LPR (FY as calendar year) [measured]; vitals: Haines/anchored [interpolated]
1924,0.706900,0.048760,0.012480,,24.38,12.48,interpolated,immigration: DHS LPR (FY as calendar year) [measured]; vitals: Haines/anchored [interpolated]
1925,0.294310,0.047500,0.012283,,23.75,12.28,interpolated,immigration: DHS LPR (FY as calendar year) [measured]; vitals: Haines/anchored [interpolated]
1926,0.304490,0.046240,0.012087,,23.12,12.09,interpolated,immigration: DHS LPR (FY as calendar year) [measured]; vitals: Haines/anchored [interpolated]
1927,0.335180,0.044980,0.011890,,22.49,11.89,interpolated,immigration: DHS LPR (FY as calendar year) [measured]; vitals: Haines/anchored [interpolated]
1928,0.307260,0.043720,0.011693,,21.86,11.69,interpolated,immigration: DHS LPR (FY as calendar year) [measured]; vitals: Haines/anchored [interpolated]
1929,0.279680,0.042460,0.011497,,21.23,11.50,interpolated,immigration: DHS LPR (FY as calendar year) [measured]; vitals: Haines/anchored [interpolated]
1930,0.241700,0.041200,0.011300,,20.60,11.30,interpolated,immigration: DHS LPR (FY as calendar year) [measured]; vitals: Haines/anchored [interpolated]
1931,0.097140,0.040800,0.011240,,20.40,11.24,interpolated,immigration: DHS LPR (FY as calendar year) [measured]; vitals: Haines/anchored [interpolated]
1932,0.035580,0.040400,0.011180,,20.20,11.18,interpolated,immigration: DHS LPR (FY as calendar year) [measured]; vitals: Haines/anchored [interpolated]
1933,0.023070,0.040000,0.011120,,20.00,11.12,interpolated,immigration: DHS LPR (FY as calendar year) [measured]; vitals: Haines/anchored [interpolated]
1934,0.029470,0.039600,0.011060,,19.80,11.06,interpolated,immigration: DHS LPR (FY as calendar year) [measured]; vitals: Haines/anchored [interpolated]
1935,0.034960,0.039200,0.011000,,19.60,11.00,interpolated,immigration: DHS LPR (FY as calendar year) [measured]; vitals: Haines/anchored [interpolated]
1936,0.036330,0.038800,0.010940,,19.40,10.94,interpolated,immigration: DHS LPR (FY as calendar year) [measured]; vitals: Haines/anchored [interpolated]
1937,0.050240,0.038400,0.010880,,19.20,10.88,interpolated,immigration: DHS LPR (FY as calendar year) [measured]; vitals: Haines/anchored [interpolated]
1938,0.067900,0.038000,0.010820,,19.00,10.82,interpolated,immigration: DHS LPR (FY as calendar year) [measured]; vitals: Haines/anchored [interpolated]
1939,0.083000,0.037600,0.010760,,18.80,10.76,interpolated,immigration: DHS LPR (FY as calendar year) [measured]; vitals: Haines/anchored [interpolated]
1940,0.070760,0.037200,0.010700,,18.60,10.70,interpolated,immigration: DHS LPR (FY as calendar year) [measured]; vitals: Haines/anchored [interpolated]
1941,0.051780,0.038080,0.010640,,19.04,10.64,interpolated,immigration: DHS LPR (FY as calendar year) [measured]; vitals: Haines/anchored [interpolated]
1942,0.028780,0.038960,0.010580,,19.48,10.58,interpolated,immigration: DHS LPR (FY as calendar year) [measured]; vitals: Haines/anchored [interpolated]
1943,0.023730,0.039840,0.010520,,19.92,10.52,interpolated,immigration: DHS LPR (FY as calendar year) [measured]; vitals: Haines/anchored [interpolated]
1944,0.028550,0.040720,0.010460,,20.36,10.46,interpolated,immigration: DHS LPR (FY as calendar year) [measured]; vitals: Haines/anchored [interpolated]
1945,0.038120,0.041600,0.010400,,20.80,10.40,interpolated,immigration: DHS LPR (FY as calendar year) [measured]; vitals: Haines/anchored [interpolated]
1946,0.108720,0.042480,0.010340,,21.24,10.34,interpolated,immigration: DHS LPR (FY as calendar year) [measured]; vitals: Haines/anchored [interpolated]
1947,0.147290,0.043360,0.010280,,21.68,10.28,interpolated,immigration: DHS LPR (FY as calendar year) [measured]; vitals: Haines/anchored [interpolated]
1948,0.170570,0.044240,0.010220,,22.12,10.22,interpolated,immigration: DHS LPR (FY as calendar year) [measured]; vitals: Haines/anchored [interpolated]
1949,0.188320,0.045120,0.010160,,22.56,10.16,interpolated,immigration: DHS LPR (FY as calendar year) [measured]; vitals: Haines/anchored [interpolated]
1950,0.249190,0.046000,0.010100,,23.00,10.10,interpolated,immigration: DHS LPR (FY as calendar year) [measured]; vitals: Haines/anchored [interpolated]
1951,0.205720,0.046140,0.010040,,23.07,10.04,interpolated,immigration: DHS LPR (FY as calendar year) [measured]; vitals: Haines/anchored [interpolated]
1952,0.265520,0.046280,0.009980,,23.14,9.98,interpolated,immigration: DHS LPR (FY as calendar year) [measured]; vitals: Haines/anchored [interpolated]
1953,0.170430,0.046420,0.009920,,23.21,9.92,interpolated,immigration: DHS LPR (FY as calendar year) [measured]; vitals: Haines/anchored [interpolated]
1954,0.208180,0.046560,0.009860,,23.28,9.86,interpolated,immigration: DHS LPR (FY as calendar year) [measured]; vitals: Haines/anchored [interpolated]
1955,0.237790,0.046700,0.009800,,23.35,9.80,interpolated,immigration: DHS LPR (FY as calendar year) [measured]; vitals: Haines/anchored [interpolated]
1956,0.321630,0.046840,0.009740,,23.42,9.74,interpolated,immigration: DHS LPR (FY as calendar year) [measured]; vitals: Haines/anchored [interpolated]
1957,0.326870,0.046980,0.009680,,23.49,9.68,interpolated,immigration: DHS LPR (FY as calendar year) [measured]; vitals: Haines/anchored [interpolated]
1958,0.253270,0.047120,0.009620,,23.56,9.62,interpolated,immigration: DHS LPR (FY as calendar year) [measured]; vitals: Haines/anchored [interpolated]
1959,0.260690,0.047260,0.009560,,23.63,9.56,interpolated,immigration: DHS LPR (FY as calendar year) [measured]; vitals: Haines/anchored [interpolated]
1960,0.265400,0.047400,0.009500,3.654,23.70,9.50,measured,immigration: DHS LPR (FY as calendar year) [measured]; vitals: World Bank [measured]
1961,0.271340,0.046600,0.009300,3.62,23.30,9.30,measured,immigration: DHS LPR (FY as calendar year) [measured]; vitals: World Bank [measured]
1962,0.283760,0.044800,0.009500,3.461,22.40,9.50,measured,immigration: DHS LPR (FY as calendar year) [measured]; vitals: World Bank [measured]
1963,0.306260,0.043400,0.009600,3.319,21.70,9.60,measured,immigration: DHS LPR (FY as calendar year) [measured]; vitals: World Bank [measured]
1964,0.292250,0.042200,0.009400,3.19,21.10,9.40,measured,immigration: DHS LPR (FY as calendar year) [measured]; vitals: World Bank [measured]
1965,0.296700,0.038800,0.009400,2.913,19.40,9.40,measured,immigration: DHS LPR (FY as calendar year) [measured]; vitals: World Bank [measured]
1966,0.323040,0.036800,0.009500,2.721,18.40,9.50,measured,immigration: DHS LPR (FY as calendar year) [measured]; vitals: World Bank [measured]
1967,0.361970,0.035600,0.009400,2.558,17.80,9.40,measured,immigration: DHS LPR (FY as calendar year) [measured]; vitals: World Bank [measured]
1968,0.454450,0.035200,0.009800,2.464,17.60,9.80,measured,immigration: DHS LPR (FY as calendar year) [measured]; vitals: World Bank [measured]
1969,0.358580,0.035800,0.009500,2.456,17.90,9.50,measured,immigration: DHS LPR (FY as calendar year) [measured]; vitals: World Bank [measured]
1970,0.373330,0.036800,0.009500,2.48,18.40,9.50,measured,immigration: DHS LPR (FY as calendar year) [measured]; vitals: World Bank [measured]
1971,0.370480,0.034400,0.009300,2.266,17.20,9.30,measured,immigration: DHS LPR (FY as calendar year) [measured]; vitals: World Bank [measured]
1972,0.384690,0.031200,0.009400,2.01,15.60,9.40,measured,immigration: DHS LPR (FY as calendar year) [measured]; vitals: World Bank [measured]
1973,0.398520,0.029600,0.009300,1.879,14.80,9.30,measured,immigration: DHS LPR (FY as calendar year) [measured]; vitals: World Bank [measured]
1974,0.393920,0.029600,0.009100,1.835,14.80,9.10,measured,immigration: DHS LPR (FY as calendar year) [measured]; vitals: World Bank [measured]
1975,0.385380,0.029200,0.008800,1.774,14.60,8.80,measured,immigration: DHS LPR (FY as calendar year) [measured]; vitals: World Bank [measured]
1976,0.499090,0.029200,0.008800,1.738,14.60,8.80,measured,immigration: DHS LPR (FY as calendar year) [measured]; vitals: World Bank [measured]
1977,0.458760,0.030200,0.008600,1.79,15.10,8.60,measured,immigration: DHS LPR (FY as calendar year) [measured]; vitals: World Bank [measured]
1978,0.589810,0.030000,0.008700,1.76,15.00,8.70,measured,immigration: DHS LPR (FY as calendar year) [measured]; vitals: World Bank [measured]
1979,0.394240,0.031200,0.008500,1.808,15.60,8.50,measured,immigration: DHS LPR (FY as calendar year) [measured]; vitals: World Bank [measured]
1980,0.541900,0.031800,0.008800,1.8395,15.90,8.80,interpolated,immigration: DHS LPR + unauthorized stock->flow [interpolated]; vitals: World Bank [measured]
1981,0.762210,0.031600,0.008600,1.812,15.80,8.60,interpolated,immigration: DHS LPR + unauthorized stock->flow [interpolated]; vitals: World Bank [measured]
1982,0.701895,0.031800,0.008500,1.8275,15.90,8.50,interpolated,immigration: DHS LPR + unauthorized stock->flow [interpolated]; vitals: World Bank [measured]
1983,0.719830,0.031200,0.008600,1.799,15.60,8.60,interpolated,immigration: DHS LPR + unauthorized stock->flow [interpolated]; vitals: World Bank [measured]
1984,0.713125,0.031200,0.008700,1.8065,15.60,8.70,interpolated,immigration: DHS LPR + unauthorized stock->flow [interpolated]; vitals: World Bank [measured]
1985,0.740770,0.031600,0.008700,1.844,15.80,8.70,interpolated,immigration: DHS LPR + unauthorized stock->flow [interpolated]; vitals: World Bank [measured]
1986,0.773955,0.031200,0.008700,1.8375,15.60,8.70,interpolated,immigration: DHS LPR + unauthorized stock->flow [interpolated]; vitals: World Bank [measured]
1987,0.774830,0.031400,0.008600,1.872,15.70,8.60,interpolated,immigration: DHS LPR + unauthorized stock->flow [interpolated]; vitals: World Bank [measured]
1988,0.818495,0.032000,0.008900,1.934,16.00,8.90,interpolated,immigration: DHS LPR + unauthorized stock->flow [interpolated]; vitals: World Bank [measured]
1989,1.268330,0.032800,0.008800,2.014,16.40,8.80,interpolated,immigration: DHS LPR + unauthorized stock->flow [interpolated]; vitals: World Bank [measured]
1990,1.714680,0.033400,0.008600,2.081,16.70,8.60,interpolated,immigration: DHS LPR + unauthorized stock->flow [interpolated]; vitals: World Bank [measured]
1991,2.106700,0.032400,0.008600,2.0625,16.20,8.60,interpolated,immigration: DHS LPR + unauthorized stock->flow [interpolated]; vitals: World Bank [measured]
1992,1.255325,0.031600,0.008500,2.046,15.80,8.50,interpolated,immigration: DHS LPR + unauthorized stock->flow [interpolated]; vitals: World Bank [measured]
1993,1.189120,0.030800,0.008800,2.0195,15.40,8.80,interpolated,immigration: DHS LPR + unauthorized stock->flow [interpolated]; vitals: World Bank [measured]
1994,1.091390,0.030000,0.008800,2.0015,15.00,8.80,interpolated,immigration: DHS LPR + unauthorized stock->flow [interpolated]; vitals: World Bank [measured]
1995,1.009780,0.029200,0.008800,1.978,14.60,8.80,interpolated,immigration: DHS LPR + unauthorized stock->flow [interpolated]; vitals: World Bank [measured]
1996,1.207360,0.028800,0.008800,1.976,14.40,8.80,interpolated,immigration: DHS LPR + unauthorized stock->flow [interpolated]; vitals: World Bank [measured]
1997,1.706350,0.028400,0.008700,1.971,14.20,8.70,interpolated,immigration: DHS LPR + unauthorized stock->flow [interpolated]; vitals: World Bank [measured]
1998,1.568649,0.028600,0.008600,1.999,14.30,8.60,interpolated,immigration: DHS LPR + unauthorized stock->flow [interpolated]; vitals: World Bank [measured]
1999,1.567668,0.028400,0.008600,2.0075,14.20,8.60,interpolated,immigration: DHS LPR + unauthorized stock->flow [interpolated]; vitals: World Bank [measured]
2000,1.770558,0.028800,0.008500,2.056,14.40,8.50,interpolated,immigration: DHS LPR + unauthorized stock->flow [interpolated]; vitals: World Bank [measured]
2001,1.536810,0.028200,0.008500,2.0305,14.10,8.50,interpolated,immigration: DHS LPR + unauthorized stock->flow [interpolated]; vitals: World Bank [measured]
2002,1.540721,0.028000,0.008500,2.0205,14.00,8.50,interpolated,immigration: DHS LPR + unauthorized stock->flow [interpolated]; vitals: World Bank [measured]
2003,1.187425,0.028200,0.008400,2.0475,14.10,8.40,interpolated,immigration: DHS LPR + unauthorized stock->flow [interpolated]; vitals: World Bank [measured]
2004,1.443240,0.028000,0.008200,2.0515,14.00,8.20,interpolated,immigration: DHS LPR + unauthorized stock->flow [interpolated]; vitals: World Bank [measured]
2005,1.611957,0.028000,0.008300,2.057,14.00,8.30,interpolated,immigration: DHS LPR + unauthorized stock->flow [interpolated]; vitals: World Bank [measured]
2006,2.171099,0.028600,0.008100,2.108,14.30,8.10,interpolated,immigration: DHS LPR + unauthorized stock->flow [interpolated]; vitals: World Bank [measured]
2007,1.612900,0.028600,0.008000,2.12,14.30,8.00,interpolated,immigration: DHS LPR + unauthorized stock->flow [interpolated]; vitals: World Bank [measured]
2008,1.202548,0.028000,0.008100,2.072,14.00,8.10,interpolated,immigration: DHS LPR + unauthorized stock->flow [interpolated]; vitals: World Bank [measured]
2009,1.222460,0.027000,0.007900,2.002,13.50,7.90,interpolated,immigration: DHS LPR + unauthorized stock->flow [interpolated]; vitals: World Bank [measured]
2010,1.968576,0.026000,0.007995,1.931,13.00,8.00,interpolated,immigration: DHS LPR + unauthorized stock->flow [interpolated]; vitals: World Bank [measured]
2011,1.155606,0.025400,0.008073,1.8945,12.70,8.07,interpolated,immigration: DHS LPR + unauthorized stock->flow [interpolated]; vitals: World Bank [measured]
2012,1.124884,0.025200,0.008102,1.8805,12.60,8.10,interpolated,immigration: DHS LPR + unauthorized stock->flow [interpolated]; vitals: World Bank [measured]
2013,1.084447,0.024800,0.008215,1.8575,12.40,8.21,interpolated,immigration: DHS LPR + unauthorized stock->flow [interpolated]; vitals: World Bank [measured]
2014,1.358857,0.025000,0.008237,1.8625,12.50,8.24,interpolated,immigration: DHS LPR + unauthorized stock->flow [interpolated]; vitals: World Bank [measured]
2015,1.147752,0.024800,0.008440,1.8435,12.40,8.44,interpolated,immigration: DHS LPR + unauthorized stock->flow [interpolated]; vitals: World Bank [measured]
2016,1.590670,0.024400,0.008493,1.8205,12.20,8.49,interpolated,immigration: DHS LPR + unauthorized stock->flow [interpolated]; vitals: World Bank [measured]
2017,1.228667,0.023600,0.008638,1.7655,11.80,8.64,interpolated,immigration: DHS LPR + unauthorized stock->flow [interpolated]; vitals: World Bank [measured]
2018,1.355626,0.023200,0.008678,1.7295,11.60,8.68,interpolated,immigration: DHS LPR + unauthorized stock->flow [interpolated]; vitals: World Bank [measured]
2019,1.132394,0.022800,0.008697,1.706,11.40,8.70,interpolated,immigration: DHS LPR + unauthorized stock->flow [interpolated]; vitals: World Bank [measured]
2020,0.821460,0.021800,0.010270,1.6415,10.90,10.27,interpolated,immigration: DHS LPR + unauthorized stock->flow [interpolated]; vitals: World Bank [measured]
2021,1.089304,0.022000,0.010400,1.664,11.00,10.40,interpolated,immigration: DHS LPR + unauthorized stock->flow [interpolated]; vitals: World Bank [measured]
2022,1.363700,0.022000,0.009800,1.6565,11.00,9.80,interpolated,immigration: DHS LPR + unauthorized stock->flow [interpolated]; vitals: World Bank [measured]
2023,1.514018,0.021400,0.009200,1.6165,10.70,9.20,interpolated,immigration: DHS LPR + unauthorized stock->flow [interpolated]; vitals: World Bank [measured]
2024,1.705160,0.021200,0.009000,1.6265,10.60,9.00,interpolated,immigration: DHS LPR + unauthorized stock->flow [interpolated]; vitals: World Bank [measured]
