year,from_region,to_region,rate_per_yr,flow_M,from_pop1yr_M,quality
2023,Northeast,Midwest,0.0019644147414856154,0.110804,56.405604,measured
2023,Northeast,South,0.010648215024875897,0.600619,56.405604,measured
2023,Northeast,West,0.00290293850944314,0.163742,56.405604,measured
2023,Midwest,Northeast,0.001327662231089404,0.090526,68.184511,measured
2023,Midwest,South,0.007663690658425343,0.522545,68.184511,measured
2023,Midwest,West,0.0037169731993824816,0.25344,68.184511,measured
2023,South,Northeast,0.0025398702821387447,0.326934,128.720747,measured
2023,South,Midwest,0.003334054610481712,0.429162,128.720747,measured
2023,South,West,0.0037980124524914388,0.488883,128.720747,measured
2023,West,Northeast,0.0019283760352993976,0.150554,78.072947,measured
2023,West,Midwest,0.003261859706666382,0.254663,78.072947,measured
2023,West,South,0.008552732100659656,0.667737,78.072947,measured
2024,Northeast,Midwest,0.0019340837588561475,0.110766,57.270529,measured
2024,Northeast,South,0.009028063980341443,0.517042,57.270529,measured
2024,Northeast,West,0.002652620861944544,0.151917,57.270529,measured
2024,Midwest,Northeast,0.001428047769921898,0.098365,68.880749,measured
2024,Midwest,South,0.0070169387966440375,0.483332,68.880749,measured
2024,Midwest,West,0.003382280294309808,0.232974,68.880749,measured
2024,South,Northeast,0.0024109002689868307,0.316495,131.276687,measured
2024,South,Midwest,0.0030944184324212874,0.406225,131.276687,measured
2024,South,West,0.0034303196575946496,0.450321,131.276687,measured
2024,West,Northeast,0.0018236299706358547,0.144447,79.208503,measured
2024,West,Midwest,0.003120271064837572,0.247152,79.208503,measured
2024,West,South,0.007474753057761993,0.592064,79.208503,measured
