year,quality,NE,MW,S,W
2014,measured,0.26256414312692183,0.11820132290564657,0.33628301084624435,0.28295152312118727
2015,measured,0.241527775120075,0.12421783807573815,0.3406303220497905,0.2936240647543964
2016,measured,0.2558600394638362,0.12081547254541743,0.34271449955773287,0.28060998843301355
2017,measured,0.24927267210452103,0.12128081103753548,0.3452710300390883,0.2841754868188552
2018,measured,0.24690056120016138,0.12736125884898947,0.3504108131900378,0.2753273667608114
2019,measured,0.2407882042236364,0.1226745149250095,0.3531618800736749,0.28337540077767925
2020,measured,0.2337206659469288,0.13245070742655832,0.3358145349167566,0.29801409170975623
2021,measured,0.22766237824179109,0.12166990449537421,0.3659335135649173,0.28473420369791735
2022,measured,0.24376980982567353,0.11490689381933439,0.36840332805071313,0.27291996830427895
2023,measured,0.2401061962060549,0.11268787736051043,0.37922322613796944,0.2679827002954652
