year,mu_pat,mu_mat,sex_ratio_r,quality,quality_note
1650,0.02889294,0.02710706,1.065882,estimated,calibrated aggregate mu(t) split by mean 1900-1919 measured HLD male/female CDR ratio
1651,0.02889294,0.02710706,1.065882,estimated,calibrated aggregate mu(t) split by mean 1900-1919 measured HLD male/female CDR ratio
1652,0.02889294,0.02710706,1.065882,estimated,calibrated aggregate mu(t) split by mean 1900-1919 measured HLD male/female CDR ratio
1653,0.02889294,0.02710706,1.065882,estimated,calibrated aggregate mu(t) split by mean 1900-1919 measured HLD male/female CDR ratio
1654,0.02889294,0.02710706,1.065882,estimated,calibrated aggregate mu(t) split by mean 1900-1919 measured HLD male/female CDR ratio
1655,0.02889294,0.02710706,1.065882,estimated,calibrated aggregate mu(t) split by mean 1900-1919 measured HLD male/female CDR ratio
1656,0.02889294,0.02710706,1.065882,estimated,calibrated aggregate mu(t) split by mean 1900-1919 measured HLD male/female CDR ratio
1657,0.02889294,0.02710706,1.065882,estimated,calibrated aggregate mu(t) split by mean 1900-1919 measured HLD male/female CDR ratio
1658,0.02889294,0.02710706,1.065882,estimated,calibrated aggregate mu(t) split by mean 1900-1919 measured HLD male/female CDR ratio
1659,0.02889294,0.02710706,1.065882,estimated,calibrated aggregate mu(t) split by mean 1900-1919 measured HLD male/female CDR ratio
1660,0.02889294,0.02710706,1.065882,estimated,calibrated aggregate mu(t) split by mean 1900-1919 measured HLD male/female CDR ratio
1661,0.02889294,0.02710706,1.065882,estimated,calibrated aggregate mu(t) split by mean 1900-1919 measured HLD male/female CDR ratio
1662,0.02889294,0.02710706,1.065882,estimated,calibrated aggregate mu(t) split by mean 1900-1919 measured HLD male/female CDR ratio
1663,0.02889294,0.02710706,1.065882,estimated,calibrated aggregate mu(t) split by mean 1900-1919 measured HLD male/female CDR ratio
1664,0.02889294,0.02710706,1.065882,estimated,calibrated aggregate mu(t) split by mean 1900-1919 measured HLD male/female CDR ratio
1665,0.02889294,0.02710706,1.065882,estimated,calibrated aggregate mu(t) split by mean 1900-1919 measured HLD male/female CDR ratio
1666,0.02889294,0.02710706,1.065882,estimated,calibrated aggregate mu(t) split by mean 1900-1919 measured HLD male/female CDR ratio
1667,0.02889294,0.02710706,1.065882,estimated,calibrated aggregate mu(t) split by mean 1900-1919 measured HLD male/female CDR ratio
1668,0.02889294,0.02710706,1.065882,estimated,calibrated aggregate mu(t) split by mean 1900-1919 measured HLD male/female CDR ratio
1669,0.02889294,0.02710706,1.065882,estimated,calibrated aggregate mu(t) split by mean 1900-1919 measured HLD male/female CDR ratio
1670,0.02889294,0.02710706,1.065882,estimated,calibrated aggregate mu(t) split by mean 1900-1919 measured HLD male/female CDR ratio
1671,0.02889294,0.02710706,1.065882,estimated,calibrated aggregate mu(t) split by mean 1900-1919 measured HLD male/female CDR ratio
1672,0.02889294,0.02710706,1.065882,estimated,calibrated aggregate mu(t) split by mean 1900-1919 measured HLD male/female CDR ratio
1673,0.02889294,0.02710706,1.065882,estimated,calibrated aggregate mu(t) split by mean 1900-1919 measured HLD male/female CDR ratio
1674,0.02889294,0.02710706,1.065882,estimated,calibrated aggregate mu(t) split by mean 1900-1919 measured HLD male/female CDR ratio
1675,0.02889294,0.02710706,1.065882,estimated,calibrated aggregate mu(t) split by mean 1900-1919 measured HLD male/female CDR ratio
1676,0.02889294,0.02710706,1.065882,estimated,calibrated aggregate mu(t) split by mean 1900-1919 measured HLD male/female CDR ratio
1677,0.02889294,0.02710706,1.065882,estimated,calibrated aggregate mu(t) split by mean 1900-1919 measured HLD male/female CDR ratio
1678,0.02889294,0.02710706,1.065882,estimated,calibrated aggregate mu(t) split by mean 1900-1919 measured HLD male/female CDR ratio
1679,0.02889294,0.02710706,1.065882,estimated,calibrated aggregate mu(t) split by mean 1900-1919 measured HLD male/female CDR ratio
1680,0.02889294,0.02710706,1.065882,estimated,calibrated aggregate mu(t) split by mean 1900-1919 measured HLD male/female CDR ratio
1681,0.02889294,0.02710706,1.065882,estimated,calibrated aggregate mu(t) split by mean 1900-1919 measured HLD male/female CDR ratio
1682,0.02889294,0.02710706,1.065882,estimated,calibrated aggregate mu(t) split by mean 1900-1919 measured HLD male/female CDR ratio
1683,0.02889294,0.02710706,1.065882,estimated,calibrated aggregate mu(t) split by mean 1900-1919 measured HLD male/female CDR ratio
1684,0.02889294,0.02710706,1.065882,estimated,calibrated aggregate mu(t) split by mean 1900-1919 measured HLD male/female CDR ratio
1685,0.02889294,0.02710706,1.065882,estimated,calibrated aggregate mu(t) split by mean 1900-1919 measured HLD male/female CDR ratio
1686,0.02889294,0.02710706,1.065882,estimated,calibrated aggregate mu(t) split by mean 1900-1919 measured HLD male/female CDR ratio
1687,0.02889294,0.02710706,1.065882,estimated,calibrated aggregate mu(t) split by mean 1900-1919 measured HLD male/female CDR ratio
1688,0.02889294,0.02710706,1.065882,estimated,calibrated aggregate mu(t) split by mean 1900-1919 measured HLD male/female CDR ratio
1689,0.02889294,0.02710706,1.065882,estimated,calibrated aggregate mu(t) split by mean 1900-1919 measured HLD male/female CDR ratio
1690,0.02889294,0.02710706,1.065882,estimated,calibrated aggregate mu(t) split by mean 1900-1919 measured HLD male/female CDR ratio
1691,0.02889294,0.02710706,1.065882,estimated,calibrated aggregate mu(t) split by mean 1900-1919 measured HLD male/female CDR ratio
1692,0.02889294,0.02710706,1.065882,estimated,calibrated aggregate mu(t) split by mean 1900-1919 measured HLD male/female CDR ratio
1693,0.02889294,0.02710706,1.065882,estimated,calibrated aggregate mu(t) split by mean 1900-1919 measured HLD male/female CDR ratio
1694,0.02889294,0.02710706,1.065882,estimated,calibrated aggregate mu(t) split by mean 1900-1919 measured HLD male/female CDR ratio
1695,0.02889294,0.02710706,1.065882,estimated,calibrated aggregate mu(t) split by mean 1900-1919 measured HLD male/female CDR ratio
1696,0.02889294,0.02710706,1.065882,estimated,calibrated aggregate mu(t) split by mean 1900-1919 measured HLD male/female CDR ratio
1697,0.02889294,0.02710706,1.065882,estimated,calibrated aggregate mu(t) split by mean 1900-1919 measured HLD male/female CDR ratio
1698,0.02889294,0.02710706,1.065882,estimated,calibrated aggregate mu(t) split by mean 1900-1919 measured HLD male/female CDR ratio
1699,0.02889294,0.02710706,1.065882,estimated,calibrated aggregate mu(t) split by mean 1900-1919 measured HLD male/female CDR ratio
1700,0.02889294,0.02710706,1.065882,estimated,calibrated aggregate mu(t) split by mean 1900-1919 measured HLD male/female CDR ratio
1701,0.02889294,0.02710706,1.065882,estimated,calibrated aggregate mu(t) split by mean 1900-1919 measured HLD male/female CDR ratio
1702,0.02889294,0.02710706,1.065882,estimated,calibrated aggregate mu(t) split by mean 1900-1919 measured HLD male/female CDR ratio
1703,0.02889294,0.02710706,1.065882,estimated,calibrated aggregate mu(t) split by mean 1900-1919 measured HLD male/female CDR ratio
1704,0.02889294,0.02710706,1.065882,estimated,calibrated aggregate mu(t) split by mean 1900-1919 measured HLD male/female CDR ratio
1705,0.02889294,0.02710706,1.065882,estimated,calibrated aggregate mu(t) split by mean 1900-1919 measured HLD male/female CDR ratio
1706,0.02889294,0.02710706,1.065882,estimated,calibrated aggregate mu(t) split by mean 1900-1919 measured HLD male/female CDR ratio
1707,0.02889294,0.02710706,1.065882,estimated,calibrated aggregate mu(t) split by mean 1900-1919 measured HLD male/female CDR ratio
1708,0.02889294,0.02710706,1.065882,estimated,calibrated aggregate mu(t) split by mean 1900-1919 measured HLD male/female CDR ratio
1709,0.02889294,0.02710706,1.065882,estimated,calibrated aggregate mu(t) split by mean 1900-1919 measured HLD male/female CDR ratio
1710,0.02889294,0.02710706,1.065882,estimated,calibrated aggregate mu(t) split by mean 1900-1919 measured HLD male/female CDR ratio
1711,0.02889294,0.02710706,1.065882,estimated,calibrated aggregate mu(t) split by mean 1900-1919 measured HLD male/female CDR ratio
1712,0.02889294,0.02710706,1.065882,estimated,calibrated aggregate mu(t) split by mean 1900-1919 measured HLD male/female CDR ratio
1713,0.02889294,0.02710706,1.065882,estimated,calibrated aggregate mu(t) split by mean 1900-1919 measured HLD male/female CDR ratio
1714,0.02889294,0.02710706,1.065882,estimated,calibrated aggregate mu(t) split by mean 1900-1919 measured HLD male/female CDR ratio
1715,0.02889294,0.02710706,1.065882,estimated,calibrated aggregate mu(t) split by mean 1900-1919 measured HLD male/female CDR ratio
1716,0.02889294,0.02710706,1.065882,estimated,calibrated aggregate mu(t) split by mean 1900-1919 measured HLD male/female CDR ratio
1717,0.02889294,0.02710706,1.065882,estimated,calibrated aggregate mu(t) split by mean 1900-1919 measured HLD male/female CDR ratio
1718,0.02889294,0.02710706,1.065882,estimated,calibrated aggregate mu(t) split by mean 1900-1919 measured HLD male/female CDR ratio
1719,0.02889294,0.02710706,1.065882,estimated,calibrated aggregate mu(t) split by mean 1900-1919 measured HLD male/female CDR ratio
1720,0.02889294,0.02710706,1.065882,estimated,calibrated aggregate mu(t) split by mean 1900-1919 measured HLD male/female CDR ratio
1721,0.02889294,0.02710706,1.065882,estimated,calibrated aggregate mu(t) split by mean 1900-1919 measured HLD male/female CDR ratio
1722,0.02889294,0.02710706,1.065882,estimated,calibrated aggregate mu(t) split by mean 1900-1919 measured HLD male/female CDR ratio
1723,0.02889294,0.02710706,1.065882,estimated,calibrated aggregate mu(t) split by mean 1900-1919 measured HLD male/female CDR ratio
1724,0.02889294,0.02710706,1.065882,estimated,calibrated aggregate mu(t) split by mean 1900-1919 measured HLD male/female CDR ratio
1725,0.02889294,0.02710706,1.065882,estimated,calibrated aggregate mu(t) split by mean 1900-1919 measured HLD male/female CDR ratio
1726,0.02889294,0.02710706,1.065882,estimated,calibrated aggregate mu(t) split by mean 1900-1919 measured HLD male/female CDR ratio
1727,0.02889294,0.02710706,1.065882,estimated,calibrated aggregate mu(t) split by mean 1900-1919 measured HLD male/female CDR ratio
1728,0.02889294,0.02710706,1.065882,estimated,calibrated aggregate mu(t) split by mean 1900-1919 measured HLD male/female CDR ratio
1729,0.02889294,0.02710706,1.065882,estimated,calibrated aggregate mu(t) split by mean 1900-1919 measured HLD male/female CDR ratio
1730,0.02889294,0.02710706,1.065882,estimated,calibrated aggregate mu(t) split by mean 1900-1919 measured HLD male/female CDR ratio
1731,0.02889294,0.02710706,1.065882,estimated,calibrated aggregate mu(t) split by mean 1900-1919 measured HLD male/female CDR ratio
1732,0.02889294,0.02710706,1.065882,estimated,calibrated aggregate mu(t) split by mean 1900-1919 measured HLD male/female CDR ratio
1733,0.02889294,0.02710706,1.065882,estimated,calibrated aggregate mu(t) split by mean 1900-1919 measured HLD male/female CDR ratio
1734,0.02889294,0.02710706,1.065882,estimated,calibrated aggregate mu(t) split by mean 1900-1919 measured HLD male/female CDR ratio
1735,0.02889294,0.02710706,1.065882,estimated,calibrated aggregate mu(t) split by mean 1900-1919 measured HLD male/female CDR ratio
1736,0.02889294,0.02710706,1.065882,estimated,calibrated aggregate mu(t) split by mean 1900-1919 measured HLD male/female CDR ratio
1737,0.02889294,0.02710706,1.065882,estimated,calibrated aggregate mu(t) split by mean 1900-1919 measured HLD male/female CDR ratio
1738,0.02889294,0.02710706,1.065882,estimated,calibrated aggregate mu(t) split by mean 1900-1919 measured HLD male/female CDR ratio
1739,0.02889294,0.02710706,1.065882,estimated,calibrated aggregate mu(t) split by mean 1900-1919 measured HLD male/female CDR ratio
1740,0.02889294,0.02710706,1.065882,estimated,calibrated aggregate mu(t) split by mean 1900-1919 measured HLD male/female CDR ratio
1741,0.02889294,0.02710706,1.065882,estimated,calibrated aggregate mu(t) split by mean 1900-1919 measured HLD male/female CDR ratio
1742,0.02889294,0.02710706,1.065882,estimated,calibrated aggregate mu(t) split by mean 1900-1919 measured HLD male/female CDR ratio
1743,0.02889294,0.02710706,1.065882,estimated,calibrated aggregate mu(t) split by mean 1900-1919 measured HLD male/female CDR ratio
1744,0.02889294,0.02710706,1.065882,estimated,calibrated aggregate mu(t) split by mean 1900-1919 measured HLD male/female CDR ratio
1745,0.02889294,0.02710706,1.065882,estimated,calibrated aggregate mu(t) split by mean 1900-1919 measured HLD male/female CDR ratio
1746,0.02889294,0.02710706,1.065882,estimated,calibrated aggregate mu(t) split by mean 1900-1919 measured HLD male/female CDR ratio
1747,0.02889294,0.02710706,1.065882,estimated,calibrated aggregate mu(t) split by mean 1900-1919 measured HLD male/female CDR ratio
1748,0.02889294,0.02710706,1.065882,estimated,calibrated aggregate mu(t) split by mean 1900-1919 measured HLD male/female CDR ratio
1749,0.02889294,0.02710706,1.065882,estimated,calibrated aggregate mu(t) split by mean 1900-1919 measured HLD male/female CDR ratio
1750,0.02889294,0.02710706,1.065882,estimated,calibrated aggregate mu(t) split by mean 1900-1919 measured HLD male/female CDR ratio
1751,0.02889294,0.02710706,1.065882,estimated,calibrated aggregate mu(t) split by mean 1900-1919 measured HLD male/female CDR ratio
1752,0.02889294,0.02710706,1.065882,estimated,calibrated aggregate mu(t) split by mean 1900-1919 measured HLD male/female CDR ratio
1753,0.02889294,0.02710706,1.065882,estimated,calibrated aggregate mu(t) split by mean 1900-1919 measured HLD male/female CDR ratio
1754,0.02889294,0.02710706,1.065882,estimated,calibrated aggregate mu(t) split by mean 1900-1919 measured HLD male/female CDR ratio
1755,0.02889294,0.02710706,1.065882,estimated,calibrated aggregate mu(t) split by mean 1900-1919 measured HLD male/female CDR ratio
1756,0.02889294,0.02710706,1.065882,estimated,calibrated aggregate mu(t) split by mean 1900-1919 measured HLD male/female CDR ratio
1757,0.02889294,0.02710706,1.065882,estimated,calibrated aggregate mu(t) split by mean 1900-1919 measured HLD male/female CDR ratio
1758,0.02889294,0.02710706,1.065882,estimated,calibrated aggregate mu(t) split by mean 1900-1919 measured HLD male/female CDR ratio
1759,0.02889294,0.02710706,1.065882,estimated,calibrated aggregate mu(t) split by mean 1900-1919 measured HLD male/female CDR ratio
1760,0.02889294,0.02710706,1.065882,estimated,calibrated aggregate mu(t) split by mean 1900-1919 measured HLD male/female CDR ratio
1761,0.02889294,0.02710706,1.065882,estimated,calibrated aggregate mu(t) split by mean 1900-1919 measured HLD male/female CDR ratio
1762,0.02889294,0.02710706,1.065882,estimated,calibrated aggregate mu(t) split by mean 1900-1919 measured HLD male/female CDR ratio
1763,0.02889294,0.02710706,1.065882,estimated,calibrated aggregate mu(t) split by mean 1900-1919 measured HLD male/female CDR ratio
1764,0.02889294,0.02710706,1.065882,estimated,calibrated aggregate mu(t) split by mean 1900-1919 measured HLD male/female CDR ratio
1765,0.02889294,0.02710706,1.065882,estimated,calibrated aggregate mu(t) split by mean 1900-1919 measured HLD male/female CDR ratio
1766,0.02889294,0.02710706,1.065882,estimated,calibrated aggregate mu(t) split by mean 1900-1919 measured HLD male/female CDR ratio
1767,0.02889294,0.02710706,1.065882,estimated,calibrated aggregate mu(t) split by mean 1900-1919 measured HLD male/female CDR ratio
1768,0.02889294,0.02710706,1.065882,estimated,calibrated aggregate mu(t) split by mean 1900-1919 measured HLD male/female CDR ratio
1769,0.02889294,0.02710706,1.065882,estimated,calibrated aggregate mu(t) split by mean 1900-1919 measured HLD male/female CDR ratio
1770,0.02889294,0.02710706,1.065882,estimated,calibrated aggregate mu(t) split by mean 1900-1919 measured HLD male/female CDR ratio
1771,0.02889294,0.02710706,1.065882,estimated,calibrated aggregate mu(t) split by mean 1900-1919 measured HLD male/female CDR ratio
1772,0.02889294,0.02710706,1.065882,estimated,calibrated aggregate mu(t) split by mean 1900-1919 measured HLD male/female CDR ratio
1773,0.02889294,0.02710706,1.065882,estimated,calibrated aggregate mu(t) split by mean 1900-1919 measured HLD male/female CDR ratio
1774,0.02889294,0.02710706,1.065882,estimated,calibrated aggregate mu(t) split by mean 1900-1919 measured HLD male/female CDR ratio
1775,0.02889294,0.02710706,1.065882,estimated,calibrated aggregate mu(t) split by mean 1900-1919 measured HLD male/female CDR ratio
1776,0.02889294,0.02710706,1.065882,estimated,calibrated aggregate mu(t) split by mean 1900-1919 measured HLD male/female CDR ratio
1777,0.02889294,0.02710706,1.065882,estimated,calibrated aggregate mu(t) split by mean 1900-1919 measured HLD male/female CDR ratio
1778,0.02889294,0.02710706,1.065882,estimated,calibrated aggregate mu(t) split by mean 1900-1919 measured HLD male/female CDR ratio
1779,0.02889294,0.02710706,1.065882,estimated,calibrated aggregate mu(t) split by mean 1900-1919 measured HLD male/female CDR ratio
1780,0.02889294,0.02710706,1.065882,estimated,calibrated aggregate mu(t) split by mean 1900-1919 measured HLD male/female CDR ratio
1781,0.02889294,0.02710706,1.065882,estimated,calibrated aggregate mu(t) split by mean 1900-1919 measured HLD male/female CDR ratio
1782,0.02889294,0.02710706,1.065882,estimated,calibrated aggregate mu(t) split by mean 1900-1919 measured HLD male/female CDR ratio
1783,0.02889294,0.02710706,1.065882,estimated,calibrated aggregate mu(t) split by mean 1900-1919 measured HLD male/female CDR ratio
1784,0.02889294,0.02710706,1.065882,estimated,calibrated aggregate mu(t) split by mean 1900-1919 measured HLD male/female CDR ratio
1785,0.02889294,0.02710706,1.065882,estimated,calibrated aggregate mu(t) split by mean 1900-1919 measured HLD male/female CDR ratio
1786,0.02889294,0.02710706,1.065882,estimated,calibrated aggregate mu(t) split by mean 1900-1919 measured HLD male/female CDR ratio
1787,0.02889294,0.02710706,1.065882,estimated,calibrated aggregate mu(t) split by mean 1900-1919 measured HLD male/female CDR ratio
1788,0.02889294,0.02710706,1.065882,estimated,calibrated aggregate mu(t) split by mean 1900-1919 measured HLD male/female CDR ratio
1789,0.02889294,0.02710706,1.065882,estimated,calibrated aggregate mu(t) split by mean 1900-1919 measured HLD male/female CDR ratio
1790,0.02889294,0.02710706,1.065882,estimated,calibrated aggregate mu(t) split by mean 1900-1919 measured HLD male/female CDR ratio
1791,0.02889294,0.02710706,1.065882,estimated,calibrated aggregate mu(t) split by mean 1900-1919 measured HLD male/female CDR ratio
1792,0.02889294,0.02710706,1.065882,estimated,calibrated aggregate mu(t) split by mean 1900-1919 measured HLD male/female CDR ratio
1793,0.02889294,0.02710706,1.065882,estimated,calibrated aggregate mu(t) split by mean 1900-1919 measured HLD male/female CDR ratio
1794,0.02889294,0.02710706,1.065882,estimated,calibrated aggregate mu(t) split by mean 1900-1919 measured HLD male/female CDR ratio
1795,0.02889294,0.02710706,1.065882,estimated,calibrated aggregate mu(t) split by mean 1900-1919 measured HLD male/female CDR ratio
1796,0.02889294,0.02710706,1.065882,estimated,calibrated aggregate mu(t) split by mean 1900-1919 measured HLD male/female CDR ratio
1797,0.02889294,0.02710706,1.065882,estimated,calibrated aggregate mu(t) split by mean 1900-1919 measured HLD male/female CDR ratio
1798,0.02889294,0.02710706,1.065882,estimated,calibrated aggregate mu(t) split by mean 1900-1919 measured HLD male/female CDR ratio
1799,0.02889294,0.02710706,1.065882,estimated,calibrated aggregate mu(t) split by mean 1900-1919 measured HLD male/female CDR ratio
1800,0.02476537,0.02323463,1.065882,estimated,calibrated aggregate mu(t) split by mean 1900-1919 measured HLD male/female CDR ratio
1801,0.02474474,0.02321526,1.065882,estimated,calibrated aggregate mu(t) split by mean 1900-1919 measured HLD male/female CDR ratio
1802,0.02472410,0.02319590,1.065882,estimated,calibrated aggregate mu(t) split by mean 1900-1919 measured HLD male/female CDR ratio
1803,0.02470346,0.02317654,1.065882,estimated,calibrated aggregate mu(t) split by mean 1900-1919 measured HLD male/female CDR ratio
1804,0.02468282,0.02315718,1.065882,estimated,calibrated aggregate mu(t) split by mean 1900-1919 measured HLD male/female CDR ratio
1805,0.02466219,0.02313781,1.065882,estimated,calibrated aggregate mu(t) split by mean 1900-1919 measured HLD male/female CDR ratio
1806,0.02464155,0.02311845,1.065882,estimated,calibrated aggregate mu(t) split by mean 1900-1919 measured HLD male/female CDR ratio
1807,0.02462091,0.02309909,1.065882,estimated,calibrated aggregate mu(t) split by mean 1900-1919 measured HLD male/female CDR ratio
1808,0.02460027,0.02307973,1.065882,estimated,calibrated aggregate mu(t) split by mean 1900-1919 measured HLD male/female CDR ratio
1809,0.02457963,0.02306037,1.065882,estimated,calibrated aggregate mu(t) split by mean 1900-1919 measured HLD male/female CDR ratio
1810,0.02455900,0.02304100,1.065882,estimated,calibrated aggregate mu(t) split by mean 1900-1919 measured HLD male/female CDR ratio
1811,0.02453836,0.02302164,1.065882,estimated,calibrated aggregate mu(t) split by mean 1900-1919 measured HLD male/female CDR ratio
1812,0.02451772,0.02300228,1.065882,estimated,calibrated aggregate mu(t) split by mean 1900-1919 measured HLD male/female CDR ratio
1813,0.02449708,0.02298292,1.065882,estimated,calibrated aggregate mu(t) split by mean 1900-1919 measured HLD male/female CDR ratio
1814,0.02447644,0.02296356,1.065882,estimated,calibrated aggregate mu(t) split by mean 1900-1919 measured HLD male/female CDR ratio
1815,0.02445581,0.02294419,1.065882,estimated,calibrated aggregate mu(t) split by mean 1900-1919 measured HLD male/female CDR ratio
1816,0.02443517,0.02292483,1.065882,estimated,calibrated aggregate mu(t) split by mean 1900-1919 measured HLD male/female CDR ratio
1817,0.02441453,0.02290547,1.065882,estimated,calibrated aggregate mu(t) split by mean 1900-1919 measured HLD male/female CDR ratio
1818,0.02439389,0.02288611,1.065882,estimated,calibrated aggregate mu(t) split by mean 1900-1919 measured HLD male/female CDR ratio
1819,0.02437326,0.02286674,1.065882,estimated,calibrated aggregate mu(t) split by mean 1900-1919 measured HLD male/female CDR ratio
1820,0.02435262,0.02284738,1.065882,estimated,calibrated aggregate mu(t) split by mean 1900-1919 measured HLD male/female CDR ratio
1821,0.02433198,0.02282802,1.065882,estimated,calibrated aggregate mu(t) split by mean 1900-1919 measured HLD male/female CDR ratio
1822,0.02431134,0.02280866,1.065882,estimated,calibrated aggregate mu(t) split by mean 1900-1919 measured HLD male/female CDR ratio
1823,0.02429070,0.02278930,1.065882,estimated,calibrated aggregate mu(t) split by mean 1900-1919 measured HLD male/female CDR ratio
1824,0.02427007,0.02276993,1.065882,estimated,calibrated aggregate mu(t) split by mean 1900-1919 measured HLD male/female CDR ratio
1825,0.02424943,0.02275057,1.065882,estimated,calibrated aggregate mu(t) split by mean 1900-1919 measured HLD male/female CDR ratio
1826,0.02422879,0.02273121,1.065882,estimated,calibrated aggregate mu(t) split by mean 1900-1919 measured HLD male/female CDR ratio
1827,0.02420815,0.02271185,1.065882,estimated,calibrated aggregate mu(t) split by mean 1900-1919 measured HLD male/female CDR ratio
1828,0.02418752,0.02269248,1.065882,estimated,calibrated aggregate mu(t) split by mean 1900-1919 measured HLD male/female CDR ratio
1829,0.02416688,0.02267312,1.065882,estimated,calibrated aggregate mu(t) split by mean 1900-1919 measured HLD male/female CDR ratio
1830,0.02414624,0.02265376,1.065882,estimated,calibrated aggregate mu(t) split by mean 1900-1919 measured HLD male/female CDR ratio
1831,0.02412560,0.02263440,1.065882,estimated,calibrated aggregate mu(t) split by mean 1900-1919 measured HLD male/female CDR ratio
1832,0.02410496,0.02261504,1.065882,estimated,calibrated aggregate mu(t) split by mean 1900-1919 measured HLD male/female CDR ratio
1833,0.02408433,0.02259567,1.065882,estimated,calibrated aggregate mu(t) split by mean 1900-1919 measured HLD male/female CDR ratio
1834,0.02406369,0.02257631,1.065882,estimated,calibrated aggregate mu(t) split by mean 1900-1919 measured HLD male/female CDR ratio
1835,0.02404305,0.02255695,1.065882,estimated,calibrated aggregate mu(t) split by mean 1900-1919 measured HLD male/female CDR ratio
1836,0.02402241,0.02253759,1.065882,estimated,calibrated aggregate mu(t) split by mean 1900-1919 measured HLD male/female CDR ratio
1837,0.02400178,0.02251822,1.065882,estimated,calibrated aggregate mu(t) split by mean 1900-1919 measured HLD male/female CDR ratio
1838,0.02398114,0.02249886,1.065882,estimated,calibrated aggregate mu(t) split by mean 1900-1919 measured HLD male/female CDR ratio
1839,0.02396050,0.02247950,1.065882,estimated,calibrated aggregate mu(t) split by mean 1900-1919 measured HLD male/female CDR ratio
1840,0.02393986,0.02246014,1.065882,estimated,calibrated aggregate mu(t) split by mean 1900-1919 measured HLD male/female CDR ratio
1841,0.02391922,0.02244078,1.065882,estimated,calibrated aggregate mu(t) split by mean 1900-1919 measured HLD male/female CDR ratio
1842,0.02389859,0.02242141,1.065882,estimated,calibrated aggregate mu(t) split by mean 1900-1919 measured HLD male/female CDR ratio
1843,0.02387795,0.02240205,1.065882,estimated,calibrated aggregate mu(t) split by mean 1900-1919 measured HLD male/female CDR ratio
1844,0.02385731,0.02238269,1.065882,estimated,calibrated aggregate mu(t) split by mean 1900-1919 measured HLD male/female CDR ratio
1845,0.02383667,0.02236333,1.065882,estimated,calibrated aggregate mu(t) split by mean 1900-1919 measured HLD male/female CDR ratio
1846,0.02381603,0.02234397,1.065882,estimated,calibrated aggregate mu(t) split by mean 1900-1919 measured HLD male/female CDR ratio
1847,0.02379540,0.02232460,1.065882,estimated,calibrated aggregate mu(t) split by mean 1900-1919 measured HLD male/female CDR ratio
1848,0.02377476,0.02230524,1.065882,estimated,calibrated aggregate mu(t) split by mean 1900-1919 measured HLD male/female CDR ratio
1849,0.02375412,0.02228588,1.065882,estimated,calibrated aggregate mu(t) split by mean 1900-1919 measured HLD male/female CDR ratio
1850,0.02373348,0.02226652,1.065882,estimated,calibrated aggregate mu(t) split by mean 1900-1919 measured HLD male/female CDR ratio
1851,0.02361378,0.02215422,1.065882,estimated,calibrated aggregate mu(t) split by mean 1900-1919 measured HLD male/female CDR ratio
1852,0.02349408,0.02204192,1.065882,estimated,calibrated aggregate mu(t) split by mean 1900-1919 measured HLD male/female CDR ratio
1853,0.02337439,0.02192961,1.065882,estimated,calibrated aggregate mu(t) split by mean 1900-1919 measured HLD male/female CDR ratio
1854,0.02325469,0.02181731,1.065882,estimated,calibrated aggregate mu(t) split by mean 1900-1919 measured HLD male/female CDR ratio
1855,0.02313499,0.02170501,1.065882,estimated,calibrated aggregate mu(t) split by mean 1900-1919 measured HLD male/female CDR ratio
1856,0.02301529,0.02159271,1.065882,estimated,calibrated aggregate mu(t) split by mean 1900-1919 measured HLD male/female CDR ratio
1857,0.02289559,0.02148041,1.065882,estimated,calibrated aggregate mu(t) split by mean 1900-1919 measured HLD male/female CDR ratio
1858,0.02277589,0.02136811,1.065882,estimated,calibrated aggregate mu(t) split by mean 1900-1919 measured HLD male/female CDR ratio
1859,0.02265619,0.02125581,1.065882,estimated,calibrated aggregate mu(t) split by mean 1900-1919 measured HLD male/female CDR ratio
1860,0.02253649,0.02114351,1.065882,estimated,calibrated aggregate mu(t) split by mean 1900-1919 measured HLD male/female CDR ratio
1861,0.02241679,0.02103121,1.065882,estimated,calibrated aggregate mu(t) split by mean 1900-1919 measured HLD male/female CDR ratio
1862,0.02229709,0.02091891,1.065882,estimated,calibrated aggregate mu(t) split by mean 1900-1919 measured HLD male/female CDR ratio
1863,0.02217739,0.02080661,1.065882,estimated,calibrated aggregate mu(t) split by mean 1900-1919 measured HLD male/female CDR ratio
1864,0.02205769,0.02069431,1.065882,estimated,calibrated aggregate mu(t) split by mean 1900-1919 measured HLD male/female CDR ratio
1865,0.02193799,0.02058201,1.065882,estimated,calibrated aggregate mu(t) split by mean 1900-1919 measured HLD male/female CDR ratio
1866,0.02181829,0.02046971,1.065882,estimated,calibrated aggregate mu(t) split by mean 1900-1919 measured HLD male/female CDR ratio
1867,0.02169860,0.02035740,1.065882,estimated,calibrated aggregate mu(t) split by mean 1900-1919 measured HLD male/female CDR ratio
1868,0.02157890,0.02024510,1.065882,estimated,calibrated aggregate mu(t) split by mean 1900-1919 measured HLD male/female CDR ratio
1869,0.02145920,0.02013280,1.065882,estimated,calibrated aggregate mu(t) split by mean 1900-1919 measured HLD male/female CDR ratio
1870,0.02133950,0.02002050,1.065882,estimated,calibrated aggregate mu(t) split by mean 1900-1919 measured HLD male/female CDR ratio
1871,0.02121980,0.01990820,1.065882,estimated,calibrated aggregate mu(t) split by mean 1900-1919 measured HLD male/female CDR ratio
1872,0.02110010,0.01979590,1.065882,estimated,calibrated aggregate mu(t) split by mean 1900-1919 measured HLD male/female CDR ratio
1873,0.02098040,0.01968360,1.065882,estimated,calibrated aggregate mu(t) split by mean 1900-1919 measured HLD male/female CDR ratio
1874,0.02086070,0.01957130,1.065882,estimated,calibrated aggregate mu(t) split by mean 1900-1919 measured HLD male/female CDR ratio
1875,0.02074100,0.01945900,1.065882,estimated,calibrated aggregate mu(t) split by mean 1900-1919 measured HLD male/female CDR ratio
1876,0.02062130,0.01934670,1.065882,estimated,calibrated aggregate mu(t) split by mean 1900-1919 measured HLD male/female CDR ratio
1877,0.02050160,0.01923440,1.065882,estimated,calibrated aggregate mu(t) split by mean 1900-1919 measured HLD male/female CDR ratio
1878,0.02038190,0.01912210,1.065882,estimated,calibrated aggregate mu(t) split by mean 1900-1919 measured HLD male/female CDR ratio
1879,0.02026220,0.01900980,1.065882,estimated,calibrated aggregate mu(t) split by mean 1900-1919 measured HLD male/female CDR ratio
1880,0.02014250,0.01889750,1.065882,estimated,calibrated aggregate mu(t) split by mean 1900-1919 measured HLD male/female CDR ratio
1881,0.02002281,0.01878519,1.065882,estimated,calibrated aggregate mu(t) split by mean 1900-1919 measured HLD male/female CDR ratio
1882,0.01990311,0.01867289,1.065882,estimated,calibrated aggregate mu(t) split by mean 1900-1919 measured HLD male/female CDR ratio
1883,0.01978341,0.01856059,1.065882,estimated,calibrated aggregate mu(t) split by mean 1900-1919 measured HLD male/female CDR ratio
1884,0.01966371,0.01844829,1.065882,estimated,calibrated aggregate mu(t) split by mean 1900-1919 measured HLD male/female CDR ratio
1885,0.01954401,0.01833599,1.065882,estimated,calibrated aggregate mu(t) split by mean 1900-1919 measured HLD male/female CDR ratio
1886,0.01942431,0.01822369,1.065882,estimated,calibrated aggregate mu(t) split by mean 1900-1919 measured HLD male/female CDR ratio
1887,0.01930461,0.01811139,1.065882,estimated,calibrated aggregate mu(t) split by mean 1900-1919 measured HLD male/female CDR ratio
1888,0.01918491,0.01799909,1.065882,estimated,calibrated aggregate mu(t) split by mean 1900-1919 measured HLD male/female CDR ratio
1889,0.01906521,0.01788679,1.065882,estimated,calibrated aggregate mu(t) split by mean 1900-1919 measured HLD male/female CDR ratio
1890,0.01894551,0.01777449,1.065882,estimated,calibrated aggregate mu(t) split by mean 1900-1919 measured HLD male/female CDR ratio
1891,0.01882581,0.01766219,1.065882,estimated,calibrated aggregate mu(t) split by mean 1900-1919 measured HLD male/female CDR ratio
1892,0.01870611,0.01754989,1.065882,estimated,calibrated aggregate mu(t) split by mean 1900-1919 measured HLD male/female CDR ratio
1893,0.01858641,0.01743759,1.065882,estimated,calibrated aggregate mu(t) split by mean 1900-1919 measured HLD male/female CDR ratio
1894,0.01846671,0.01732529,1.065882,estimated,calibrated aggregate mu(t) split by mean 1900-1919 measured HLD male/female CDR ratio
1895,0.01834701,0.01721299,1.065882,estimated,calibrated aggregate mu(t) split by mean 1900-1919 measured HLD male/female CDR ratio
1896,0.01822732,0.01710068,1.065882,estimated,calibrated aggregate mu(t) split by mean 1900-1919 measured HLD male/female CDR ratio
1897,0.01810762,0.01698838,1.065882,estimated,calibrated aggregate mu(t) split by mean 1900-1919 measured HLD male/female CDR ratio
1898,0.01798792,0.01687608,1.065882,estimated,calibrated aggregate mu(t) split by mean 1900-1919 measured HLD male/female CDR ratio
1899,0.01786822,0.01676378,1.065882,estimated,calibrated aggregate mu(t) split by mean 1900-1919 measured HLD male/female CDR ratio
1900,0.01765960,0.01674040,1.054909,measured,calibrated aggregate mu(t) split by measured HLD male/female CDR ratio (exposure-weighted life tables)
1901,0.01751837,0.01648763,1.062515,measured,calibrated aggregate mu(t) split by measured HLD male/female CDR ratio (exposure-weighted life tables)
1902,0.01731598,0.01629802,1.062459,measured,calibrated aggregate mu(t) split by measured HLD male/female CDR ratio (exposure-weighted life tables)
1903,0.01708827,0.01613173,1.059295,measured,calibrated aggregate mu(t) split by measured HLD male/female CDR ratio (exposure-weighted life tables)
1904,0.01691168,0.01591432,1.062670,measured,calibrated aggregate mu(t) split by measured HLD male/female CDR ratio (exposure-weighted life tables)
1905,0.01672469,0.01570931,1.064635,measured,calibrated aggregate mu(t) split by measured HLD male/female CDR ratio (exposure-weighted life tables)
1906,0.01660924,0.01543076,1.076373,measured,calibrated aggregate mu(t) split by measured HLD male/female CDR ratio (exposure-weighted life tables)
1907,0.01644024,0.01520576,1.081185,measured,calibrated aggregate mu(t) split by measured HLD male/female CDR ratio (exposure-weighted life tables)
1908,0.01613501,0.01511899,1.067202,measured,calibrated aggregate mu(t) split by measured HLD male/female CDR ratio (exposure-weighted life tables)
1909,0.01591604,0.01494396,1.065048,measured,calibrated aggregate mu(t) split by measured HLD male/female CDR ratio (exposure-weighted life tables)
1910,0.01574668,0.01471932,1.069797,measured,calibrated aggregate mu(t) split by measured HLD male/female CDR ratio (exposure-weighted life tables)
1911,0.01549360,0.01458040,1.062632,measured,calibrated aggregate mu(t) split by measured HLD male/female CDR ratio (exposure-weighted life tables)
1912,0.01532304,0.01435696,1.067290,measured,calibrated aggregate mu(t) split by measured HLD male/female CDR ratio (exposure-weighted life tables)
1913,0.01515095,0.01413505,1.071872,measured,calibrated aggregate mu(t) split by measured HLD male/female CDR ratio (exposure-weighted life tables)
1914,0.01490319,0.01399081,1.065212,measured,calibrated aggregate mu(t) split by measured HLD male/female CDR ratio (exposure-weighted life tables)
1915,0.01467380,0.01382620,1.061305,measured,calibrated aggregate mu(t) split by measured HLD male/female CDR ratio (exposure-weighted life tables)
1916,0.01451358,0.01359242,1.067770,measured,calibrated aggregate mu(t) split by measured HLD male/female CDR ratio (exposure-weighted life tables)
1917,0.01433523,0.01337877,1.071491,measured,calibrated aggregate mu(t) split by measured HLD male/female CDR ratio (exposure-weighted life tables)
1918,0.01420037,0.01311963,1.082375,measured,calibrated aggregate mu(t) split by measured HLD male/female CDR ratio (exposure-weighted life tables)
1919,0.01373737,0.01318863,1.041607,measured,calibrated aggregate mu(t) split by measured HLD male/female CDR ratio (exposure-weighted life tables)
1920,0.01347694,0.01305706,1.032157,measured,calibrated aggregate mu(t) split by measured HLD male/female CDR ratio (exposure-weighted life tables)
1921,0.01329508,0.01284492,1.035045,measured,calibrated aggregate mu(t) split by measured HLD male/female CDR ratio (exposure-weighted life tables)
1922,0.01312835,0.01261765,1.040474,measured,calibrated aggregate mu(t) split by measured HLD male/female CDR ratio (exposure-weighted life tables)
1923,0.01294363,0.01241037,1.042969,measured,calibrated aggregate mu(t) split by measured HLD male/female CDR ratio (exposure-weighted life tables)
1924,0.01277275,0.01218725,1.048042,measured,calibrated aggregate mu(t) split by measured HLD male/female CDR ratio (exposure-weighted life tables)
1925,0.01256603,0.01199997,1.047172,measured,calibrated aggregate mu(t) split by measured HLD male/female CDR ratio (exposure-weighted life tables)
1926,0.01237492,0.01179908,1.048803,measured,calibrated aggregate mu(t) split by measured HLD male/female CDR ratio (exposure-weighted life tables)
1927,0.01218171,0.01159829,1.050302,measured,calibrated aggregate mu(t) split by measured HLD male/female CDR ratio (exposure-weighted life tables)
1928,0.01199787,0.01138813,1.053541,measured,calibrated aggregate mu(t) split by measured HLD male/female CDR ratio (exposure-weighted life tables)
1929,0.01180699,0.01118701,1.055420,measured,calibrated aggregate mu(t) split by measured HLD male/female CDR ratio (exposure-weighted life tables)
1930,0.01161808,0.01098192,1.057928,measured,calibrated aggregate mu(t) split by measured HLD male/female CDR ratio (exposure-weighted life tables)
1931,0.01156163,0.01091837,1.058916,measured,calibrated aggregate mu(t) split by measured HLD male/female CDR ratio (exposure-weighted life tables)
1932,0.01146798,0.01089202,1.052879,measured,calibrated aggregate mu(t) split by measured HLD male/female CDR ratio (exposure-weighted life tables)
1933,0.01143330,0.01080670,1.057983,measured,calibrated aggregate mu(t) split by measured HLD male/female CDR ratio (exposure-weighted life tables)
1934,0.01140827,0.01071173,1.065026,measured,calibrated aggregate mu(t) split by measured HLD male/female CDR ratio (exposure-weighted life tables)
1935,0.01134948,0.01065052,1.065627,measured,calibrated aggregate mu(t) split by measured HLD male/female CDR ratio (exposure-weighted life tables)
1936,0.01130906,0.01057094,1.069825,measured,calibrated aggregate mu(t) split by measured HLD male/female CDR ratio (exposure-weighted life tables)
1937,0.01125324,0.01050676,1.071048,measured,calibrated aggregate mu(t) split by measured HLD male/female CDR ratio (exposure-weighted life tables)
1938,0.01115809,0.01048191,1.064510,measured,calibrated aggregate mu(t) split by measured HLD male/female CDR ratio (exposure-weighted life tables)
1939,0.01109688,0.01042312,1.064642,measured,calibrated aggregate mu(t) split by measured HLD male/female CDR ratio (exposure-weighted life tables)
1940,0.01106180,0.01033820,1.069994,measured,calibrated aggregate mu(t) split by measured HLD male/female CDR ratio (exposure-weighted life tables)
1941,0.01101786,0.01026214,1.073642,measured,calibrated aggregate mu(t) split by measured HLD male/female CDR ratio (exposure-weighted life tables)
1942,0.01096890,0.01019110,1.076322,measured,calibrated aggregate mu(t) split by measured HLD male/female CDR ratio (exposure-weighted life tables)
1943,0.01091474,0.01012526,1.077971,measured,calibrated aggregate mu(t) split by measured HLD male/female CDR ratio (exposure-weighted life tables)
1944,0.01087196,0.01004804,1.081998,measured,calibrated aggregate mu(t) split by measured HLD male/female CDR ratio (exposure-weighted life tables)
1945,0.01084134,0.00995866,1.088634,measured,calibrated aggregate mu(t) split by measured HLD male/female CDR ratio (exposure-weighted life tables)
1946,0.01072419,0.00995581,1.077178,measured,calibrated aggregate mu(t) split by measured HLD male/female CDR ratio (exposure-weighted life tables)
1947,0.01067073,0.00988927,1.079021,measured,calibrated aggregate mu(t) split by measured HLD male/female CDR ratio (exposure-weighted life tables)
1948,0.01062245,0.00981755,1.081985,measured,calibrated aggregate mu(t) split by measured HLD male/female CDR ratio (exposure-weighted life tables)
1949,0.01056312,0.00975688,1.082633,measured,calibrated aggregate mu(t) split by measured HLD male/female CDR ratio (exposure-weighted life tables)
1950,0.01050616,0.00969384,1.083798,measured,calibrated aggregate mu(t) split by measured HLD male/female CDR ratio (exposure-weighted life tables)
1951,0.01045723,0.00962277,1.086717,measured,calibrated aggregate mu(t) split by measured HLD male/female CDR ratio (exposure-weighted life tables)
1952,0.01040419,0.00955581,1.088781,measured,calibrated aggregate mu(t) split by measured HLD male/female CDR ratio (exposure-weighted life tables)
1953,0.01035145,0.00948855,1.090942,measured,calibrated aggregate mu(t) split by measured HLD male/female CDR ratio (exposure-weighted life tables)
1954,0.01028408,0.00943592,1.089887,measured,calibrated aggregate mu(t) split by measured HLD male/female CDR ratio (exposure-weighted life tables)
1955,0.01022807,0.00937193,1.091352,measured,calibrated aggregate mu(t) split by measured HLD male/female CDR ratio (exposure-weighted life tables)
1956,0.01017363,0.00930637,1.093190,measured,calibrated aggregate mu(t) split by measured HLD male/female CDR ratio (exposure-weighted life tables)
1957,0.01011544,0.00924456,1.094205,measured,calibrated aggregate mu(t) split by measured HLD male/female CDR ratio (exposure-weighted life tables)
1958,0.01005318,0.00918682,1.094304,measured,calibrated aggregate mu(t) split by measured HLD male/female CDR ratio (exposure-weighted life tables)
1959,0.01000002,0.00911998,1.096496,measured,calibrated aggregate mu(t) split by measured HLD male/female CDR ratio (exposure-weighted life tables)
1960,0.00994698,0.00905302,1.098748,measured,calibrated aggregate mu(t) split by measured HLD male/female CDR ratio (exposure-weighted life tables)
1961,0.00973358,0.00886642,1.097802,measured,calibrated aggregate mu(t) split by measured HLD male/female CDR ratio (exposure-weighted life tables)
1962,0.00993892,0.00906108,1.096879,measured,calibrated aggregate mu(t) split by measured HLD male/female CDR ratio (exposure-weighted life tables)
1963,0.01005535,0.00914465,1.099588,measured,calibrated aggregate mu(t) split by measured HLD male/female CDR ratio (exposure-weighted life tables)
1964,0.00985052,0.00894948,1.100680,measured,calibrated aggregate mu(t) split by measured HLD male/female CDR ratio (exposure-weighted life tables)
1965,0.00985963,0.00894037,1.102821,measured,calibrated aggregate mu(t) split by measured HLD male/female CDR ratio (exposure-weighted life tables)
1966,0.00998674,0.00901326,1.108006,measured,calibrated aggregate mu(t) split by measured HLD male/female CDR ratio (exposure-weighted life tables)
1967,0.00988799,0.00891201,1.109512,measured,calibrated aggregate mu(t) split by measured HLD male/female CDR ratio (exposure-weighted life tables)
1968,0.01032856,0.00927144,1.114020,measured,calibrated aggregate mu(t) split by measured HLD male/female CDR ratio (exposure-weighted life tables)
1969,0.01001790,0.00898210,1.115319,measured,calibrated aggregate mu(t) split by measured HLD male/female CDR ratio (exposure-weighted life tables)
1970,0.01001624,0.00898376,1.114928,measured,calibrated aggregate mu(t) split by measured HLD male/female CDR ratio (exposure-weighted life tables)
1971,0.00979964,0.00880036,1.113550,measured,calibrated aggregate mu(t) split by measured HLD male/female CDR ratio (exposure-weighted life tables)
1972,0.00991396,0.00888604,1.115679,measured,calibrated aggregate mu(t) split by measured HLD male/female CDR ratio (exposure-weighted life tables)
1973,0.00980853,0.00879147,1.115686,measured,calibrated aggregate mu(t) split by measured HLD male/female CDR ratio (exposure-weighted life tables)
1974,0.00958907,0.00861093,1.113593,measured,calibrated aggregate mu(t) split by measured HLD male/female CDR ratio (exposure-weighted life tables)
1975,0.00927347,0.00832653,1.113726,measured,calibrated aggregate mu(t) split by measured HLD male/female CDR ratio (exposure-weighted life tables)
1976,0.00926369,0.00833631,1.111245,measured,calibrated aggregate mu(t) split by measured HLD male/female CDR ratio (exposure-weighted life tables)
1977,0.00905546,0.00814454,1.111843,measured,calibrated aggregate mu(t) split by measured HLD male/female CDR ratio (exposure-weighted life tables)
1978,0.00915470,0.00824530,1.110294,measured,calibrated aggregate mu(t) split by measured HLD male/female CDR ratio (exposure-weighted life tables)
1979,0.00892358,0.00807642,1.104892,measured,calibrated aggregate mu(t) split by measured HLD male/female CDR ratio (exposure-weighted life tables)
1980,0.00925210,0.00834790,1.108315,measured,calibrated aggregate mu(t) split by measured HLD male/female CDR ratio (exposure-weighted life tables)
1981,0.00901612,0.00818388,1.101692,measured,calibrated aggregate mu(t) split by measured HLD male/female CDR ratio (exposure-weighted life tables)
1982,0.00892057,0.00807943,1.104109,measured,calibrated aggregate mu(t) split by measured HLD male/female CDR ratio (exposure-weighted life tables)
1983,0.00901532,0.00818468,1.101487,measured,calibrated aggregate mu(t) split by measured HLD male/female CDR ratio (exposure-weighted life tables)
1984,0.00911498,0.00828502,1.100175,measured,calibrated aggregate mu(t) split by measured HLD male/female CDR ratio (exposure-weighted life tables)
1985,0.00911759,0.00828241,1.100838,measured,calibrated aggregate mu(t) split by measured HLD male/female CDR ratio (exposure-weighted life tables)
1986,0.00911810,0.00828190,1.100967,measured,calibrated aggregate mu(t) split by measured HLD male/female CDR ratio (exposure-weighted life tables)
1987,0.00900695,0.00819305,1.099341,measured,calibrated aggregate mu(t) split by measured HLD male/female CDR ratio (exposure-weighted life tables)
1988,0.00932147,0.00847853,1.099420,measured,calibrated aggregate mu(t) split by measured HLD male/female CDR ratio (exposure-weighted life tables)
1989,0.00921376,0.00838624,1.098677,measured,calibrated aggregate mu(t) split by measured HLD male/female CDR ratio (exposure-weighted life tables)
1990,0.00900522,0.00819478,1.098897,measured,calibrated aggregate mu(t) split by measured HLD male/female CDR ratio (exposure-weighted life tables)
1991,0.00900190,0.00819810,1.098048,measured,calibrated aggregate mu(t) split by measured HLD male/female CDR ratio (exposure-weighted life tables)
1992,0.00889311,0.00810689,1.096982,measured,calibrated aggregate mu(t) split by measured HLD male/female CDR ratio (exposure-weighted life tables)
1993,0.00920352,0.00839648,1.096116,measured,calibrated aggregate mu(t) split by measured HLD male/female CDR ratio (exposure-weighted life tables)
1994,0.00919649,0.00840351,1.094364,measured,calibrated aggregate mu(t) split by measured HLD male/female CDR ratio (exposure-weighted life tables)
1995,0.00918659,0.00841341,1.091898,measured,calibrated aggregate mu(t) split by measured HLD male/female CDR ratio (exposure-weighted life tables)
1996,0.00916527,0.00843473,1.086612,measured,calibrated aggregate mu(t) split by measured HLD male/female CDR ratio (exposure-weighted life tables)
1997,0.00902978,0.00837022,1.078799,measured,calibrated aggregate mu(t) split by measured HLD male/female CDR ratio (exposure-weighted life tables)
1998,0.00891585,0.00828415,1.076253,measured,calibrated aggregate mu(t) split by measured HLD male/female CDR ratio (exposure-weighted life tables)
1999,0.00890550,0.00829450,1.073663,measured,calibrated aggregate mu(t) split by measured HLD male/female CDR ratio (exposure-weighted life tables)
2000,0.00879265,0.00820735,1.071315,measured,calibrated aggregate mu(t) split by measured HLD male/female CDR ratio (exposure-weighted life tables)
2001,0.00878849,0.00821151,1.070266,measured,calibrated aggregate mu(t) split by measured HLD male/female CDR ratio (exposure-weighted life tables)
2002,0.00878721,0.00821279,1.069942,measured,calibrated aggregate mu(t) split by measured HLD male/female CDR ratio (exposure-weighted life tables)
2003,0.00867948,0.00812052,1.068832,measured,calibrated aggregate mu(t) split by measured HLD male/female CDR ratio (exposure-weighted life tables)
2004,0.00846822,0.00793178,1.067631,measured,calibrated aggregate mu(t) split by measured HLD male/female CDR ratio (exposure-weighted life tables)
2005,0.00857233,0.00802767,1.067848,measured,calibrated aggregate mu(t) split by measured HLD male/female CDR ratio (exposure-weighted life tables)
2006,0.00836453,0.00783547,1.067521,measured,calibrated aggregate mu(t) split by measured HLD male/female CDR ratio (exposure-weighted life tables)
2007,0.00825791,0.00774209,1.066626,measured,calibrated aggregate mu(t) split by measured HLD male/female CDR ratio (exposure-weighted life tables)
2008,0.00835781,0.00784219,1.065748,measured,calibrated aggregate mu(t) split by measured HLD male/female CDR ratio (exposure-weighted life tables)
2009,0.00814799,0.00765201,1.064817,measured,calibrated aggregate mu(t) split by measured HLD male/female CDR ratio (exposure-weighted life tables)
2010,0.00824123,0.00774877,1.063552,measured,calibrated aggregate mu(t) split by measured HLD male/female CDR ratio (exposure-weighted life tables)
2011,0.00831685,0.00782915,1.062294,measured,calibrated aggregate mu(t) split by measured HLD male/female CDR ratio (exposure-weighted life tables)
2012,0.00834624,0.00785776,1.062166,measured,calibrated aggregate mu(t) split by measured HLD male/female CDR ratio (exposure-weighted life tables)
2013,0.00846293,0.00796707,1.062239,measured,calibrated aggregate mu(t) split by measured HLD male/female CDR ratio (exposure-weighted life tables)
2014,0.00848628,0.00798772,1.062416,measured,calibrated aggregate mu(t) split by measured HLD male/female CDR ratio (exposure-weighted life tables)
2015,0.00869786,0.00818214,1.063030,measured,calibrated aggregate mu(t) split by measured HLD male/female CDR ratio (exposure-weighted life tables)
2016,0.00876316,0.00822284,1.065709,measured,calibrated aggregate mu(t) split by measured HLD male/female CDR ratio (exposure-weighted life tables)
2017,0.00891267,0.00836333,1.065684,measured,calibrated aggregate mu(t) split by measured HLD male/female CDR ratio (exposure-weighted life tables)
2018,0.00895440,0.00840160,1.065798,measured,calibrated aggregate mu(t) split by measured HLD male/female CDR ratio (exposure-weighted life tables)
2019,0.00897684,0.00841716,1.066492,measured,calibrated aggregate mu(t) split by measured HLD male/female CDR ratio (exposure-weighted life tables)
2020,0.01064957,0.00989043,1.076755,measured,calibrated aggregate mu(t) split by measured HLD male/female CDR ratio (exposure-weighted life tables)
2021,0.01079285,0.01000715,1.078513,measured,calibrated aggregate mu(t) split by measured HLD male/female CDR ratio (exposure-weighted life tables)
2022,0.01014082,0.00945918,1.072061,measured,calibrated aggregate mu(t) split by measured HLD male/female CDR ratio (exposure-weighted life tables)
2023,0.00950844,0.00889156,1.069378,measured,calibrated aggregate mu(t) split by measured HLD male/female CDR ratio (exposure-weighted life tables)
2024,0.00930173,0.00869827,1.069378,interpolated,2023 measured HLD sex ratio held
2025,0.00930173,0.00869827,1.069378,interpolated,2023 measured HLD sex ratio held
