month,ret
2009-07-31,0.05415447317318454
2009-08-31,0.01163858621619167
2009-09-30,0.020375061583329995
2009-10-30,-0.008939541090566813
2009-11-30,0.06208261340976802
2009-12-31,0.015253206373621694
2010-01-29,-0.010262253648609587
2010-02-26,0.02416781669966538
2010-03-31,0.03931701952668429
2010-04-30,0.0007454479697238468
2010-05-28,-0.05977915347067153
2010-06-30,-0.023423462386959693
2010-07-30,0.04870250827253942
2010-08-31,-0.009890463032663867
2010-09-30,0.07992588191001262
2010-10-29,0.041995390108737325
2010-11-30,-0.015025770691236194
2010-12-31,0.03249374655514998
2011-01-31,0.005477607096075179
2011-02-28,0.01982653965458785
2011-03-31,0.027590637034016388
2011-04-29,0.043730002962395806
2011-05-31,0.02566673901071305
2011-06-30,-0.01122511230143768
2011-07-29,-0.006672264806406294
2011-08-31,-0.0007237751503767016
2011-09-30,-0.03549097551398512
2011-10-31,0.04456088422453353
2011-11-30,0.018804983058345114
2011-12-30,0.027420574234315945
2012-01-31,0.020554795004197508
2012-02-29,0.019151440021303177
2012-03-30,0.022640099260429626
2012-04-30,0.012546750147594207
2012-05-31,-0.027680396343282142
2012-06-29,0.04076198431902472
2012-07-31,0.013574891595013946
2012-08-31,0.0008671916325525052
2012-09-28,0.010324535726279628
2012-10-31,-0.008570651764411658
2012-11-30,-0.015463086136278078
2012-12-31,-0.0052363881406965644
2013-01-31,0.05671417143404475
2013-02-28,0.03115628506805121
2013-03-28,0.0519311619198751
2013-04-30,0.03946902538834925
2013-05-31,0.0017657527318734314
2013-06-28,-0.005646194656810671
2013-07-31,0.04347588175851049
2013-08-30,-0.024191733549386297
2013-09-30,0.020253224308753936
2013-10-31,0.03474590272741628
2013-11-29,0.0031229904814057538
2013-12-31,0.010533909384719205
2014-01-31,-0.021038555777613654
2014-02-28,0.04879208208812236
2014-03-31,0.02443098386720712
2014-04-30,0.025118534638396972
2014-05-30,0.009402076919063395
2014-06-30,0.021800723389038195
2014-07-31,-0.045206734035352365
2014-08-29,0.05062758292373018
2014-09-30,-0.008146730345795378
2014-10-31,0.05374842639591738
2014-11-28,0.042742812058425436
2014-12-31,0.015950323008377777
2015-01-30,-0.002177096499506366
2015-02-27,0.020006860524558554
2015-03-31,-0.01390602302436654
2015-04-30,-0.020652438029879792
2015-05-29,0.002457195153496522
2015-06-30,-0.031047518383300072
2015-07-31,0.04558304214982019
2015-08-31,-0.047019179764570394
2015-09-30,0.021369933799834363
2015-10-30,0.04945273707960583
2015-11-30,0.006541029740127094
2015-12-31,0.005654312345649629
2016-01-29,0.02021274425160916
2016-02-29,0.01543246679727121
2016-03-31,0.06165447152476968
2016-04-29,0.0014520341740480542
2016-05-31,-0.0017193223543840812
2016-06-30,0.05712775616188199
2016-07-29,0.0011486921265207593
2016-08-31,-0.043870120921996804
2016-09-30,-0.0012534774438363568
2016-10-31,-0.009714199088884726
2016-11-30,0.012782418680341967
2016-12-30,0.027230416814544987
2017-01-31,0.010184750391441967
2017-02-28,0.03912224384232331
2017-03-31,-0.0019054785466402204
2017-04-28,0.010054049515943093
2017-05-31,0.029352582044089387
2017-06-30,-0.016004681139575084
2017-07-31,0.012183478837007489
2017-08-31,0.021239443885657402
2017-09-29,0.012658828894978437
2017-10-31,0.011076152331870544
2017-11-30,0.054936478940148845
2017-12-29,0.012642874519289804
2018-01-31,0.043932685315870704
2018-02-28,-0.0588614666796009
2018-03-29,-0.0054198679273420765
2018-04-30,-0.0005021918953857971
2018-05-31,-0.007041340079185256
2018-06-29,0.021230038550699878
2018-07-31,0.029201990556955243
2018-08-31,0.02119694063876197
2018-09-28,-0.0001316091613194567
2018-10-31,-0.000723337977500898
2018-11-30,0.03809417417553787
2018-12-31,-0.05582407315318715
2019-01-31,0.04599326275253182
2019-02-28,0.02391693043317455
2019-03-29,0.028562563431992875
2019-04-30,0.015056434953713222
2019-05-31,-0.022128493169631037
2019-06-28,0.042177251526980104
2019-07-31,0.011286120929914092
2019-08-30,0.029543839518605113
2019-09-30,0.02573841511291634
2019-10-31,-0.001963384198772194
2019-11-29,0.008944163466874948
2019-12-31,0.031294785435751454
2020-01-31,0.018374643259452327
2020-02-28,-0.08920952887195267
2020-03-31,-0.11714343465858286
2020-04-30,0.07879724822490469
2020-05-29,0.042572870003472624
2020-06-30,-0.01933697439328291
2020-07-31,0.06579459419485999
2020-08-31,0.024065623466562977
2020-09-30,-0.016566394195481983
2020-10-30,-0.036309451247604
2020-11-30,0.05386758193354807
2020-12-31,0.009262937632385972
2021-01-29,0.011316661028148767
2021-02-26,-0.013916735423446448
2021-03-31,0.06516001545294177
2021-04-30,0.04042946512364009
2021-05-28,0.023133935649651976
2021-06-30,0.03605121318951371
2021-07-30,0.027580751948346693
2021-08-31,0.017456935898470746
2021-09-30,-0.04829363668454848
2021-10-29,0.04329158489678499
2021-11-30,-0.011800275716392819
2021-12-31,0.09022336931429566
2022-01-31,-0.03653578188103837
2022-02-28,-0.024247804596973635
2022-03-31,0.04149191997135158
2022-04-29,-0.02625317284531112
2022-05-31,0.01329508811080826
2022-06-30,-0.04255835119200433
