month,comom_win,comom_lose,comom,n_win,n_lose,comom_terc_win,comom_terc_lose,ret_win_12m,ret_lose_12m,wml_12m,C,hhi,n_qw,n_ql
2001-01-31,0.07109320656612308,0.035799113438802425,0.05344616000246276,99,76,0.08151120851188354,0.0371998367167449,0.031048356208794283,0.037494927997968795,-0.006446571789174512,0.27113018752623835,0.1958753735033582,100,76
2001-02-28,0.06829155630467484,0.025594431674071015,0.04694299398937293,114,56,0.06890768830863005,0.019928870391556053,0.0504596106047672,0.042669045877704884,0.007790564727062313,0.4234872163858019,0.23480779303830304,115,56
2001-03-30,0.07087160486946752,0.025645906797916136,0.048258755833691824,80,75,0.07245244571859112,0.023807348155415763,0.11193107076786862,0.18965738135010543,-0.07772631058223681,0.19606495808789096,0.19939436552320983,81,75
2001-04-30,0.05287894414729734,0.02359788145507116,0.03823841280118425,63,97,0.04785149986740981,0.02467312363929701,0.11109166275800475,0.0047997677095191075,0.10629189504848564,0.11283496407073315,0.21502129798573572,63,97
2001-05-31,0.036071793129278315,0.01547986754110311,0.02577583033519071,69,72,0.032583753667308146,0.015546888097892722,0.0553083086281366,-0.03346680088417384,0.08877510951231044,0.1318016616644863,0.22529641026495076,69,72
2001-06-29,0.029772900937654913,0.012936489619429316,0.021354695278542113,100,62,0.030494678067893327,0.012462006775061091,0.08405348832286866,-0.1463027465726375,0.23035623489550616,0.1974253156575061,0.16296419656569358,100,62
2001-07-31,0.027379504318649068,0.012135024173388827,0.01975726424601895,81,74,0.026736134625411672,0.013437982870199787,0.0031841595432458053,-0.26930903718772214,0.27249319673096795,0.13572867308589703,0.17081044509438528,81,74
2001-08-31,0.03584990820958139,0.017039173399948277,0.026444540804764834,69,83,0.03416462689969976,0.017269549346200626,0.06012105429214388,-0.24121522377001095,0.30133627806215485,0.11833700946167572,0.186098920392975,69,83
2001-09-28,0.04530471108786598,0.012401684507459614,0.028853197797662797,64,90,0.04359407640862452,0.01196656487729462,0.07442405671607498,-0.1907637036720689,0.2651877603881439,0.10265280487830122,0.1847038597376276,64,90
2001-10-31,0.0354170599864821,0.016533871882920825,0.02597546593470146,48,114,0.03569198346169968,0.0245975108194363,0.0675538512428759,-0.16672040481997555,0.23427425606285146,0.10373780074879287,0.19067331009792898,48,114
2001-11-30,0.021103123429179246,0.014189270093060246,0.017646196761119746,33,134,0.03594732484421614,0.021292891962649305,-0.008192237338935388,-0.13498729703970636,0.12679505970077096,0.06473514832684522,0.25146870315696923,33,134
2001-12-31,0.028672831727435167,0.01965668920109751,0.02416476046426634,39,125,0.02481688452851762,0.016910288096151464,-0.07401910985624453,-0.2045707006310567,0.13055159077481215,0.09157322964537823,0.19983457806155658,39,125
2002-01-31,0.034436643443003054,0.010050302178691363,0.02224347281084721,32,111,0.03454312967545006,0.014365249829069535,-0.13565768018185298,-0.2522388268091802,0.11658114662732721,0.055258320929782875,0.17871136142539046,32,111
2002-02-28,0.04620819275668974,0.011270867669219397,0.02873953021295457,31,120,0.03255678087703529,0.014152494388857306,-0.10793398239055385,-0.25396951191505973,0.14603552952450588,0.033928695998635544,0.1974028173822266,31,120
2002-03-28,0.036156981589818206,0.021334024857478446,0.028745503223648328,67,65,0.037766650928900525,0.01973388494164689,-0.16603933806409227,-0.35706888970223044,0.19102955163813817,0.1900773755250567,0.1564278090943518,67,65
2002-04-30,0.029780530980072033,0.02012565276381492,0.024953091871943476,52,73,0.03394572876772021,0.01778877303525156,-0.11010220791911675,-0.22070854240642993,0.11060633448731318,0.10339335683309424,0.1926585305498616,52,73
2002-05-31,0.039619729521002185,0.012611155282295674,0.02611544240164893,33,114,0.04249560605651573,0.014166146257145882,-0.024579361794550978,-0.09446923088800768,0.06988986909345671,0.07530838123314326,0.2301232904023246,33,114
2002-06-28,0.04395031888308605,0.0065877733644186575,0.025269046123752355,34,111,0.04266237140099361,0.006131169736543834,0.025623533757282716,0.010684784876992048,0.014938748880290668,0.05817694907224705,0.2016758138893445,34,111
2002-07-31,0.06824704384441665,0.005135969191476581,0.036691506517946615,27,135,0.059527216231114635,0.011563321982579606,0.10811535754210301,0.2043964561239375,-0.09628109858183449,0.05265098599841293,0.2877602248132156,27,135
2002-09-30,0.07446216655776985,0.005633697043195998,0.040047931800482925,28,120,0.0603662313061709,0.00494696751896049,0.19971093891839067,0.4470078803057909,-0.24729694138740024,0.029412605331932736,0.3034108851033758,28,120
2003-06-30,0.04655335796591273,0.01851515890111526,0.03253425843351399,16,137,0.012701390640361618,0.01728557690732843,0.29452094876117413,0.3084486402158611,-0.013927691454686975,0.04843583172350913,0.19642579982134156,16,137
2003-07-31,0.025523391897109213,0.021718435104879377,0.023620913500994295,48,71,0.0133353440161819,0.020601928925235154,0.2319902454029565,0.294200803732136,-0.06221055832917946,0.16700344509917509,0.2453234771838431,48,71
2003-08-29,0.023712195401198604,0.01213155692253441,0.017921876161866506,52,69,0.015439837091555896,0.015781138911885043,0.1560002644120033,0.19442571573457879,-0.03842545132257549,0.19387110935052704,0.2656926641994097,52,69
2003-09-30,0.02216012965937204,0.020790249146000465,0.02147518940268625,111,34,0.02847084039510582,0.027006950422877367,0.22012484991914755,0.24105466189337513,-0.02092981197422758,0.3690672841528161,0.27105250266502845,111,34
2003-10-31,0.01756110259067604,0.013582555313456982,0.015571828952066512,89,45,0.019163862937499897,0.01954859455140114,0.15744054363463345,0.17078215032118527,-0.013341606686551821,0.2748672281628384,0.25087973998682495,89,45
2003-11-28,0.010276928724639854,0.00505551524147844,0.007666221983059147,75,41,0.010208216379058334,0.0072177314434077764,0.24723825893076845,0.20157339622124726,0.04566486270952119,0.22444434709072733,0.28468628464434603,75,41
2003-12-31,0.011739699108779185,0.016815344015544704,0.014277521562161943,113,24,0.014598208110734088,0.020581205166911764,0.23045158714150207,0.1921870895417878,0.03826449759971429,0.36285735351979337,0.3195878564921204,113,24
2004-04-30,0.010893200221361983,0.0041409218802734675,0.007517061050817725,145,18,0.010519840732865571,0.007855024481976025,0.16242776595309275,0.0448873525891387,0.11754041336395404,0.4195505743776756,0.28853773374985914,145,18
2004-05-28,0.016647875687573224,0.005464528338500784,0.011056202013037003,79,31,0.016775799980374043,0.015065818047520831,0.20006564038275276,0.06050722998466748,0.13955841039808528,0.2006351697112913,0.4287608724979592,79,31
2004-06-30,0.015570751992822379,0.007018583392610711,0.011294667692716545,86,25,0.01519696200413955,0.011979513748627315,0.12933868856915304,0.0683684184909301,0.060970270078222935,0.2421675590609958,0.330408798836678,86,25
2004-07-30,0.015759729546011358,-0.002488789829141883,0.006635469858434737,92,22,0.0166988563980687,0.007172969383569013,0.28498502787628627,0.22729348065839128,0.05769154721789499,0.19887824944301896,0.36772941009866794,92,22
2004-08-31,0.02520757127429522,0.01719727337467473,0.021202422324484976,67,52,0.020789600897188835,0.007000195351275203,0.37186389445918155,0.2128009935308013,0.15906290092838024,0.1428996322168284,0.43739301979391904,67,52
2004-09-30,0.023047555417182893,0.027329057825158435,0.025188306621170664,68,49,0.02135095887945328,0.007377604914053688,0.2983861984706902,0.17006954982373362,0.12831664864695658,0.15678039362529467,0.3660128271182655,68,49
2004-10-29,0.04280636229409382,0.018563353115300166,0.03068485770469699,53,67,0.03318508258318992,0.011695543893179592,0.27145097025165155,0.0938315978114647,0.17761937244018683,0.15220439074904613,0.2816734783324993,53,67
2004-11-30,0.045323480925473135,0.010692559925694336,0.028008020425583736,55,70,0.03158373756795635,0.00880755819425416,0.21425257430914008,0.14232583623159606,0.07192673807754402,0.1603796557365976,0.25679706466250035,55,70
2004-12-31,0.022344257715141477,0.018769535945912665,0.02055689683052707,62,55,0.02260743433402961,0.006693713226405299,0.20104014326132408,0.05457304085380217,0.14646710240752192,0.12496080137227177,0.33699679135673677,62,55
2005-01-31,0.024843880204428178,0.030801755219755485,0.02782281771209183,65,46,0.023379904699891325,0.00810280783897519,0.2957858081263088,0.18950901460324426,0.10627679352306452,0.12945756488008636,0.3139413459403616,65,46
2005-02-28,0.042929077630304825,0.012948261204184582,0.027938669417244703,40,70,0.02697695336907885,0.00985775616091998,0.25015838680069646,0.16100645604499558,0.08915193075570088,0.07958683893889515,0.30795930282317246,40,70
2005-03-31,0.045560074498570864,0.020220605227801954,0.03289033986318641,56,53,0.032851436150611465,0.007935542051931085,0.2754035309228501,0.24864703783476952,0.026756493088080563,0.20023781244469704,0.2816764121564307,56,53
2005-04-29,0.04690753408806248,0.013876106067445023,0.03039182007775375,62,59,0.03396076570390302,0.007693073693356658,0.3686167757829392,0.2233538542578398,0.14526292152509943,0.15963480644876676,0.25013222989792183,62,59
2005-05-31,0.062002685377983556,0.01000070700186105,0.0360016961899223,47,77,0.033709680375911086,0.010042511399440809,0.24618668440175162,0.143729823406097,0.10245686099565463,0.14182984875567686,0.3169878534445249,47,77
2005-06-30,0.03630872572027715,0.00799516266837468,0.022151944194325916,57,61,0.024173437308577236,0.009465781695334019,0.16566483718395397,0.13482050236317594,0.03084433482077803,0.16574554652279092,0.3222015308657481,57,61
2005-07-29,0.02050380511446947,0.008267440913976926,0.014385623014223197,72,52,0.016925436490431416,0.009393741694152373,0.09115210890568032,0.03921696696255171,0.05193514194312861,0.1658533483699244,0.32354358664292315,72,52
2005-08-31,0.016311846052496425,0.00788328407595313,0.012097565064224778,89,36,0.01609231251071601,0.014297457104193893,0.11847326092707333,0.11078946808486491,0.007683792842208423,0.2568990254053872,0.30955813540152427,89,36
2005-09-30,0.022955104758175558,0.007612604998061454,0.015283854878118506,66,58,0.019000501842365767,0.014161015986664307,0.10981532670754793,0.0915621976862527,0.018253129021295222,0.18240273645780203,0.29612200145650797,66,58
2005-10-31,0.017825604857413226,0.01866958491190315,0.018247594884658186,79,64,0.017757256548200383,0.018260992767463582,0.17803939091730356,0.1624262404686429,0.015613150448660656,0.2409144757679152,0.23767235456361743,79,64
2005-11-30,0.05184404060378306,0.016283450822868153,0.034063745713325606,39,103,0.013988841262832024,0.016950510387302314,0.17345672914259685,0.14258920227545901,0.03086752686713784,0.11947117639891228,0.2700344732185049,39,103
2005-12-30,0.03119894029428016,0.01855365111344414,0.02487629570386215,44,88,0.014409147372328457,0.019205736126240304,0.146870433816247,0.1601377414028984,-0.0132673075866514,0.1241401493413277,0.2902173001593121,44,88
2006-01-31,0.01915581189665154,0.022404491900498768,0.020780151898575155,54,56,0.01130355791940576,0.018961950579966948,0.05092856255934657,0.17365805737853393,-0.12272949481918735,0.14502923936858214,0.30086940600549855,54,56
2006-02-28,0.016698519317182088,0.015083686472504177,0.015891102894843134,57,62,0.00823110032026652,0.015672071884784162,0.0934180003906607,0.1543491710978829,-0.060931170707222204,0.13744002901205696,0.2836963300255821,57,62
2006-03-31,0.008843206199990022,0.01727226237780015,0.013057734288895086,67,52,0.008949401323565632,0.016143227382768795,0.06852626621211926,0.15158805752138177,-0.08306179130926251,0.19421355027995812,0.3120071645428596,67,52
2006-04-28,0.012413833149100382,0.026125229542561197,0.01926953134583079,87,37,0.011569873630638553,0.023217765229469764,0.12796299779741835,0.16418829077094022,-0.036225292973521867,0.2336980303363036,0.29150442382197783,87,37
2006-05-31,0.023937590745452184,0.025751324746187684,0.024844457745819934,61,61,0.01306621147899232,0.02105707397452838,0.20256957358752778,0.24643377275894074,-0.04386419917141296,0.1664191027254983,0.28503156822190123,61,61
2006-06-30,0.02140997492711135,0.027673171950590915,0.024541573438851133,54,68,0.011877711920212499,0.018093146177630044,0.18139044551419203,0.23730795601808322,-0.05591751050389118,0.14607163456618133,0.33123480734350474,54,68
2006-07-31,0.03731498659954977,0.016350773207483814,0.026832879903516793,34,99,0.00880925956972276,0.016731006312681977,0.2591056500144293,0.17147691499733586,0.08762873501709345,0.10213226615010386,0.2842868554960141,34,99
2006-08-31,0.012278934419767393,0.01322337782254874,0.012751156121158066,36,92,0.0087202993003071,0.013118533618177787,0.19867417497145276,0.12691419091145478,0.07175998405999798,0.12264807908578347,0.29721294084926925,36,92
2006-09-29,0.014161027462508812,0.012780688843273437,0.013470858152891126,32,80,0.009649511863181769,0.010852153271360656,0.17464759310815284,0.12683873193734468,0.04780886117080815,0.09370900952489326,0.37261385796894003,32,80
2006-10-31,0.015351683224149539,0.008682107501216308,0.012016895362682923,48,51,0.009960908790435494,0.007655777448618689,0.14920460483555908,0.09558769560102205,0.05361690923453703,0.18214559776621175,0.3617355447825524,48,51
2006-11-30,0.015345296005988707,0.012398749548270837,0.013872022777129771,43,63,0.013845663364766558,0.008027039469470133,0.05392921618051083,-0.044432621275484516,0.09836183745599535,0.1376250554568909,0.4113087239775721,43,63
2006-12-29,0.016431521188104932,0.014567085881221041,0.015499303534662986,53,56,0.013860913427990163,0.00797453849123991,0.08505773202493733,-0.09236481676240062,0.17742254878733793,0.19165944257463347,0.3402213556852668,53,56
2007-01-31,0.021635112189571724,0.010120832657671943,0.015877972423621833,42,65,0.015079728891526631,0.009015890722663402,-0.08550241023612906,-0.05491864993168791,-0.030583760304441154,0.13873305595640384,0.37143556545447176,42,65
2007-02-28,0.03527770647593228,0.009786588574962738,0.022532147525447507,37,68,0.014579312982994258,0.008128266799534413,-0.11251190687993895,-0.081918981051876,-0.030592925828062945,0.11410011575156682,0.420818801479906,37,68
2007-03-30,0.03175182319154043,0.011385042573691136,0.02156843288261578,39,66,0.02533877848945262,0.009397308953148192,-0.07749763509336957,-0.12701066276209755,0.04951302766872798,0.09090865210494661,0.39193587739815355,39,66
2007-04-30,0.039169220539266324,0.018325915812913332,0.028747568176089828,53,69,0.02582270895221286,0.0103225910009904,-0.07140201378906506,-0.11110232930431807,0.03970031551525301,0.11917486544941232,0.42106159522063885,53,69
2007-05-31,0.019733255681465382,0.018263934636760487,0.018998595159112935,93,44,0.019536014976299608,0.010183453723589277,-0.008502285503601473,-0.17120780240767355,0.1627055169040721,0.3461804996066777,0.3036897300369222,93,44
2007-06-29,0.012622949223171101,0.012850152984209676,0.012736551103690388,109,32,0.01144736213301175,0.010162088761953111,-0.07632055464091493,-0.2583916836045417,0.18207112896362676,0.3716032698297262,0.28546769904764,109,32
2007-07-31,0.009109836806761536,0.012671392914193414,0.010890614860477474,93,39,0.00918567104333395,0.009742179758446802,-0.09251064407801278,-0.2323418965930447,0.13983125251503192,0.2961266275919438,0.2751651114786171,93,39
2007-08-31,0.024414120177404137,0.02587053834960642,0.025142329263505278,71,73,0.016809400828331933,0.026488508505738844,-0.046524030927357414,-0.21895310986024294,0.17242907893288553,0.244877224669174,0.1334422592020646,71,73
2007-09-28,0.02879437043031833,0.017973694564677484,0.023384032497497906,50,92,0.014256503709437087,0.01989486400513331,-0.2497941859149448,-0.22895183130511274,-0.020842354609832053,0.15791857271197007,0.16333620068124727,50,92
2007-10-31,0.034435804511722644,0.02597422706544512,0.03020501578858388,53,74,0.013860836840493098,0.022012333614013717,-0.4366241569409107,-0.40000676048058126,-0.036617396460329465,0.21881924613341902,0.17022095760540407,53,74
2007-11-30,0.019348631792281225,0.02902766206406193,0.024188146928171575,64,95,0.014425424421539356,0.026474085371846638,-0.410747626824591,-0.4541864516977068,0.04343882487311579,0.26021442355605123,0.14264211702667248,64,95
2007-12-31,0.01986516627565324,0.026139722004007732,0.023002444139830484,54,126,0.016561702977848643,0.034307466146700785,-0.44039698904338315,-0.40123342772135034,-0.0391635613220328,0.18182112404406725,0.16900694606177705,54,126
2008-01-31,0.03561445955138403,0.02780027233151293,0.031707365941448476,45,138,0.01726337023827217,0.042030398113487355,-0.4074380805987176,-0.46096409927363036,0.053526018674912745,0.17779221807122428,0.14144504709515687,45,138
2008-02-29,0.08146437740888088,0.018656782641901577,0.050060580025391224,20,177,0.015960878688377395,0.03719546640366818,-0.4883505033848274,-0.4942058154604509,0.005855312075623509,0.04559833459971105,0.17060062834737702,20,177
2008-03-31,0.11519645682595298,0.019773631738413622,0.0674850442821833,22,182,0.015060368559919898,0.033906564612344314,-0.4762723875653154,-0.42533608866300526,-0.05093629890231016,0.05747313102339544,0.15056349169424948,22,182
2008-04-30,0.13948178991875507,0.01756637569212655,0.0785240828054408,19,194,0.013435364102830966,0.02722479212346678,-0.46263913429159875,-0.3574946699086843,-0.10514446438291447,0.056724397288338724,0.15095981753992382,19,194
2008-05-30,0.21864342877827503,0.02086404117310186,0.11975373497568845,17,193,0.015209492484607354,0.03523492918243098,-0.44708430977398894,-0.35284845132107695,-0.09423585845291199,0.06541381101509501,0.15475601409105844,17,193
2008-06-30,0.1404670115443231,0.0256341324157553,0.08305057198003919,24,178,0.016987725838946557,0.044753029714210205,-0.43863444225571824,-0.24447931449208873,-0.1941551277636295,0.08193486282859086,0.16638189829305305,24,178
2008-07-31,0.255024766015923,0.024289749813871657,0.13965725791489733,17,201,0.018053224476686818,0.0395694170338781,-0.3140159799164286,-0.17596378366817286,-0.13805219624825574,0.04309504323785483,0.17648046975333576,17,201
2008-08-29,0.0711220061198133,0.022109383787513502,0.0466156949536634,21,192,0.017976629495638097,0.032457540024392745,-0.23857646787364378,-0.148256532470424,-0.09031993540321978,0.07882073577052381,0.1407501826190417,21,192
2009-09-30,0.04227746334541295,0.005793191155837918,0.024035327250625432,16,217,0.011241385420454402,0.01215957647528529,0.16000121287542968,0.13922466200913564,0.02077655086629404,0.04609118326581892,0.18206885601321782,16,217
2009-10-30,0.042022591884741535,0.016366226197035132,0.029194409040888332,91,75,0.03316286376666776,0.014423598550506248,0.29603169802788765,0.22650139901615252,0.06953029901173513,0.18538530524530542,0.13106558150191755,91,75
2009-11-30,0.030102462139769345,0.015017103337445048,0.022559782738607197,142,45,0.03215629260797591,0.023483872369647944,0.22519855285623955,0.15816460950955905,0.0670339433466805,0.37331410587700886,0.12639014095013562,142,45
2009-12-31,0.025274247757489265,0.009386658413984401,0.017330453085736833,148,44,0.03271998060257779,0.016286845090431927,0.24149488265795319,0.17646620827314619,0.065028674384807,0.44772709043762515,0.16334060218387794,148,44
2010-01-29,0.021958693637911565,-0.003287814107347399,0.009335439765282083,195,22,0.036358750746052285,0.02881462008890155,0.3228961756370805,0.19840670005391783,0.12448947558316267,0.5713715961430799,0.16866552649011538,195,22
2010-03-31,0.012646091650352983,-0.00793897148031451,0.0023535600850192366,226,16,0.042060667340619265,0.02160128253851663,0.22873815020934335,0.1145959943561457,0.11414215585319765,0.6876599969247805,0.1846213655700713,226,16
2010-05-28,0.01250548279211095,0.014239907049979076,0.013372694921045012,211,17,0.02612160902110298,0.009357275636788877,0.2732263255224663,0.24769198237494586,0.025534343147520427,0.5463493598867128,0.15908508389184883,211,17
2010-06-30,0.023588699691370785,0.01923365095890003,0.02141117532513541,141,44,0.03052619887436737,0.011735800088557555,0.388473261705673,0.30123184883722026,0.08724141286845272,0.29257184070467945,0.15774454259451537,141,44
2010-07-30,0.030702918941771865,0.005814225553653975,0.01825857224771292,62,93,0.021977035316730568,0.0040343109481089925,0.18250400879576215,0.17981580293189184,0.0026882058638703077,0.11337237552478899,0.12794295677109513,62,93
2010-08-31,0.019963234371025686,0.003691097164934017,0.01182716576797985,85,70,0.020659237925499355,0.00378066144646215,0.22683240532810403,0.14937081283250842,0.07746159249559562,0.17837540266601937,0.17881758109044524,85,70
2010-09-30,0.03496123951321206,0.005261567056885566,0.020111403285048814,33,130,0.023733906991911094,0.005351339808468022,0.022997530751271242,-0.0721203584594335,0.09511788921070474,0.09728610290896389,0.16910429817194275,33,130
2010-10-29,0.024153044900278607,0.006120495465923006,0.015136770183100806,77,81,0.021237881079775096,0.005511973119203075,0.11571385534795006,0.05439777072996121,0.061316084617988854,0.1513557823808593,0.2040680718297595,77,81
2010-11-30,0.024959000977905887,0.007689947276463154,0.016324474127184522,82,72,0.020104684575055605,0.003471732341558471,0.08035125065282897,0.05438633239149721,0.02596491826133176,0.16079280408774133,0.20779929295663221,82,72
2010-12-31,0.02753572695095763,0.0052944963330288424,0.016415111641993236,82,77,0.01998355457381182,0.005363925923363237,-0.007906347133611746,-0.050439986447622466,0.04253363931401072,0.15212944781983856,0.2989776412835949,82,77
2011-01-31,0.02365133273633294,0.007455213451958459,0.0155532730941457,115,46,0.025417457592463617,0.007400629977001263,0.07029872284531559,-0.048291234851526976,0.11858995769684257,0.26414403778797263,0.2335714181706928,115,46
2011-02-28,0.02329274643597825,0.002996611850419084,0.013144679143198668,114,37,0.02565175258416146,0.009032425874329356,0.0358843556667487,0.01691787257307914,0.018966483093669557,0.29663490416588,0.25952060544630035,114,37
2011-03-31,0.023831775061733295,0.010291367746802896,0.017061571404268096,79,66,0.017076385179297427,0.011813007607684285,0.061833653040628656,0.025683178032440027,0.03615047500818863,0.2115032583659508,0.22124633790709927,79,66
2011-04-29,0.01984579535160261,0.014988801074796413,0.01741729821319951,77,66,0.011778417132560134,0.01630376623097298,0.020168135257385828,-0.02074661734090468,0.04091475259829051,0.21754825039701425,0.225103618152502,77,66
2011-05-31,0.011349382103726074,0.013575623262659207,0.012462502683192642,168,19,0.017519440448570713,0.018366587759995622,-0.043928682314132,-0.15678871902458766,0.11286003671045566,0.5258375541736172,0.24609367522921166,168,19
2011-06-30,0.01007558003535956,0.003265033566945482,0.006670306801152521,175,21,0.014999959128877081,0.016825306321560218,0.006652197223868633,-0.0964534282908196,0.10310562551468823,0.5225284624609856,0.23013368986910057,175,21
2011-07-29,0.011704383595596215,0.00969235641794719,0.010698370006771703,121,34,0.012086303082153986,0.014706024776938548,0.061214199940681814,-0.051197735066927534,0.11241193500760935,0.3515937375090499,0.2085498515131232,121,34
2011-08-31,0.011822159896650542,0.014792646221139821,0.013307403058895183,84,52,0.011438651308467702,0.021596026592298354,0.13284449732524792,0.12464708814238622,0.0081974091828617,0.2979596047388124,0.17578852741326328,84,52
2011-09-30,0.023997227622323643,0.016600463988038026,0.020298845805180835,36,99,0.012440563977434102,0.015755619148649123,0.2715023707592663,0.33683224565348613,-0.06532987489421982,0.09696798414296841,0.1647897044972589,36,99
2011-10-31,0.03182833539450777,0.016997516718384727,0.024412926056446252,20,194,0.03868594509695625,0.027068610624656098,0.10332086281047066,0.14967500429309155,-0.04635414148262089,0.03553352699080756,0.15378514485859462,20,194
2011-11-30,0.020869136564029677,0.02036266889523779,0.020615902729633734,31,129,0.02187521806600053,0.022081405787011253,0.1385464161308188,0.18265109141397273,-0.04410467528315393,0.0652975922072936,0.16775095329993828,31,129
2011-12-30,0.030786435749782966,0.01950328524090723,0.025144860495345096,28,155,0.037180029645231774,0.026783553781439613,0.12072043721473216,0.21558588186521582,-0.09486544465048366,0.07879252631138847,0.18843033602603382,28,155
2012-01-31,0.0740961182560847,0.021591113288228745,0.04784361577215672,31,169,0.054603051958060075,0.03530660094912946,0.1862431040956793,0.1803202420441271,0.00592286205155218,0.07530488654161416,0.19049358268845598,31,169
2012-02-29,0.06255356688432419,0.020083416437303117,0.04131849166081365,23,145,0.036693562583180725,0.025285470525837805,0.11419177300354254,0.12961345509944902,-0.015421682095906483,0.056556251822818995,0.25280659850349185,23,145
2012-03-30,0.047531351103492034,0.020399502010525875,0.03396542655700895,33,138,0.041429233810022954,0.0247171352271284,0.09019858902575485,0.15366440891699326,-0.06346581989123841,0.17102199826333292,0.2845411747569639,33,138
2012-04-30,0.07230302467852705,0.01819350840056084,0.045248266539543947,28,142,0.03878549083468322,0.028476606232638153,0.08489010531533492,0.20874876735902184,-0.12385866204368692,0.10658451273833872,0.2850597737190313,28,142
2012-05-31,0.04246310628474605,0.020525172084626193,0.03149413918468612,41,116,0.03181692652760048,0.020793647991535633,0.23235409353095365,0.4354304374922427,-0.20307634396128904,0.18349106538739207,0.2530532529221096,41,116
2012-06-29,0.08146836517739547,0.020383757649020093,0.05092606141320778,21,182,0.04499684804512016,0.0363562348392549,0.1753705358414191,0.3379308757987721,-0.16256033995735303,0.1067926922185428,0.23358459876226229,21,182
2012-07-31,0.057725066944941186,0.03030945745485385,0.04401726219989752,45,122,0.03987157076744095,0.034571974682038584,0.24706272823044975,0.4875212811728096,-0.24045855294235982,0.18621326280281258,0.26457064029040994,45,122
2012-08-31,0.02461991994046362,0.03547208839362499,0.030046004167044307,72,77,0.027574563339401843,0.020818569315713242,0.1793101232109498,0.4029069330919592,-0.22359680988100938,0.33510618225359196,0.2805849886177253,72,77
2012-09-28,0.017708767794948437,0.03730281911195182,0.027505793453450125,113,37,0.017708767794948437,0.015452803680540675,0.2338631015179838,0.5305170038048961,-0.29665390228691224,0.4010113231627988,0.26999389491093506,113,37
2012-10-31,0.02175529484075254,0.04349309254233537,0.03262419369154396,58,94,0.02007768925938561,0.03485794464640594,0.29699233015764104,0.4496919984160162,-0.15269966825837517,0.26378428896390027,0.27774083061569094,58,94
2012-11-30,0.018209950950946515,0.05073344470508446,0.034471697828015485,104,53,0.01813297640218278,0.02212720318014148,0.33145130535666,0.4955079178862488,-0.1640566125295888,0.3579128168326532,0.28518040480113527,104,53
2012-12-31,0.0211107870624261,0.0292666916173611,0.0251887393398936,72,66,0.013602789290905682,0.019979983554691706,0.41719112861526575,0.4097118323680541,0.007479296247211664,0.22525063845389715,0.38863162659987227,72,66
2013-01-31,0.02976160524077755,0.042214251149979475,0.035987928195378514,46,73,0.012830408711709677,0.021682136922978306,0.2830899329655247,0.2883361339198955,-0.005246200954370783,0.12282125067195437,0.39917478709780013,46,73
2013-02-28,0.022776357119462267,0.030535688605249977,0.026656022862356122,59,59,0.014495384125936555,0.020688630328146895,0.356312864021387,0.3253830948429108,0.03092976917847623,0.1504512561326665,0.3762945258278153,59,59
2013-03-28,0.0331799048296562,0.02144916703338503,0.027314535931520615,47,77,0.022050204794668984,0.01861125868775686,0.21601403808327135,0.2648993625976766,-0.04888532451440525,0.08663996465670863,0.3918601204158888,47,77
2013-04-30,0.017573513987359828,0.02956204514015863,0.02356777956375923,73,61,0.01763918047780905,0.0169686876236996,0.2458163698765888,0.22969267633861323,0.016123693537975575,0.20294590543194285,0.3201552316395536,73,61
2013-05-31,0.013489332362095888,0.03130883256399662,0.022399082463046255,134,29,0.013791526468510973,0.015052533993773588,0.22085044156303835,0.14829619131688648,0.07255425024615186,0.3401147815443514,0.3050955254423137,134,29
2013-06-28,0.011100736013410568,0.01838293193090531,0.014741833972157939,185,18,0.014082470714934417,0.02647778955218296,0.2895469743086296,0.14544464320348563,0.14410233110514395,0.4732609863931042,0.24146812393440795,185,18
2013-07-31,0.014206064652332746,0.023804320070903266,0.019005192361618007,129,38,0.014634777576114113,0.03346962705714664,0.19841448212453427,0.15710781911716015,0.04130666300737412,0.3074693817539257,0.2724844170052653,129,38
2013-08-30,0.013451220981796701,0.049447535606816306,0.0314493782943065,170,23,0.01713210237598644,0.028414794270438654,0.2990099381904376,0.23039049593793565,0.06861944225250194,0.44378197928350155,0.32483164139898696,170,23
2013-09-30,0.020369639920885887,0.04049589640230427,0.030432768161595077,119,36,0.020923023054663484,0.03534860656949785,0.22525007259199337,0.134975879811953,0.09027419278004037,0.2756959786358165,0.31637501330929274,119,36
2013-10-31,0.01720171520552456,0.0541295262000566,0.03566562070279058,161,26,0.019719568176299534,0.04454711273460638,0.19007760458865045,0.13445557515421994,0.05562202943443051,0.39717502805803384,0.2924396999503182,161,26
2013-11-29,0.012645070927461982,0.02108624570853359,0.016865658317997786,180,21,0.016292426121506623,0.04172599494183466,0.17475171029574615,0.17500972108631385,-0.0002580107905676976,0.5124859712862119,0.28286046138530535,180,21
2013-12-31,0.01186233167087058,0.0779959095478653,0.04492912060936794,186,23,0.01547370759940255,0.04957849127509086,0.1490330724284674,0.19351375144409144,-0.04448067901562405,0.5480032358013451,0.30268500522852754,186,23
2014-01-31,0.014052751694304916,0.07758876027082995,0.045820755982567435,148,35,0.01667673293729203,0.04952828936252688,0.15989490624058414,0.19794899210604672,-0.03805408586546258,0.4149413499127296,0.2894375434566552,148,35
2014-02-28,0.01668565942073944,0.07001333424509701,0.04334949683291822,104,37,0.015770430420984353,0.04511570542678443,0.16030426929144032,0.1389832922998556,0.021320976991584722,0.32193803162933926,0.27081936048159594,104,37
2014-03-31,0.014878982524589695,0.04510850764484562,0.02999374508471766,127,39,0.016013166004624872,0.05403359509959511,0.1442617487202341,0.10378288468972886,0.04047886403050523,0.34095498209953284,0.2873547324772338,127,39
2014-04-30,0.017414024485093285,0.09355267947211217,0.05548335197860273,122,51,0.017914721457052654,0.0634163432848609,0.13418883298210438,0.09816550444955283,0.03602332853255155,0.33071947217354175,0.2745713937197559,122,51
2014-05-30,0.016465161929405205,0.019070151918103875,0.017767656923754538,73,47,0.011724037049192046,0.021165867489644597,0.12237909340044927,0.13594668853793115,-0.013567595137481889,0.15755058080916173,0.48112994891841804,73,47
2014-06-30,0.012176816768939915,0.00983840131753098,0.011007609043235448,117,29,0.011786255594204683,0.02065304600383182,0.06050421555532267,0.05384710415126238,0.0066571114040602924,0.27734361890470155,0.4371378105480613,117,29
2014-07-31,0.012661826510019803,0.02487181997258536,0.01876682324130258,99,31,0.011316581227708088,0.01730583073430009,0.047189749442534554,0.05127169396307348,-0.0040819445205389285,0.2925799374799364,0.39603100031034544,99,31
2014-08-29,0.009392885876181378,0.028298940252467732,0.018845913064324555,89,28,0.008976379757597998,0.01856674734586913,-0.014366731765406907,-0.07799447293122073,0.06362774116581382,0.28832666115748223,0.47454233753157204,89,28
2014-09-30,0.008735328788670844,0.015747560206501143,0.012241444497585994,93,23,0.008177116281325754,0.011675829568198055,-0.015260661106339305,-0.07349519146446051,0.058234530358121206,0.29163596327931,0.41328439127592226,93,23
2014-10-31,0.01005766427917247,0.018756259875749665,0.014406962077461068,46,62,0.005789369860524497,0.01702749443909424,0.06562124776312431,-0.010832224956585786,0.07645347271971009,0.1764746171810994,0.32482845389539206,46,62
2014-11-28,0.01067705996821288,0.012537967269742815,0.011607513618977848,40,74,0.03251299375159951,0.010225327160682682,0.03560748602276288,-0.05726834694457785,0.09287583296734073,0.13947539992814084,0.3593846613823048,40,74
2014-12-31,0.017513085062736092,0.038968767602625715,0.028240926332680903,58,75,0.0343157782644018,0.016873344427541435,0.03960047660612871,-0.11816103713388945,0.15776151374001818,0.1989140068745208,0.298201463840656,58,75
2015-01-30,0.033792148702402026,0.05323258489139125,0.04351236679689664,98,52,0.033229892609503965,0.02216056980101115,-0.025337086308404883,-0.13380393660073986,0.10846685029233498,0.2913799416499543,0.2617294806606929,98,52
2015-02-27,0.08380358002488994,0.03492114618816155,0.05936236310652575,57,108,0.052763850593180596,0.029808285776291396,-0.011907933387657627,-0.17239219119449925,0.1604842578068416,0.1559343280766452,0.24726894364893787,57,108
2015-03-31,0.02516041896117335,0.05952009187073932,0.04234025541595633,77,70,0.02531694586511865,0.019686743278362173,0.02767808185114412,-0.1333491651933702,0.16102724704451432,0.24482567544646555,0.30319756018000504,77,70
2015-04-30,0.03151136481737136,0.061349458104025395,0.04643041146069837,77,83,0.028339260341462502,0.0211087505162961,0.05813759316655321,-0.10494438629564885,0.16308197946220207,0.2121830553135342,0.3279638069572795,77,83
2015-05-29,0.025501421974875704,0.05484454326913071,0.04017298262200321,61,82,0.021145074641024404,0.020485089315134698,0.05379959710621156,-0.07850468662514132,0.1323042837313529,0.19328873748840902,0.33118332173824006,61,82
2015-06-30,0.027460969086401974,0.038067246718247696,0.032764107902324834,64,95,0.020794960248167536,0.018330324252857626,0.05498745409301064,-0.07294581376187367,0.12793326785488432,0.21282138738929393,0.3289723361226124,64,95
2015-07-31,0.026952639225769858,0.05203639243434606,0.03949451583005796,64,81,0.0236997411057934,0.024340842410001243,0.04879093153539745,0.022893086637389107,0.025897844898008344,0.20199939755208796,0.313850331205987,64,81
2015-08-31,0.03166598434721303,0.04712283804040804,0.039394411193810534,56,109,0.029684575992990497,0.03718975593300174,0.10204240393977104,0.09655808372705257,0.005484320212718469,0.15944786286456641,0.19205995502935183,56,109
2015-09-30,0.029266682520199643,0.020120976414474294,0.024693829467336968,43,147,0.03345457500917346,0.03253123187475104,0.08950087484163528,0.18869420230841222,-0.09919332746677693,0.09787261463768732,0.15132201693229158,43,147
2015-10-30,0.038612824344285375,0.016153030897673587,0.02738292762097948,30,181,0.03717944654527369,0.03788038778564538,0.047731484176038695,0.05608637698513872,-0.008354892809100026,0.07079195401807675,0.14934925859634912,30,181
2015-11-30,0.022937422899860664,0.01782138339970223,0.02037940314978145,32,163,0.029700054741301368,0.03207601449189596,0.09255888235686255,0.1613254470416668,-0.06876656468480424,0.1303834585858405,0.23348067461063654,32,163
2015-12-31,0.02339682112102341,0.026905999817217436,0.025151410469120422,34,165,0.026287481566467843,0.03262496632928593,0.09337520153681308,0.2164129048194691,-0.12303770328265601,0.14912740481814118,0.28509143386618224,34,165
2016-01-29,0.023486646089577908,0.03830167366756442,0.030894159878571165,33,171,0.0253023664389831,0.04426744648976963,0.1954996215471545,0.3233610624239409,-0.12786144087678641,0.18901407196460418,0.15826729740966633,33,171
2016-04-29,0.06183885835827236,0.03040189037808766,0.046120374368180006,29,172,0.07302295177254088,0.03787050405261938,0.20160303543944214,0.20349420182066782,-0.0018911663812256896,0.11578206795814758,0.2511156997783178,29,172
2016-05-31,0.05906547504002174,0.027593448787836976,0.04332946191392936,19,180,0.08154923931732033,0.03489367399935913,0.20520582877612112,0.18929284869640597,0.015912980079715144,0.03799904667779514,0.36596946620179865,19,180
2016-06-30,0.09172193736115448,0.03836662206617103,0.06504427971366275,43,162,0.07514975191520225,0.043543257754975064,0.14587563604749948,0.2718294910089722,-0.1259538549614727,0.13531171515790374,0.3006362484926536,43,162
2016-07-29,0.14401967957433162,0.037795202210494885,0.09090744089241326,36,173,0.0929934255100934,0.05350979478369419,0.119022705275298,0.22295744162939693,-0.10393473635409893,0.059342017950145515,0.357034597548407,36,173
2016-08-31,0.08519352461208417,0.05844950783621363,0.0718215162241489,99,100,0.0686024619172791,0.04512941536908161,0.14822699276056656,0.17987878214658928,-0.03165178938602273,0.2628308885320524,0.3240997917990329,99,100
2016-09-30,0.02556076661846796,0.03921260407502933,0.03238668534674864,85,78,0.02712340301724185,0.03308591509079959,0.20958614777008727,0.19703939950446306,0.012546748265624214,0.20612516699383884,0.3429657458791546,85,78
2016-10-31,0.025091264864117967,0.03393191078279423,0.029511587823456097,35,111,0.04440942121818069,0.02967848087094226,0.3539462300685195,0.2290628640844938,0.12488336598402569,0.06784634093856495,0.44495356155996885,35,111
2016-11-30,0.0352313592847841,0.024638059952668247,0.029934709618726175,22,157,0.05564004547749849,0.02645848555557908,0.2231293992862731,0.20708964422880013,0.01603975505747296,0.03334242811671123,0.3092647166386289,22,157
2016-12-30,0.04132433978457332,0.020076183900093643,0.03070026184233348,74,91,0.02097536188218367,0.019403779679696826,0.24776055019040558,0.2353184347773019,0.012442115413103666,0.10754448077369119,0.39267165475628835,74,91
2017-01-31,0.029565356293286618,0.030650793087936765,0.03010807469061169,126,56,0.028991674530021022,0.04163851008806343,0.28340235247876727,0.19130784677462304,0.09209450570414424,0.28943151327308925,0.35719947829714976,126,56
2017-02-28,0.02460345402819196,0.04495051040930391,0.034776982218747934,134,52,0.02460345402819196,0.05783890269338646,0.19602456060936158,0.08696030652080758,0.109064254088554,0.3242792269507063,0.37427498636618994,134,52
2017-03-31,0.03591508411098734,0.04933870501012062,0.04262689456055398,99,69,0.022333647343618975,0.05739409630393974,0.1985798986799231,0.05407034472231343,0.14450955395760967,0.220468117145782,0.4275343215182586,99,69
2017-04-28,0.04444673028292139,0.03420235797118036,0.03932454412705087,84,65,0.022805855223675883,0.0360341426023748,0.2150043386164524,0.08982329637233145,0.12518104224412097,0.2347343086789518,0.4060067001484273,84,65
2017-05-31,0.04458150388601272,0.03644163388995154,0.04051156888798213,86,71,0.027789952054443026,0.04230888234245058,0.20664126512854414,0.09125534978689016,0.11538591534165397,0.26648986355088883,0.39874920380635426,86,71
2017-06-30,0.03576237359977132,0.07337182730471496,0.05456710045224314,122,82,0.0324072760435729,0.06665444323713011,0.17359601635332866,0.12722937945970442,0.04636663689362425,0.380525874225109,0.30205994912785405,122,82
2017-07-31,0.051784233247481076,0.07262980032090552,0.0622070167841933,93,106,0.03471304887071043,0.06241275471311283,0.19118534322681213,0.147282459181625,0.043902884045187135,0.23859772173621488,0.3402459310399564,93,106
2017-08-31,0.03737722153276425,0.058471037722841096,0.047924129627802674,99,95,0.024968714882133362,0.05019574608364282,0.19734925596521982,0.19399310523122643,0.003356150733993396,0.2530925406932816,0.37808741759527303,99,95
2017-09-29,0.029169128044238518,0.05664133079837651,0.04290522942130751,101,101,0.024306806285563417,0.04542462828087435,0.17429685517587853,0.12748952921681225,0.04680732595906628,0.2811866869118994,0.34553854936247513,101,101
2017-10-31,0.028821087217488082,0.06523372458439218,0.04702740590094013,152,61,0.02743456283892837,0.06616694014349371,0.01637679328347499,0.11503243079016787,-0.09865563750669287,0.35716822943987897,0.35809300417737766,152,61
2017-11-30,0.022019849807045928,0.058508272684838374,0.04026406124594215,116,86,0.019251285974150403,0.0443249355553353,0.04169349874638904,0.06661036609936366,-0.024916867352974617,0.4202213606641037,0.3042588955411093,116,86
2017-12-29,0.023744204641692888,0.0520833769743131,0.037913790808002994,127,83,0.022538048547669033,0.03961189040185735,-0.07259902800368064,-0.1110638027292303,0.03846477472554967,0.39184158972350186,0.30212563783259905,127,83
2018-01-31,0.02196383032306348,0.04627331593240777,0.03411857312773563,114,71,0.01930118518030824,0.031367425727972846,-0.04886650293023001,-0.03577206131536481,-0.013094441614865199,0.40074856184917274,0.29574118725709253,114,71
2018-02-28,0.01780731184285435,0.06089451022691634,0.03935091103488535,137,71,0.01780731184285435,0.06477506102727545,0.034996442258107247,0.08862081200455921,-0.05362436974645196,0.4627056428084641,0.1783666664825091,137,71
2018-03-29,0.02271483854021932,0.06546121968738612,0.04408802911380272,104,110,0.02030011033559972,0.06461737014029378,0.03626475661696796,0.1147869711587986,-0.07852221454183064,0.35710310425086894,0.14972883489195288,104,110
2018-04-30,0.02334497678171896,0.04838985030489322,0.03586741354330609,85,107,0.01889203796817953,0.049174569852762334,0.08662208424097916,0.12145077962338356,-0.03482869538240441,0.24660258904451457,0.1755740109291517,85,107
2018-05-31,0.016631000101431287,0.04860696678698828,0.032618983444209784,87,122,0.015185582622863063,0.04618124831932647,-0.055181771681505794,0.06293987055929896,-0.11812164224080476,0.2946227627150739,0.1781537283150303,87,122
2018-06-29,0.01821244482064941,0.05005250347745065,0.03413247414905003,86,128,0.014116277022023081,0.049216680327395894,0.03123612157160015,0.09542774815560666,-0.06419162658400651,0.30901964640328167,0.24328275508670186,86,128
2018-07-31,0.01902597276524193,0.04451754827476865,0.03177176052000529,80,123,0.01559138854424076,0.043806543702479016,0.03537271863319427,0.047322537782730274,-0.011949819149536002,0.2555109288687319,0.28843486356861286,80,123
2018-08-31,0.018858769339140977,0.04671212153972833,0.03278544543943465,94,100,0.015918845012061627,0.05439765295062981,-0.036415441393260965,0.01679083814087891,-0.05320627953413988,0.3573486660874827,0.30996133636069034,94,100
2018-09-28,0.019287844660109712,0.0407068886456914,0.029997366652900558,100,97,0.014277875542963944,0.04259505052700052,-0.0031745271398288177,0.02410005995143241,-0.027274587091261227,0.40512926582530584,0.3004443457157864,100,97
2018-10-31,0.02187135236598905,0.04258530282746443,0.03222832759672674,96,127,0.01808303092078273,0.04258205108052565,0.09144595171619722,0.1553316673777259,-0.06388571566152869,0.3336012877174549,0.16761197470563124,96,127
2018-11-30,0.03240298824632644,0.03014422847060938,0.03127360835846791,44,220,0.02018368122822514,0.03850047899318824,0.12844875446278717,0.13595559447037564,-0.007506840007588472,0.12363329270188529,0.16490222336166577,44,220
2018-12-31,0.016703025631090617,0.024245830804181523,0.020474428217636072,42,201,0.03607322970140857,0.02911151330964684,0.2666042966894366,0.3046534639605064,-0.03804916727106983,0.151742630452638,0.1390066535631392,42,201
2019-02-28,0.0855233193411967,0.022053029198529795,0.053788174269863244,24,223,0.08067304700055196,0.028518788875156315,0.02919176785190432,0.0023041872746832367,0.02688758057722108,0.031830686053284735,0.17143683436454865,24,223
2019-03-29,0.031019807897526577,0.023323115468545395,0.027171461683035986,53,147,0.05153971777178723,0.023017079548934477,-0.1867965133196247,-0.2474436363820554,0.0606471230624307,0.12196181396413432,0.35880467091304374,53,147
2019-04-30,0.03840157956230492,0.020159029378607585,0.029280304470456254,51,159,0.06830652130537053,0.02172650663492408,0.03113506405125404,-0.18800356648564642,0.21913863053690047,0.11983631576273157,0.3962089961371737,51,159
2019-05-31,0.033064442707490316,0.01817450672601794,0.025619474716754128,46,135,0.07718373467956244,0.018023883131916763,0.1753970027657159,-0.05174540329379961,0.22714240605951552,0.178508811180391,0.317603923999732,46,135
2019-06-28,0.06360390075860686,0.021104843576993253,0.04235437216780006,49,172,0.07585622709874493,0.022452627077068344,0.06156596154225272,-0.13281844916976085,0.19438441071201357,0.16349425707401444,0.2833776182315838,49,172
2019-07-31,0.05530483901417845,0.01978200522390098,0.037543422119039715,65,142,0.07125555603266233,0.01978200522390098,0.16711496783671098,-0.10568000388028494,0.2727949717169959,0.19168069939341767,0.2782885386423084,65,142
2019-08-30,0.09815147172954954,0.014895155197100144,0.05652331346332484,39,187,0.07910221568191417,0.02002708815301097,0.07737229286501375,0.05769492639965015,0.019677366465363604,0.0807587632532492,0.27970290442101564,39,187
2019-09-30,0.1478955625277543,0.01990744497768309,0.0839015037527187,60,190,0.10013280459496804,0.02652114898072463,0.09694287353725126,-0.03705013082949951,0.13399300436675077,0.09762190492086176,0.2518187486387433,60,190
2019-10-31,0.07100320020458267,0.024572655007652676,0.04778792760611768,91,130,0.06286108804254774,0.02265169745307312,0.07997794903495034,-0.09761247093075656,0.1775904199657069,0.1983140510759525,0.32743714508411226,91,130
2019-11-29,0.048801280673706635,0.029699108596403505,0.039250194635055066,83,106,0.04175893778769958,0.02295819487936579,0.18969384237937045,-0.010295908278783612,0.19998975065815405,0.24059975974353665,0.36295011860341014,83,106
2019-12-31,0.024557871669506893,0.04334950032956425,0.03395368599953557,190,38,0.030623174129983027,0.02431010501949878,0.17524489444129304,-0.08609515997954864,0.2613400544208417,0.46398721421792305,0.38025317167982164,190,38
2020-01-31,0.035099389826527876,0.03711224169878832,0.0361058157626581,130,61,0.034714488927516815,0.023401349034284105,0.16635809937866297,0.04842157107582458,0.11793652830283839,0.36613109965946583,0.3421257587121475,130,61
2020-02-28,0.050397066114581175,0.034275172292194005,0.04233611920338759,99,92,0.04777675978874303,0.02351557154379297,0.303972687561066,0.3102179734521774,-0.006245285891111396,0.3372657882996551,0.2388311193144185,99,92
2020-03-31,0.04891420721454783,0.0383277648937782,0.043620986054163015,46,160,0.048357355525267084,0.04204570067942177,0.6133623184565923,0.9595259214127434,-0.3461636029561511,0.19193535578785406,0.2766282172723684,46,160
2020-05-29,0.013646478451092068,0.04554027559112633,0.0295933770211092,47,212,0.020146189189946172,0.06049711050687697,0.33178930543721113,0.7322492912719991,-0.400459985834788,0.2522373601513338,0.2464044827671492,47,212
2020-06-30,0.02010289798886181,0.04254598176911214,0.031324439878986976,53,236,0.02376139427070118,0.06491781415087855,0.3402160618567763,0.6389154554098235,-0.29869939355304725,0.30308882203991716,0.15154128982641,53,236
2020-07-31,0.014492141973136054,0.046104262205990065,0.03029820208956306,57,244,0.020587715925650722,0.06162689697268108,0.33925894085942476,0.5574870009467676,-0.21822806008734286,0.31016744328644474,0.1575781093003852,57,244
2020-08-31,0.018875739589093523,0.051846934257432566,0.03536133692326304,80,208,0.02341071430360119,0.07376159232152096,0.3879291499896099,0.5397977921083119,-0.151868642118702,0.36120295896751226,0.15711423216103226,80,208
2020-09-30,0.015887051157096103,0.055609333105396924,0.03574819213124651,96,190,0.020298777127052307,0.06897668028780363,0.338291764349717,0.5760238774909123,-0.23773211314119536,0.47793643719872647,0.1652626670020637,96,190
2020-10-30,0.015608421500942849,0.04789743960864996,0.0317529305547964,73,221,0.025874119419228393,0.05890020787647478,0.41257081551691244,0.6131853821341045,-0.20061456661719201,0.34083136417938903,0.15153931466255544,73,221
2020-11-30,0.029445529151995983,0.05312865381472663,0.04128709148336131,57,232,0.038689851095891056,0.06997253401275515,0.3131303706707287,0.26968398570509633,0.043446384965632356,0.2993352674484269,0.13747281788285748,57,232
2020-12-31,0.021064139562032493,0.05899978864024002,0.040031964101136255,83,171,0.029337468365366805,0.06134275460482124,0.321238503883271,0.2861598794186654,0.035078624464605634,0.4404417007173407,0.15250168665655373,83,171
2021-01-29,0.02735823160652896,0.059878108743963966,0.04361817017524646,91,168,0.022362794934881785,0.06438119519763431,0.11748315133545793,0.29734368954904716,-0.17986053821358922,0.3701272150515336,0.15508342019768862,91,168
2021-02-26,0.027160949831776336,0.0828726877371235,0.05501681878444992,142,103,0.02730900351442096,0.07081743869702188,0.1158777781215621,0.18514890224572428,-0.06927112412416218,0.5197052348474422,0.1727168816065297,142,103
2021-03-31,0.03842365039428114,0.18979824473212853,0.11411094756320483,333,24,0.06380766069208817,0.1137529304112215,0.12656545055274998,0.153260312971284,-0.026694862418534027,0.780738018858105,0.24394642124131213,333,24
2021-04-30,0.038893958095976816,0.1089392139324243,0.07391658601420056,305,21,0.05822164414249536,0.09086777295670959,0.0009833975472403882,0.06646265987670666,-0.06547926232946627,0.6598869294553371,0.273973100868248,305,21
2021-05-28,0.042366870694109465,0.09778607135576524,0.07007647102493736,305,24,0.06286880675718526,0.08714657280520868,-0.015578212146876444,0.04222542905520185,-0.057803641202078294,0.7131162400405792,0.3609121420281593,305,24
2021-06-30,0.04442163501803321,0.09513856834105947,0.06978010167954633,308,17,0.06738155121713266,0.07699727931861987,-0.11284910168810204,-0.07717770986445055,-0.03567139182365149,0.6042512711885085,0.33922380328027135,308,17
2021-07-30,0.04462918452861463,0.19057853749910902,0.11760386101386183,282,32,0.06809356414105766,0.089296559814628,-0.03819068280367469,0.004727230930058422,-0.04291791373373312,0.6281375939012945,0.35504814597622997,282,32
2021-08-31,0.046208245316008575,0.09494301392016045,0.07057562961808451,262,31,0.05870010180915724,0.07338580973318053,-0.09565171591228384,-0.0666162150184256,-0.029035500893858243,0.4823796009702713,0.3038164639450583,262,31
2021-09-30,0.03884874141341194,0.10579781550711163,0.07232327846026179,295,29,0.05848193169406247,0.08185132270803064,-0.14883806891597967,0.006291080534231223,-0.1551291494502109,0.67730257441383,0.36981413414596315,295,29
2021-10-29,0.04110102935090028,0.12924070179337366,0.08517086557213696,260,36,0.06240408937108429,0.08734151436724384,-0.09787924758980038,-0.006058282328183571,-0.0918209652616168,0.5687071041639826,0.3344526733808761,260,36
2021-11-30,0.032911830507033085,0.08548400620328044,0.05919791835515676,199,51,0.034443776697551595,0.06870512135958055,-0.019579910436231664,0.09966568344955891,-0.11924559388579058,0.5045816665307425,0.25644761727807946,199,51
2021-12-31,0.03350278005583812,0.0661622385782711,0.04983250931705461,151,101,0.03297641965808317,0.06113241954719061,-0.13295823112967592,-0.07043239135835908,-0.06252583977131684,0.4249085237594178,0.2306886735360896,151,101
2022-01-31,0.03990350839682958,0.04931065808647702,0.0446070832416533,210,48,0.04280384082031479,0.04222104928588539,-0.056480972702944575,-0.09916215136955168,0.04268117866660711,0.5635853225330477,0.18676492175105064,210,48
2022-02-28,0.04926895086180687,0.03191160147504928,0.04059027616842807,70,124,0.05061056296465257,0.03239079754054667,0.011852197368793895,-0.15682510918165446,0.16867730655044835,0.16535761964533047,0.17445303628035275,70,124
2022-03-31,0.053297076893241556,0.04527879564496054,0.04928793626910105,62,146,0.03429397212786691,0.04619415335791935,,,,0.24585988463225733,0.16439022348306997,0,0
2022-04-29,0.05718054860260933,0.05047819468511321,0.05382937164386127,69,160,0.04691444640608966,0.05170091195782234,,,,0.2570542198000281,0.16961600751536343,0,0
2022-05-31,0.12179168613031176,0.04682220112556127,0.08430694362793652,34,249,0.0859555884969533,0.05632145242522144,,,,0.11138698940906384,0.1719569179267955,0,1
2022-06-30,0.10722900942328067,0.04709206625150619,0.07716053783739343,41,243,0.0689601980270438,0.05083591074709166,,,,0.09209903042930864,0.2070269237711479,0,1
2022-07-29,0.1696767682069812,0.046341453256522794,0.10800911073175198,27,308,0.07876487460310364,0.05134906280090427,,,,0.06212976528024681,0.35472759097020035,0,1
2022-08-31,0.15961346314391472,0.04761348888363283,0.10361347601377377,31,288,0.07519587302397522,0.04741275970735531,,,,0.07299717159342825,0.2352136237030212,0,1
2022-09-30,0.10261801943766644,0.04920695054038868,0.07591248498902756,45,282,0.08123189847569517,0.047043019479726916,,,,0.09877085372582134,0.19171367970149983,0,1
2022-10-31,0.20479173336543172,0.04440409918577209,0.1245979162756019,18,361,0.08384924060859962,0.04583268459536403,,,,0.051633362033305326,0.3188776743765413,0,1
2022-11-30,0.10904256812597106,0.050517530837940576,0.07978004948195581,48,300,0.06011608986223277,0.052369937807531165,,,,0.12004174771987514,0.27036895106599973,0,1
2022-12-30,0.13683632748293936,0.049561405793296674,0.09319886663811802,42,294,0.05479528392101324,0.04967296391337726,,,,0.10142045604481822,0.2789751338334162,0,1
