month,n_mem,n_px,n_mcap
1999-12-31,492,1,0
2000-01-31,492,1,0
2000-02-29,492,238,0
2000-03-31,492,237,0
2000-04-28,492,237,0
2000-05-31,493,237,0
2000-06-30,492,238,0
2000-07-31,492,239,0
2000-08-31,492,240,0
2000-09-29,492,240,0
2000-10-31,492,241,0
2000-11-30,492,243,0
2000-12-29,492,245,0
2001-01-31,494,247,0
2001-02-28,495,247,0
2001-03-30,495,248,0
2001-04-30,495,249,0
2001-05-31,495,249,0
2001-06-29,495,250,0
2001-07-31,495,250,0
2001-08-31,495,250,0
2001-09-28,496,251,0
2001-10-31,496,251,0
2001-11-30,496,252,0
2001-12-31,496,252,0
2002-01-31,495,253,0
2002-02-28,495,253,0
2002-03-28,495,253,0
2002-04-30,495,253,0
2002-05-31,495,255,0
2002-06-28,495,256,0
2002-07-31,495,261,0
2002-08-30,494,261,0
2002-09-30,494,261,0
2002-10-31,494,261,0
2002-11-29,494,261,0
2002-12-31,494,262,0
2003-01-31,494,262,0
2003-02-28,494,263,0
2003-03-31,494,264,0
2003-04-30,494,264,0
2003-05-30,494,264,0
2003-06-30,494,264,0
2003-07-31,494,265,0
2003-08-29,494,265,0
2003-09-30,494,265,0
2003-10-31,494,265,0
2003-11-28,494,266,0
2003-12-31,494,266,0
2004-01-30,494,266,0
2004-02-27,494,267,0
2004-03-31,494,267,0
2004-04-30,495,268,0
2004-05-28,495,268,0
2004-06-30,495,268,0
2004-07-30,495,269,0
2004-08-31,495,269,0
2004-09-30,495,270,0
2004-10-29,495,270,0
2004-11-30,495,271,0
2004-12-31,495,269,0
2005-01-31,495,269,0
2005-02-28,495,269,0
2005-03-31,496,270,0
2005-04-29,496,270,0
2005-05-31,496,270,0
2005-06-30,496,270,0
2005-07-29,496,272,0
2005-08-31,496,276,0
2005-09-30,496,276,0
2005-10-31,496,278,0
2005-11-30,497,279,0
2005-12-30,497,281,0
2006-01-31,497,282,0
2006-02-28,497,283,0
2006-03-31,497,283,0
2006-04-28,497,286,0
2006-05-31,497,286,0
2006-06-30,497,287,0
2006-07-31,497,287,0
2006-08-31,497,287,0
2006-09-29,497,287,0
2006-10-31,497,287,0
2006-11-30,497,290,0
2006-12-29,497,291,0
2007-01-31,497,291,0
2007-02-28,497,292,0
2007-03-30,497,295,0
2007-04-30,497,297,0
2007-05-31,497,297,0
2007-06-29,497,297,0
2007-07-31,497,298,0
2007-08-31,497,299,0
2007-09-28,497,301,0
2007-10-31,497,303,0
2007-11-30,497,306,0
2007-12-31,497,309,0
2008-01-31,497,309,0
2008-02-29,497,309,0
2008-03-31,497,310,0
2008-04-30,497,311,0
2008-05-30,497,311,0
2008-06-30,497,311,0
2008-07-31,498,311,0
2008-08-29,498,313,0
2008-09-30,497,313,0
2008-10-31,498,315,0
2008-11-28,498,315,0
2008-12-31,498,316,0
2009-01-30,498,319,0
2009-02-27,498,319,0
2009-03-31,499,323,0
2009-04-30,499,323,2
2009-05-29,499,323,5
2009-06-30,499,324,7
2009-07-31,499,326,56
2009-08-31,499,327,147
2009-09-30,499,326,156
2009-10-30,499,327,179
2009-11-30,499,328,214
2009-12-31,499,330,221
2010-01-29,499,331,222
2010-02-26,498,333,222
2010-03-31,499,336,224
2010-04-30,499,337,227
2010-05-28,499,337,229
2010-06-30,499,338,230
2010-07-30,498,338,235
2010-08-31,497,337,253
2010-09-30,497,337,255
2010-10-29,497,337,256
2010-11-30,497,337,256
2010-12-31,497,337,259
2011-01-31,497,337,261
2011-02-28,497,337,260
2011-03-31,497,337,259
2011-04-29,497,339,262
2011-05-31,497,339,263
2011-06-30,497,339,263
2011-07-29,497,340,264
2011-08-31,497,341,266
2011-09-30,497,342,267
2011-10-31,497,343,268
2011-11-30,497,343,269
2011-12-30,497,346,270
2012-01-31,497,346,270
2012-02-29,497,346,270
2012-03-30,497,347,271
2012-04-30,497,348,270
2012-05-31,497,349,271
2012-06-29,497,351,274
2012-07-31,497,352,276
2012-08-31,497,352,276
2012-09-28,497,353,277
2012-10-31,497,354,278
2012-11-30,497,354,279
2012-12-31,497,357,282
2013-01-31,497,357,282
2013-02-28,497,359,283
2013-03-28,497,359,283
2013-04-30,497,359,283
2013-05-31,497,360,284
2013-06-28,497,361,285
2013-07-31,497,362,285
2013-08-30,497,362,287
2013-09-30,497,363,288
2013-10-31,497,364,288
2013-11-29,497,364,288
2013-12-31,497,364,287
2014-01-31,497,365,288
2014-02-28,497,365,289
2014-03-31,497,365,289
2014-04-30,498,366,291
2014-05-30,498,368,291
2014-06-30,498,368,291
2014-07-31,498,370,292
2014-08-29,499,371,294
2014-09-30,499,372,295
2014-10-31,499,372,295
2014-11-28,499,371,294
2014-12-31,499,372,295
2015-01-30,499,373,296
2015-02-27,499,373,297
2015-03-31,500,377,300
2015-04-30,500,378,301
2015-05-29,500,378,301
2015-06-30,499,379,301
2015-07-31,500,381,302
2015-08-31,500,383,304
2015-09-30,503,385,306
2015-10-30,503,386,307
2015-11-30,504,388,308
2015-12-31,502,388,310
2016-01-29,505,390,311
2016-02-29,505,392,316
2016-03-31,505,394,319
2016-04-29,506,394,321
2016-05-31,505,399,322
2016-06-30,505,400,323
2016-07-29,505,402,325
2016-08-31,505,403,327
2016-09-30,506,406,330
2016-10-31,506,407,330
2016-11-30,506,407,330
2016-12-30,506,407,331
2017-01-31,506,408,332
2017-02-28,506,409,333
2017-03-31,506,412,338
2017-04-28,506,414,339
2017-05-31,506,414,339
2017-06-30,506,415,341
2017-07-31,506,417,345
2017-08-31,506,418,347
2017-09-29,506,419,349
2017-10-31,506,420,351
2017-11-30,506,420,351
2017-12-29,505,420,351
2018-01-31,506,421,352
2018-02-28,506,421,352
2018-03-29,506,423,353
2018-04-30,506,424,354
2018-05-31,506,424,354
2018-06-29,506,423,356
2018-07-31,506,423,356
2018-08-31,506,424,358
2018-09-28,505,424,358
2018-10-31,504,425,359
2018-11-30,503,427,361
2018-12-31,505,430,362
2019-01-31,505,430,361
2019-02-28,505,431,364
2019-03-29,505,431,364
2019-04-30,505,432,366
2019-05-31,505,433,368
2019-06-28,505,434,371
2019-07-31,505,437,373
2019-08-30,505,439,375
2019-09-30,505,440,377
2019-10-31,505,441,379
2019-11-29,505,442,381
2019-12-31,505,444,386
2020-01-31,505,445,386
2020-02-28,505,445,386
2020-03-31,505,446,387
2020-04-30,505,447,387
2020-05-29,505,448,392
2020-06-30,505,450,394
2020-07-31,505,450,394
2020-08-31,505,450,394
2020-09-30,505,450,395
2020-10-30,505,451,395
2020-11-30,505,453,396
2020-12-31,505,453,397
2021-01-29,505,455,398
2021-02-26,505,455,399
2021-03-31,505,455,401
2021-04-30,505,456,402
2021-05-28,505,457,404
2021-06-30,505,458,404
2021-07-30,505,459,405
2021-08-31,505,461,406
2021-09-30,505,460,407
2021-10-29,505,460,407
2021-11-30,505,460,407
2021-12-31,505,462,408
2022-01-31,505,463,409
2022-02-28,505,465,409
2022-03-31,505,467,410
2022-04-29,504,467,410
2022-05-31,504,467,411
2022-06-30,503,467,414
2022-07-29,503,467,414
2022-08-31,503,467,414
2022-09-30,503,467,416
2022-10-31,503,470,419
2022-11-30,503,472,421
2022-12-30,503,474,423
