ym,lr_ew,M_cs
2000-02,-0.011202505107904099,
2000-03,0.08280740526985148,
2000-04,0.005196402065692961,
2000-05,-0.0021142292234617266,
2000-06,-0.0005348709552858213,
2000-07,0.01993983988779666,
2000-08,0.06685400293488239,
2000-09,-0.01832005329233917,
2000-10,0.006782550063470418,
2000-11,-0.05094606529073203,
2000-12,0.055030272757249435,
2001-01,0.01942309477299196,
2001-02,-0.055277258013166214,-0.04407475290526212
2001-03,-0.05741741360793016,-0.14022481887778163
2001-04,0.08555498388938276,0.0803585818236898
2001-05,0.031900407493927425,0.03401463671738915
2001-06,-0.011227300558145427,-0.010692429602859606
2001-07,-0.0011125865782245948,-0.021052426466021255
2001-08,-0.03437697019049224,-0.10123097312537463
2001-09,-0.12533588086711697,-0.1070158275747778
2001-10,0.05078481347514534,0.044002263411674916
2001-11,0.07936452236921306,0.13031058765994508
2001-12,0.04053401980246666,-0.014496252954782775
2002-01,-0.00021791308436290352,-0.019641007857354863
2002-02,-0.015591696798582688,0.039685561214583526
2002-03,0.06141240841465113,0.11882982202258129
2002-04,-0.03215563460521129,-0.11771061849459405
2002-05,-0.02018066396883019,-0.05208107146275762
2002-06,-0.0700113349918429,-0.058784034433697466
2002-07,-0.10697219061202402,-0.10585960403379943
2002-08,0.009472045163758805,0.04384901535425104
2002-09,-0.08826916457152903,0.03706671629558794
2002-10,0.04259091639623463,-0.00819389707891071
2002-11,0.08592616631488359,0.006561643945670534
2002-12,-0.052215743300925974,-0.09274976310339264
2003-01,-0.028360597934266946,-0.028142684849904044
2003-02,-0.01406846334700567,0.0015232334515770177
2003-03,0.014857229529428221,-0.046555178885222905
2003-04,0.083015689754041,0.11517132435925229
2003-05,0.09481496710209981,0.11499563107093
2003-06,0.01139811492263817,0.08140944991448107
2003-07,0.039078184840521134,0.14605037545254515
2003-08,0.04057388571497105,0.031101840551212248
2003-09,-0.011769120902070253,0.07650004366945878
2003-10,0.07567752168460541,0.033086605288370784
2003-11,0.025121930109365784,-0.06080423620551781
2003-12,0.03759031382487741,0.08980605712580339
2004-01,0.026526286626285343,0.05488688456055229
2004-02,0.018783733146505503,0.03285219649351118
2004-03,0.005963515765818136,-0.008893713763610086
2004-04,-0.027561139527980734,-0.11057682928202173
2004-05,0.02412720403784882,-0.070687763064251
2004-06,0.03188080825853961,0.020482693335901442
2004-07,-0.043301398563163576,-0.0823795834036847
2004-08,0.0017122626198399242,-0.03886162309513113
2004-09,0.03593478396422402,0.04770390486629427
2004-10,0.02454652015450695,-0.05113100153009846
2004-11,0.0567206796978752,0.03159874958850942
2004-12,0.044088435407396195,0.006498121582518786
2005-01,-0.033435040226509026,-0.05996132685279437
2005-02,0.02394262318943369,0.005158890042928188
2005-03,-0.016135360527481355,-0.022098876293299492
2005-04,-0.026501852199921027,0.001059287328059707
2005-05,0.05315332054112273,0.029026116503273906
2005-06,0.017936793793864255,-0.013944014464675355
2005-07,0.0529863172531003,0.09628771581626389
2005-08,-0.012969093892773663,-0.014681356512613587
2005-09,0.013207275286571691,-0.022727508677652327
2005-10,-0.013022526367562952,-0.0375690465220699
2005-11,0.05212242202012651,-0.004598257677748685
2005-12,0.005525859652209897,-0.0385625757551863
2006-01,0.053357281362944806,0.08679232158945382
2006-02,0.010335706416621798,-0.013606916772811893
2006-03,0.026475457373894784,0.042610817901376136
2006-04,0.007263253387773666,0.033765105587694695
2006-05,-0.038508880980172605,-0.09166220152129534
2006-06,0.0015546043988145354,-0.01638218939504972
2006-07,-0.01504507108899393,-0.06803138834209424
2006-08,0.027098948819157267,0.04006804271193093
2006-09,0.027571921914739103,0.014364646628167412
2006-10,0.04181420024385228,0.05483672661141523
2006-11,0.030571592411006005,-0.021550829609120508
2006-12,0.0028708607868254583,-0.002654998865384439
2007-01,0.031030940907049085,-0.02232634045589572
2007-02,-0.004581630992037357,-0.014917337408659154
2007-03,0.005138050701682889,-0.021337406672211894
2007-04,0.036468676499827914,0.02920542311205425
2007-05,0.03575281356580269,0.0742616945459753
2007-06,-0.015191736395306901,-0.016746340794121437
2007-07,-0.03387372420248936,-0.01882865311349543
2007-08,0.01845181034233892,-0.008647138476818347
2007-09,0.035099844405722565,0.007527922490983462
2007-10,0.02706116445208926,-0.014753035791763021
2007-11,-0.04542920391395506,-0.07600079632496107
2007-12,-0.009425078022842872,-0.01229593880966833
2008-01,-0.06075218256908208,-0.09178312347613117
2008-02,-0.03056753496921478,-0.025985903977177423
2008-03,-0.007037194122744707,-0.012175244824427596
2008-04,0.060142676869000815,0.0236740003691729
2008-05,0.024579340948347,-0.011173472617455691
2008-06,-0.10170414217941011,-0.08651240578410321
2008-07,0.003917002813901154,0.03779072701639051
2008-08,0.025310695162578882,0.006858884820239962
2008-09,-0.10182375833828755,-0.1369236027440101
2008-10,-0.22899781555012733,-0.2560589800022166
2008-11,-0.11186270160073887,-0.0664334976867838
2008-12,0.04729614715216722,0.05672122517501009
2009-01,-0.09697133739702109,-0.036219154827939005
2009-02,-0.12433384802058658,-0.0937663130513718
2009-03,0.0960228475223949,0.1030600416451396
2009-04,0.14656605215779694,0.08642337528879612
2009-05,0.03797729832523398,0.013397957376886978
2009-06,0.0037739970276707635,0.10547813920708088
2009-07,0.0829113658608363,0.07899436304693515
2009-08,0.05474242889137417,0.02943173372879529
2009-09,0.04467709340942726,0.14650085174771482
2009-10,-0.03849878285890054,0.19049903269122678
2009-11,0.058200446525947795,0.17006314812668666
2009-12,0.04533205718182289,-0.001964089970344328
2010-01,-0.030806797811822065,0.06616453958519902
2010-02,0.03905168252417158,0.16338553054475816
2010-03,0.06515236269822543,-0.030870484824169472
2010-04,0.03318582183118593,-0.11338023032661101
2010-05,-0.07163171130723935,-0.10960900963247333
2010-06,-0.05514433927386991,-0.058918336301540676
2010-07,0.06625423401009037,-0.016657131850745938
2010-08,-0.044718622644955734,-0.0994610515363299
2010-09,0.09471755099185848,0.050040457582431225
2010-10,0.040107691014613665,0.07860647387351422
2010-11,0.007078013671410805,-0.05112243285453699
2010-12,0.0664706754549927,0.02113861827316981
2011-01,0.024333384657983077,0.05514018246980514
2011-02,0.03557073201378707,-0.003480950510384509
2011-03,0.012693244640350649,-0.05245911805787478
2011-04,0.03148192097453256,-0.0017039008566533675
2011-05,-0.006007024137166608,0.06562468717007273
2011-06,-0.019485409891506753,0.03565892938236316
2011-07,-0.039235293505074695,-0.10548952751516506
2011-08,-0.06270281389268942,-0.017984191247733684
2011-09,-0.08736874814126021,-0.1820862991331187
2011-10,0.11855367567820638,0.0784459846635927
2011-11,-0.0024381082776771396,-0.009516121949087944
2011-12,0.005522072670623591,-0.060948602784369116
2012-01,0.06620444035542626,0.041871055697443184
2012-02,0.03715557845917572,0.0015848464453886504
2012-03,0.02974409677784581,0.01705085213749516
2012-04,-0.005114700353992654,-0.03659662132852522
2012-05,-0.06030442371642753,-0.05429739957926093
2012-06,0.03156800154867652,0.05105341144018327
2012-07,0.002132899500225264,0.04136819300529996
2012-08,0.026859605610459997,0.08956241950314942
2012-09,0.021446954401933775,0.10881570254319398
2012-10,-0.008780564674822102,-0.12733424035302848
2012-11,0.01844788258036173,0.02088599085803887
2012-12,0.01972577764994925,0.01420370497932566
2013-01,0.06342780745288841,-0.002776632902537851
2013-02,0.015446253021175908,-0.02170932543799981
2013-03,0.04255442769161699,0.012810330913771182
2013-04,0.018709185461101365,0.02382388581509402
2013-05,0.023795811854761397,0.08410023557118892
2013-06,-0.011436688607359835,-0.043004690156036356
2013-07,0.05177512676640689,0.04964222726618162
2013-08,-0.0235366843602343,-0.0503962899706943
2013-09,0.046872312422456985,0.02542535802052321
2013-10,0.040909374605489025,0.049689939280311124
2013-11,0.024624509561968523,0.006176626981606793
2013-12,0.028042503679739903,0.008316726029790653
2014-01,-0.015696254552147775,-0.07912406200503619
2014-02,0.0508785035735987,0.035432250552422793
2014-03,0.0013347425650513136,-0.04121968512656568
2014-04,-0.0066989062806282395,-0.025408091741729606
2014-05,0.023309475989340703,-0.0004863358654206944
2014-06,0.027890597471607523,0.039327286078967356
2014-07,-0.024019651964549256,-0.07579477873095614
2014-08,0.0449984551490777,0.068535139509312
2014-09,-0.021829078092941104,-0.06870139051539809
2014-10,0.03724669203898199,-0.003662682566507036
2014-11,0.03133414879617609,0.006709639234207566
2014-12,0.004859058592166614,-0.02318344508757329
2015-01,-0.01806550495254069,-0.002369250400392913
2015-02,0.05464763443360845,0.0037691308600097465
2015-03,-0.003383225980013932,-0.004717968545065246
2015-04,-0.004803766942501627,0.0018951393381266123
2015-05,0.017907877361690763,-0.0054015986276499395
2015-06,-0.01779487590699142,-0.04568547337859895
2015-07,0.01803673652127538,0.04205638848582464
2015-08,-0.05753654015733005,-0.10253499530640775
2015-09,-0.029781568953518984,-0.00795249086057788
2015-10,0.06648306024428406,0.029236368205302073
2015-11,0.008182669412074933,-0.023151479384101156
2015-12,-0.021552195776237338,-0.026411254368403952
2016-01,-0.061081108403285886,-0.0430156034507452
2016-02,0.012952337004809819,-0.04169529742879863
2016-03,0.07676212380778674,0.08014534978780068
2016-04,0.005325588767304539,0.010129355709806167
2016-05,0.023203198041483943,0.005295320679793179
2016-06,0.0008131420549661759,0.018608017961957598
2016-07,0.043611638567373434,0.025574902046098053
2016-08,0.006816556073883936,0.06435309623121399
2016-09,0.004866903070912563,0.03464847202443155
2016-10,-0.024511709321659407,-0.09099476956594346
2016-11,0.0461168087861565,0.03793413937408157
2016-12,0.013498115323448833,0.03505031109968617
2017-01,0.029977519419544508,0.09105862782283039
2017-02,0.03754254312900632,0.024590206124196497
2017-03,0.0019587280889640547,-0.07480339571882269
2017-04,0.010390093079247816,0.005064504311943277
2017-05,0.018022419402396055,-0.005180778639087887
2017-06,0.010751214217142833,0.009938072162176657
2017-07,0.017474604678669656,-0.026137033888703778
2017-08,0.002290746969515362,-0.004525809104368574
2017-09,0.024474259783359757,0.019607356712447194
2017-10,0.024677989477297182,0.049189698798956585
2017-11,0.03390430566949617,-0.012212503116660334
2017-12,0.008174706585700272,-0.005323408737748562
2018-01,0.04714380521094637,0.01716628579140186
2018-02,-0.03914891584856425,-0.07669145897757057
2018-03,-0.005424234297637189,-0.007382962386601244
2018-04,-0.0014696272055845848,-0.011859720284832401
2018-05,0.024203547131373154,0.006181127728977099
2018-06,0.008152948586339076,-0.002598265630803757
2018-07,0.03220834266386472,0.014733737985195065
2018-08,0.0319437070885405,0.029652960119025143
2018-09,0.0008234102731187877,-0.02365084951024097
2018-10,-0.08118007949920066,-0.10585806897649784
2018-11,0.025268534736664267,-0.008635770932831903
2018-12,-0.09484358785863238,-0.10301829444433265
2019-01,0.0887996683024493,0.04165586309150293
2019-02,0.044020758703932024,0.08316967455249627
2019-03,0.010848230834217541,0.01627246513185473
2019-04,0.0392605339238051,0.04073016112938969
2019-05,-0.0666642683185491,-0.09086781544992226
2019-06,0.07251688353305445,0.06436393494671537
2019-07,0.0113251270107623,-0.020883215653102423
2019-08,-0.025192361823284985,-0.05713606891182549
2019-09,0.021152121604259142,0.020328711331140354
2019-10,0.011706774230009476,0.09288685372921013
2019-11,0.0372249848985725,0.01195645016190823
2019-12,0.026093962547200363,0.12093755040583275
2020-01,-0.008089574455093592,-0.09688924275754289
2020-02,-0.08690479400162725,-0.13092555270555928
2020-03,-0.2039822068487366,-0.21483043768295415
2020-04,0.12638678088991384,0.08712624696610874
2020-05,0.06076632528057512,0.12743059359912423
2020-06,0.012614347099261116,-0.059902536433793334
2020-07,0.04733437931411282,0.036009252303350524
2020-08,0.04354803932477335,0.06874040114805834
2020-09,-0.024908226475830065,-0.04606034808008921
2020-10,-0.010494049086258356,-0.022200823316267833
2020-11,0.13425830530597968,0.09703332040740718
2020-12,0.03863248284007509,0.012538520292874725
2021-01,-0.008472582016406776,-0.0003830075613131846
2021-02,0.050318166678646525,0.1372229606802738
2021-03,0.05206834217142066,0.2560505490201573
2021-04,0.045844501083862364,-0.08054227980605147
2021-05,0.017053072559929862,-0.04371325272064526
2021-06,0.005455954517276743,-0.007158392581984373
2021-07,0.013586361204288657,-0.03374801810982417
2021-08,0.024604414955234542,-0.01894362436953881
2021-09,-0.04240847860869587,-0.017500252132865806
2021-10,0.0555793249770223,0.06607337406328066
2021-11,-0.024492265495684146,-0.15875057080166383
2021-12,0.059088931648809816,0.020456448808734727
