ticker,date,ratio
MO,2007-04-02,1.3325
MO,2008-03-31,3.2424
BKR,2017-07-05,1.4355
CAH,2009-09-01,1.3927
DHR,2016-07-05,1.5555
DPZ,2007-05-07,1.7154
EFX,2001-07-09,1.6893
EXPE,2011-12-21,1.3603
FIS,2008-07-03,1.7952
GEN,2020-02-03,1.7308
GNRC,2012-07-02,1.3322
HPQ,2000-06-05,1.281
KDP,2018-07-10,6.2109
LDOS,2016-08-17,1.3585
MDLZ,2012-10-02,1.5
ROK,2001-07-02,2.6092
WY,2010-07-20,2.7145
AIV,2020-11-03,1.3428
CCEP,2010-10-04,1.4587
CCEP,2016-05-31,1.3914
DLX,2001-01-02,1.335
DXC,2015-11-30,1.3632
FCPT,2016-01-14,1.5695
FMC,2002-01-02,1.9058
HP,2002-10-01,1.3665
SSP,2008-07-01,13.0219
WEN,2003-09-05,3.1939
