ym,lr,M
1999-01,,
1999-02,-0.03281513760025149,
1999-03,0.03806063225891185,
1999-04,0.03724185997213076,
1999-05,-0.025287532336114905,
1999-06,0.05300823759008802,
1999-07,-0.03257080894574249,
1999-08,-0.006273730443188987,
1999-09,-0.028967323421100265,
1999-10,0.060661836608553156,
1999-11,0.018882457961593258,
1999-12,0.05623277504510496,
2000-01,-0.05224485096542007,
2000-02,-0.020313002436901425,0.012502135163350064
2000-03,0.09232375063667664,0.05426311837776479
2000-04,-0.03127991095339023,-0.06852177092552099
2000-05,-0.02215875239575553,0.0031287799403593754
2000-06,0.02365163155843237,-0.02935660603165565
2000-07,-0.016476267193485265,0.016094541752257226
2000-08,0.05892822369153255,0.06520195413472153
2000-09,-0.05496632087674741,-0.025998997455647144
2000-10,-0.004961774691885913,-0.06562361130043907
2000-11,-0.08345618792359105,-0.1023386458851843
2000-12,0.004045252545684775,-0.052187522499420186
2001-01,0.034050231409260966,0.08629508237468103
2001-02,-0.09683114482086731,-0.07651814238396588
2001-03,-0.06635853454793587,-0.15868228518461253
2001-04,0.07400701716559067,0.10528692811898091
2001-05,0.005077276192499077,0.027236028588254607
2001-06,-0.025354105491820707,-0.04900573705025307
2001-07,-0.010798241319025235,0.00567802587446003
2001-08,-0.06625562852916861,-0.12518385222070116
2001-09,-0.08525663276941997,-0.03029031189267256
2001-10,0.017937272262682935,0.022899046954568847
2001-11,0.07248427993671072,0.15594046786030177
2001-12,0.007545296609037892,0.003500044063353117
2002-01,-0.015696378592795636,-0.0497466100020566
2002-02,-0.020984861119793335,0.07584628370107398
2002-03,0.03608010666721499,0.10243864121515087
2002-04,-0.06338465474468279,-0.13739167191027346
2002-05,-0.009122969376784574,-0.014200245569283652
2002-06,-0.07521434960317877,-0.04986024411135806
2002-07,-0.08229988459363803,-0.0715016432746128
2002-08,0.004869557741769554,0.07112518627093817
2002-09,-0.11656114050838795,-0.03130450773896798
2002-10,0.08291439611915427,0.06497712385647134
2002-11,0.055500571043499446,-0.016983708893211276
2002-12,-0.06222926619772058,-0.06977456280675848
2003-01,-0.0277974877305516,-0.012101109137755965
2003-02,-0.01714982949976613,0.003835031620027206
2003-03,0.008322836592988462,-0.027757270074226528
2003-04,0.07792734002637905,0.14131199477106182
2003-05,0.049645711997825956,0.058768681374610526
2003-06,0.011258598140629074,0.08647294774380784
2003-07,0.016093504013478803,0.09839338860711683
2003-08,0.017715355943955013,0.01284579820218546
2003-09,-0.012016271671429112,0.10454486883695883
2003-10,0.05350426070312329,-0.029410135416030984
2003-11,0.007103216390662538,-0.048397354652836906
2003-12,0.049518984971104976,0.11174825116882556
2004-01,0.017128847057714988,0.04492633478826659
2004-02,0.01213504533610582,0.02928487483587195
2004-03,-0.016494204178642544,-0.024817040771631008
2004-04,-0.016933314713063943,-0.094860654739443
2004-05,0.012011028036095873,-0.03763468396173009
2004-06,0.01782911136211155,0.0065705132214824765
2004-07,-0.0348922348471668,-0.050985738860645606
2004-08,0.002284738319904575,-0.015430617624050439
2004-09,0.009320306218269942,0.021336577889699053
2004-10,0.013916952102817836,-0.03958730860030545
2004-11,0.03786877690682833,0.030765560516165788
2004-12,0.03194257321148287,-0.01757641175962211
2005-01,-0.02561576769530585,-0.04274461475302084
2005-02,0.01872689805602669,0.006591852719920868
2005-03,-0.019302760921690573,-0.0028085567430480296
2005-04,-0.020313511500222595,-0.0033801967871586527
2005-05,0.029512244489019596,0.017501216452923723
2005-06,-0.00014272436450534957,-0.0179718357266169
2005-07,0.035336532271868705,0.0702287671190355
2005-08,-0.011285547502899257,-0.013570285822803832
2005-09,0.006924991121193389,-0.0023953150970765537
2005-10,-0.017900033906343305,-0.03181698600916114
2005-11,0.034581213954728594,-0.003287562952099733
2005-12,-0.0009528030899304152,-0.03289537630141328
2006-01,0.02514789560757991,0.05076366330288576
2006-02,0.00045305508340120506,-0.018273842972625486
2006-03,0.011034703509449961,0.030337464431140534
2006-04,0.012082366269225648,0.032395877769448245
2006-05,-0.0314049293203158,-0.060917173809335395
2006-06,8.659275533511337e-05,0.00022931711984046295
2006-07,0.005072989405988439,-0.030263542865880268
2006-08,0.021051056620195074,0.03233660412309433
2006-09,0.02426939911430969,0.017344407993116304
2006-10,0.03102181267056082,0.04892184657690413
2006-11,0.01633255113123007,-0.018248662823498525
2006-12,0.012536866857911234,0.01348966994784165
2007-01,0.013961131307325757,-0.011186764300254153
2007-02,-0.022088337053376834,-0.022541392136778037
2007-03,0.009930511784698804,-0.0011041917247511576
2007-04,0.04237984325323969,0.03029747698401404
2007-05,0.03203072385189615,0.06343565317221195
2007-06,-0.017976943869676052,-0.018063536625011166
2007-07,-0.03250447118036484,-0.03757746058635328
2007-08,0.012781539018930576,-0.008269517601264499
2007-09,0.03516829026279034,0.010898891148480652
2007-10,0.014713560940170524,-0.0163082517303903
2007-11,-0.0450427826309034,-0.06137533376213347
2007-12,-0.008665949670829879,-0.021202816528741113
2008-01,-0.0631138642063085,-0.07707499551363425
2008-02,-0.03537973959244805,-0.013291402539071216
2008-03,-0.0059774528264186924,-0.015907964611117497
2008-04,0.04645095190758541,0.00407110865434572
2008-05,0.010617614807393634,-0.021413109044502512
2008-06,-0.08988355391782211,-0.07190661004814607
2008-07,-0.009908296633774068,0.022596174546590773
2008-08,0.012116759351493936,-0.0006647796674366397
2008-09,-0.09518076507694331,-0.13034905533973365
2008-10,-0.1856364738868827,-0.2003500348270532
2008-11,-0.0777983573133054,-0.03275557468240199
2008-12,0.0077911466734982004,0.016457096344328077
2009-01,-0.08954987959881684,-0.02643601539250834
2009-02,-0.11645651319919006,-0.08107677360674201
2009-03,0.08195269356125574,0.08793014638767443
2009-04,0.08977221824359974,0.04332126633601433
2009-05,0.05172057715517407,0.041102962347780436
2009-06,0.0001958080939538299,0.09007936201177595
2009-07,0.07152194934301423,0.0814302459767883
2009-08,0.033009336342855314,0.020892576991361378
2009-09,0.03510006736774632,0.13028083244468963
2009-10,-0.01995988019711955,0.16567659368976315
2009-11,0.05577907658673723,0.13357743390004262
2009-12,0.01761452035030004,0.00982337367680184
2010-01,-0.03767512371219469,0.05187475588662215
2010-02,0.02811473974184046,0.14457125294103051
2010-03,0.057132815416392604,-0.02481987814486314
2010-04,0.014651373006918428,-0.0751208452366813
2010-05,-0.08553157288349063,-0.1372521500386647
2010-06,-0.055388449405503734,-0.055584257499457564
2010-07,0.06651579901085701,-0.005006150332157219
2010-08,-0.048611822887418846,-0.08162115923027416
2010-09,0.08392847418803405,0.04882840682028773
2010-10,0.03619305175049079,0.05615293194761034
2010-11,-0.0022928763797244473,-0.05807195296646168
2010-12,0.06325648750899808,0.04564196715869804
2011-01,0.02239296981241219,0.060068093524606875
2011-02,0.031456576762824685,0.003341837020984225
2011-03,-0.0010478617545838823,-0.05818067717097649
2011-04,0.028096938770245244,0.013445565763326816
2011-05,-0.013592919455284002,0.07193865342820663
2011-06,-0.018426185911932576,0.03696226349357116
2011-07,-0.02170835585666382,-0.08822415486752083
2011-08,-0.05846750227195685,-0.009855679384538005
2011-09,-0.0744671007197857,-0.15839557490781975
2011-10,0.10230659176938868,0.06611354001889788
2011-11,-0.005071553722512535,-0.002778677342788088
2011-12,0.008496565407114517,-0.05475992210188356
2012-01,0.042660044467807356,0.020267074655395168
2012-02,0.039787344672044554,0.008330767909219869
2012-03,0.030851475632996138,0.03189933738758002
2012-04,-0.007525699544988767,-0.03562263831523401
2012-05,-0.06469930815862472,-0.05110638870334072
2012-06,0.03879271987369994,0.05721890578563252
2012-07,0.01251888494028272,0.03422724079694654
2012-08,0.01957060970187109,0.07803811197382794
2012-09,0.023947118796254593,0.09841421951604029
2012-10,-0.019987842358050206,-0.12229443412743889
2012-11,0.0028426724604567314,0.007914226182969266
2012-12,0.0070433681007134085,-0.0014531973064011083
2013-01,0.04919779199874612,0.006537747530938762
2013-02,0.010999927126354463,-0.028787417545690093
2013-03,0.03535529432970488,0.004503818696708739
2013-04,0.017924165836652503,0.02544986538164127
2013-05,0.02055020238351156,0.08524951054213628
2013-06,-0.015112928770280075,-0.053905648643980016
2013-07,0.048277728051788045,0.035758843111505324
2013-08,-0.03179826803794541,-0.0513688777398165
2013-09,0.029315591366424976,0.005368472570170382
2013-10,0.04362997111283392,0.06361781347088413
2013-11,0.027663289773235407,0.024820617312778674
2013-12,0.0232894744820535,0.01624610638134009
2014-01,-0.0362314077760193,-0.08542919977476542
2014-02,0.042213375072275613,0.031213447945921152
2014-03,0.006908248426944213,-0.028447045902760662
2014-04,0.0061816433655846855,-0.011742522471067818
2014-05,0.02081219601335824,0.0002619936298466803
2014-06,0.018878996713560546,0.03399192548384062
2014-07,-0.01519468763799153,-0.06347241568977957
2014-08,0.036963644407989237,0.06876191244593464
2014-09,-0.01563543610528987,-0.044951027471714845
2014-10,0.022936398829564383,-0.020693572283269537
2014-11,0.02423747356330671,-0.0034258162099286976
2014-12,-0.004197384221126008,-0.027486858703179507
2015-01,-0.031532779266425476,0.004698628509593822
2015-02,0.05343887632562722,0.01122550125335161
2015-03,-0.017549197433963104,-0.02445744586090732
2015-04,0.008484722544635536,0.002303079179050851
2015-05,0.010436729675336851,-0.010375466338021389
2015-06,-0.021235558871758677,-0.04011455558531922
2015-07,0.0195496829900196,0.034744370628011126
2015-08,-0.06462473099312394,-0.10158837540111318
2015-09,-0.02679873096346286,-0.011163294858172992
2015-10,0.07971937954339874,0.05678298071383435
2015-11,0.0005047417068051869,-0.023732731856501522
2015-12,-0.01768565839025723,-0.013488274169131221
2016-01,-0.05206761730549678,-0.0205348380390713
2016-02,-0.00413690551499243,-0.05757578184061965
2016-03,0.06390499028682897,0.08145418772079208
2016-04,0.0026957614511553935,-0.0057889610934801425
2016-05,0.015208366810523843,0.004771637135186992
2016-06,0.0009105066031534965,0.022146065474912175
2016-07,0.03499043269105408,0.015440749701034477
2016-08,-0.0012199867803522136,0.06340474421277172
2016-09,-0.0012352137017536322,0.025563517261709228
2016-10,-0.019616837043472765,-0.0993362165868715
2016-11,0.03360354504443431,0.03309880333762912
2016-12,0.01803711129927909,0.03572276968953632
2017-01,0.01772631462106285,0.06979393192655962
2017-02,0.03652300073827695,0.04065990625326939
2017-03,-0.00038927289213133893,-0.06429426317896031
2017-04,0.0090501324781982,0.0063543710270428065
2017-05,0.011509759110980618,-0.003698607699543225
2017-06,0.004802226040503879,0.003891719437350382
2017-07,0.01916401754710087,-0.015826415143953207
2017-08,0.0005462837796946754,0.001766270560046889
2017-09,0.019119039352355385,0.02035425305410902
2017-10,0.021945560031841657,0.04156239707531442
2017-11,0.02769554104663445,-0.005908003997799859
2017-12,0.009783614574871227,-0.008253496724407863
2018-01,0.054657398358328585,0.03693108373726574
2018-02,-0.0397261075980839,-0.07624910833636085
2018-03,-0.02725249736693992,-0.02686322447480858
2018-04,0.002715085811824473,-0.0063350466663737275
2018-05,0.02137819118306617,0.009868432072085553
2018-06,0.004830749386570285,2.852334606640635e-05
2018-07,0.035387950737524286,0.016223933190423416
2018-08,0.029814314524382424,0.02926803074468775
2018-09,0.004285093286333627,-0.014833946066021758
2018-10,-0.07192934595429683,-0.09387490598613848
2018-11,0.017701752056117584,-0.009993788990516866
2018-12,-0.09626521985789901,-0.10604883443277024
2019-01,0.075742151986756,0.02108475362842742
2019-02,0.02929555336540238,0.06902166096348628
2019-03,0.017765510890228743,0.04501800825716866
2019-04,0.03856039741757082,0.03584531160574635
2019-05,-0.06804089408287396,-0.08941908526594014
2019-06,0.06665830156302614,0.06182755217645586
2019-07,0.01304272483370528,-0.022345225903819006
2019-08,-0.018257281743262237,-0.048071596267644665
2019-09,0.01703525059107193,0.012750157304738302
2019-10,0.020225842153317443,0.09215518810761428
2019-11,0.03348026607137815,0.015778514015260564
2019-12,0.028188756298542145,0.12445397615644116
2020-01,-0.0016294196024425806,-0.07737157158919858
2020-02,-0.08785953690838774,-0.11715509027379012
2020-03,-0.13366772467037452,-0.15143323556060326
2020-04,0.11942083876017671,0.0808604413426059
2020-05,0.04428653294909693,0.11232742703197089
2020-06,0.018221374356719153,-0.04843692720630699
2020-07,0.05363680163450586,0.040594076800800585
2020-08,0.06771908300435735,0.08597636474761958
2020-09,-0.04001811998317809,-0.05705337057425002
2020-10,-0.028055692285554126,-0.048281534438871565
2020-11,0.10214642790660017,0.06866616183522202
2020-12,0.03644904784059158,0.008260291542049436
2021-01,-0.0111991376508885,-0.00956971804844592
2021-02,0.025756876672536635,0.11361641358092438
2021-03,0.041562807282546625,0.17523053195292115
2021-04,0.051097330468056416,-0.0683235082921203
2021-05,0.00547149271672327,-0.03881504023237366
2021-06,0.02197087256612247,0.003749498209403318
2021-07,0.022493175922251304,-0.03114362571225456
2021-08,0.028578143159792572,-0.03914093984456478
2021-09,-0.04873779278283316,-0.008719672799655069
2021-10,0.0668581752839893,0.09491386756954343
2021-11,-0.008368625655205266,-0.11051505356180544
2021-12,0.04268864816139665,0.006239600320805068
