month,C_top,hhi,n_bin,C_pctile_hist,hhi_pctile_hist,C_pctile_exp,hhi_pctile_exp
2001-01-31,0.27113018752623835,0.1958753735033582,197,0.6893939393939394,0.26515151515151514,1.0,1.0
2001-02-28,0.4234872163858019,0.23480779303830304,197,0.8825757575757576,0.35984848484848486,1.0,1.0
2001-03-30,0.19606495808789096,0.19939436552320983,198,0.5454545454545454,0.2765151515151515,0.3333333333333333,0.6666666666666666
2001-04-30,0.11283496407073315,0.21502129798573572,200,0.2878787878787879,0.3143939393939394,0.25,0.75
2001-05-31,0.1318016616644863,0.22529641026495076,200,0.3560606060606061,0.32954545454545453,0.4,0.8
2001-06-29,0.1974253156575061,0.16296419656569358,200,0.5492424242424242,0.10606060606060606,0.6666666666666666,0.16666666666666666
2001-07-31,0.13572867308589703,0.17081044509438528,200,0.36363636363636365,0.17045454545454544,0.42857142857142855,0.2857142857142857
2001-08-31,0.11833700946167572,0.186098920392975,201,0.3068181818181818,0.23484848484848486,0.25,0.375
2001-09-28,0.10265280487830122,0.1847038597376276,201,0.26136363636363635,0.23106060606060605,0.1111111111111111,0.3333333333333333
2001-10-31,0.10373780074879287,0.19067331009792898,201,0.2689393939393939,0.25,0.2,0.5
2001-11-30,0.06473514832684522,0.25146870315696923,202,0.16287878787878787,0.4166666666666667,0.09090909090909091,1.0
2001-12-31,0.09157322964537823,0.19983457806155658,202,0.22348484848484848,0.2803030303030303,0.16666666666666666,0.6666666666666666
2002-01-31,0.055258320929782875,0.17871136142539046,203,0.13636363636363635,0.2159090909090909,0.07692307692307693,0.23076923076923078
2002-02-28,0.033928695998635544,0.1974028173822266,203,0.09848484848484848,0.2727272727272727,0.07142857142857142,0.5714285714285714
2002-03-28,0.1900773755250567,0.1564278090943518,203,0.5189393939393939,0.08333333333333333,0.7333333333333333,0.06666666666666667
2002-04-30,0.10339335683309424,0.1926585305498616,203,0.26515151515151514,0.26136363636363635,0.375,0.5
2002-05-31,0.07530838123314326,0.2301232904023246,204,0.1893939393939394,0.3371212121212121,0.23529411764705882,0.8823529411764706
2002-06-28,0.05817694907224705,0.2016758138893445,205,0.15151515151515152,0.2840909090909091,0.16666666666666666,0.7222222222222222
2002-07-31,0.05265098599841293,0.2877602248132156,209,0.13257575757575757,0.5871212121212122,0.10526315789473684,1.0
2002-08-30,0.0145815248805707,0.3843408616628873,209,0.06439393939393939,0.9090909090909091,0.05,1.0
2002-09-30,0.029412605331932736,0.3034108851033758,209,0.08333333333333333,0.6628787878787878,0.09523809523809523,0.9523809523809523
2002-10-31,0.023374386766401765,0.2651052137284103,211,0.06818181818181818,0.4583333333333333,0.09090909090909091,0.8636363636363636
2002-11-29,0.02670496542132256,0.33463451076630024,211,0.07954545454545454,0.7840909090909091,0.13043478260869565,0.9565217391304348
2002-12-31,0.0074895070471720174,0.3352266634234827,213,0.041666666666666664,0.7878787878787878,0.041666666666666664,0.9583333333333334
2003-01-31,0.009932291926105077,0.22227275893008486,213,0.045454545454545456,0.32196969696969696,0.08,0.6
2003-02-28,0.01070281825916444,0.22801179635172475,213,0.05303030303030303,0.3333333333333333,0.11538461538461539,0.6538461538461539
2003-03-31,0.010551813004170126,0.27320441284440583,213,0.04924242424242424,0.49242424242424243,0.1111111111111111,0.8148148148148148
2003-04-30,0.012122452394476606,0.283856588892887,213,0.06060606060606061,0.5492424242424242,0.17857142857142858,0.8214285714285714
2003-05-30,0.025040512223757742,0.21105939751504377,213,0.07196969696969698,0.3106060606060606,0.27586206896551724,0.4827586206896552
2003-06-30,0.04843583172350913,0.19642579982134156,213,0.125,0.2689393939393939,0.4,0.3333333333333333
2003-07-31,0.16700344509917509,0.2453234771838431,214,0.4696969696969697,0.39015151515151514,0.8387096774193549,0.7096774193548387
2003-08-29,0.19387110935052704,0.2656926641994097,214,0.5378787878787878,0.4621212121212121,0.875,0.78125
2003-09-30,0.3690672841528161,0.27105250266502845,214,0.8333333333333334,0.48484848484848486,0.9696969696969697,0.7878787878787878
2003-10-31,0.2748672281628384,0.25087973998682495,214,0.6931818181818182,0.4090909090909091,0.9411764705882353,0.6764705882352942
2003-11-28,0.22444434709072733,0.28468628464434603,215,0.6060606060606061,0.5606060606060606,0.8857142857142857,0.8571428571428571
2003-12-31,0.36285735351979337,0.3195878564921204,215,0.8257575757575758,0.7234848484848485,0.9444444444444444,0.9166666666666666
2004-01-30,0.5309699553474313,0.294871189335698,215,0.9431818181818182,0.6136363636363636,1.0,0.8648648648648649
2004-02-27,0.5703185148250639,0.3262478293686822,216,0.9621212121212122,0.75,1.0,0.9210526315789473
2004-03-31,0.5241575212285149,0.27058995825327664,216,0.9356060606060606,0.4772727272727273,0.9487179487179487,0.6923076923076923
2004-04-30,0.4195505743776756,0.28853773374985914,217,0.875,0.5946969696969697,0.9,0.825
2004-05-28,0.2006351697112913,0.4287608724979592,217,0.5681818181818182,0.9696969696969697,0.7560975609756098,1.0
2004-06-30,0.2421675590609958,0.330408798836678,217,0.6325757575757576,0.7651515151515151,0.7857142857142857,0.9047619047619048
2004-07-30,0.19887824944301896,0.36772941009866794,218,0.5568181818181818,0.8712121212121212,0.7209302325581395,0.9534883720930233
2004-08-31,0.1428996322168284,0.43739301979391904,218,0.38636363636363635,0.9772727272727273,0.5909090909090909,1.0
2004-09-30,0.15678039362529467,0.3660128271182655,219,0.42424242424242425,0.8674242424242424,0.6,0.9111111111111111
2004-10-29,0.15220439074904613,0.2816734783324993,219,0.4166666666666667,0.5303030303030303,0.5869565217391305,0.6521739130434783
2004-11-30,0.1603796557365976,0.25679706466250035,220,0.4431818181818182,0.4393939393939394,0.6170212765957447,0.5319148936170213
2004-12-31,0.12496080137227177,0.33699679135673677,220,0.3446969696969697,0.7916666666666666,0.5,0.8958333333333334
2005-01-31,0.12945756488008636,0.3139413459403616,220,0.3484848484848485,0.7045454545454546,0.5102040816326531,0.7755102040816326
2005-02-28,0.07958683893889515,0.30795930282317246,220,0.20075757575757575,0.6818181818181818,0.36,0.76
2005-03-31,0.20023781244469704,0.2816764121564307,220,0.5643939393939394,0.5340909090909091,0.7647058823529411,0.6274509803921569
2005-04-29,0.15963480644876676,0.25013222989792183,220,0.4393939393939394,0.4053030303030303,0.6153846153846154,0.4423076923076923
2005-05-31,0.14182984875567686,0.3169878534445249,220,0.38257575757575757,0.7121212121212122,0.5471698113207547,0.7924528301886793
2005-06-30,0.16574554652279092,0.3222015308657481,220,0.4583333333333333,0.7310606060606061,0.6481481481481481,0.8148148148148148
2005-07-29,0.1658533483699244,0.32354358664292315,221,0.4621212121212121,0.7348484848484849,0.6545454545454545,0.8181818181818182
2005-08-31,0.2568990254053872,0.30955813540152427,222,0.6628787878787878,0.6893939393939394,0.8392857142857143,0.7321428571428571
2005-09-30,0.18240273645780203,0.29612200145650797,222,0.5,0.6212121212121212,0.6666666666666666,0.6842105263157895
2005-10-31,0.2409144757679152,0.23767235456361743,222,0.6287878787878788,0.36742424242424243,0.8103448275862069,0.3793103448275862
2005-11-30,0.11947117639891228,0.2700344732185049,223,0.3143939393939394,0.4696969696969697,0.423728813559322,0.5084745762711864
2005-12-30,0.1241401493413277,0.2902173001593121,223,0.3409090909090909,0.6022727272727273,0.43333333333333335,0.6666666666666666
2006-01-31,0.14502923936858214,0.30086940600549855,223,0.39015151515151514,0.6439393939393939,0.5409836065573771,0.7049180327868853
2006-02-28,0.13744002901205696,0.2836963300255821,224,0.36742424242424243,0.5454545454545454,0.5,0.5806451612903226
2006-03-31,0.19421355027995812,0.3120071645428596,224,0.5416666666666666,0.696969696969697,0.7142857142857143,0.7619047619047619
2006-04-28,0.2336980303363036,0.29150442382197783,227,0.6136363636363636,0.6060606060606061,0.8125,0.65625
2006-05-31,0.1664191027254983,0.28503156822190123,227,0.4659090909090909,0.5643939393939394,0.6307692307692307,0.6
2006-06-30,0.14607163456618133,0.33123480734350474,227,0.3939393939393939,0.7727272727272727,0.5303030303030303,0.8787878787878788
2006-07-31,0.10213226615010386,0.2842868554960141,227,0.25757575757575757,0.553030303030303,0.29850746268656714,0.5671641791044776
2006-08-31,0.12264807908578347,0.29721294084926925,228,0.32954545454545453,0.625,0.39705882352941174,0.6911764705882353
2006-09-29,0.09370900952489326,0.37261385796894003,229,0.23106060606060605,0.8863636363636364,0.2898550724637681,0.9565217391304348
2006-10-31,0.18214559776621175,0.3617355447825524,229,0.4962121212121212,0.8522727272727273,0.6714285714285714,0.9142857142857143
2006-11-30,0.1376250554568909,0.4113087239775721,232,0.3712121212121212,0.9507575757575758,0.49295774647887325,0.971830985915493
2006-12-29,0.19165944257463347,0.3402213556852668,232,0.5227272727272727,0.803030303030303,0.7083333333333334,0.8888888888888888
2007-01-31,0.13873305595640384,0.37143556545447176,231,0.375,0.8825757575757576,0.4931506849315068,0.9315068493150684
2007-02-28,0.11410011575156682,0.420818801479906,231,0.29545454545454547,0.9583333333333334,0.35135135135135137,0.972972972972973
2007-03-30,0.09090865210494661,0.39193587739815355,233,0.2196969696969697,0.9242424242424242,0.25333333333333335,0.9466666666666667
2007-04-30,0.11917486544941232,0.42106159522063885,235,0.3106060606060606,0.9621212121212122,0.3815789473684211,0.9736842105263158
2007-05-31,0.3461804996066777,0.3036897300369222,235,0.7992424242424242,0.6666666666666666,0.9090909090909091,0.6493506493506493
2007-06-29,0.3716032698297262,0.28546769904764,235,0.8409090909090909,0.5795454545454546,0.9358974358974359,0.5256410256410257
2007-07-31,0.2961266275919438,0.2751651114786171,236,0.7348484848484849,0.5037878787878788,0.8860759493670886,0.43037974683544306
2007-08-31,0.244877224669174,0.1334422592020646,236,0.6401515151515151,0.015151515151515152,0.8375,0.0125
2007-09-28,0.15791857271197007,0.16333620068124727,237,0.4318181818181818,0.10984848484848485,0.5679012345679012,0.04938271604938271
2007-10-31,0.21881924613341902,0.17022095760540407,239,0.5984848484848485,0.16287878787878787,0.7804878048780488,0.06097560975609756
2007-11-30,0.26021442355605123,0.14264211702667248,240,0.6704545454545454,0.03409090909090909,0.8554216867469879,0.024096385542168676
2007-12-31,0.18182112404406725,0.16900694606177705,240,0.49242424242424243,0.15151515151515152,0.6309523809523809,0.07142857142857142
2008-01-31,0.17779221807122428,0.14144504709515687,240,0.4810606060606061,0.030303030303030304,0.6235294117647059,0.023529411764705882
2008-02-29,0.04559833459971105,0.17060062834737702,240,0.11742424242424243,0.16666666666666666,0.13953488372093023,0.10465116279069768
2008-03-31,0.05747313102339544,0.15056349169424948,240,0.14772727272727273,0.04924242424242424,0.1839080459770115,0.04597701149425287
2008-04-30,0.056724397288338724,0.15095981753992382,240,0.14393939393939395,0.05303030303030303,0.18181818181818182,0.056818181818181816
2008-05-30,0.06541381101509501,0.15475601409105844,240,0.17045454545454544,0.07575757575757576,0.2247191011235955,0.06741573033707865
2008-06-30,0.08193486282859086,0.16638189829305305,241,0.20833333333333334,0.13257575757575757,0.25555555555555554,0.1111111111111111
2008-07-31,0.04309504323785483,0.17648046975333576,243,0.10984848484848485,0.20454545454545456,0.13186813186813187,0.16483516483516483
2008-08-29,0.07882073577052381,0.1407501826190417,245,0.19696969696969696,0.026515151515151516,0.25,0.021739130434782608
2008-09-30,0.043267197267280406,0.3319077040604871,248,0.11363636363636363,0.7765151515151515,0.13978494623655913,0.8279569892473119
2008-10-31,0.030764673357345087,0.48906050462207357,250,0.08712121212121213,0.9962121212121212,0.11702127659574468,1.0
2008-11-28,0.0,0.48940652384266253,252,0.011363636363636364,1.0,0.010526315789473684,1.0
2008-12-31,0.0,0.38528520117730897,254,0.011363636363636364,0.9128787878787878,0.020833333333333332,0.9166666666666666
2009-01-30,0.0,0.3655340051002761,256,0.011363636363636364,0.8598484848484849,0.030927835051546393,0.8556701030927835
2009-02-27,0.0,0.36813914872878656,256,0.011363636363636364,0.875,0.04081632653061224,0.8775510204081632
2009-03-31,0.0,0.4713448145245128,260,0.011363636363636364,0.9848484848484849,0.050505050505050504,0.9797979797979798
2009-04-30,0.0013022403427062168,0.3822051476171771,260,0.03409090909090909,0.9053030303030303,0.06,0.89
2009-05-29,0.0007452560763985405,0.3393744066637608,261,0.022727272727272728,0.7992424242424242,0.0594059405940594,0.801980198019802
2009-06-30,0.0007856555520195797,0.2106267457805447,261,0.030303030303030304,0.3068181818181818,0.06862745098039216,0.27450980392156865
2009-07-31,0.0007801817208756255,0.25581075517938345,263,0.026515151515151516,0.4318181818181818,0.06796116504854369,0.39805825242718446
2009-08-31,0.004814731588009123,0.2409269406895105,263,0.03787878787878788,0.375,0.09615384615384616,0.3557692307692308
2009-09-30,0.04609118326581892,0.18206885601321782,263,0.12121212121212122,0.22348484848484848,0.24761904761904763,0.17142857142857143
2009-10-30,0.18538530524530542,0.13106558150191755,264,0.5075757575757576,0.011363636363636364,0.7264150943396226,0.009433962264150943
2009-11-30,0.37331410587700886,0.12639014095013562,265,0.8446969696969697,0.003787878787878788,0.9532710280373832,0.009345794392523364
2009-12-31,0.44772709043762515,0.16334060218387794,268,0.8977272727272727,0.11363636363636363,0.9722222222222222,0.12037037037037036
2010-01-29,0.5713715961430799,0.16866552649011538,269,0.9659090909090909,0.14772727272727273,1.0,0.13761467889908258
2010-02-26,0.7021971135013172,0.17512276898253742,267,0.9924242424242424,0.19318181818181818,1.0,0.18181818181818182
2010-03-31,0.6876599969247805,0.1846213655700713,270,0.9886363636363636,0.22727272727272727,0.990990990990991,0.21621621621621623
2010-04-30,0.6711484780285172,0.20308625966372693,272,0.9810606060606061,0.2878787878787879,0.9821428571428571,0.3125
2010-05-28,0.5463493598867128,0.15908508389184883,272,0.946969696969697,0.10227272727272728,0.9557522123893806,0.09734513274336283
2010-06-30,0.29257184070467945,0.15774454259451537,272,0.7234848484848485,0.0946969696969697,0.8508771929824561,0.09649122807017543
2010-07-30,0.11337237552478899,0.12794295677109513,272,0.2916666666666667,0.007575757575757576,0.40869565217391307,0.017391304347826087
2010-08-31,0.17837540266601937,0.17881758109044524,272,0.48484848484848486,0.2196969696969697,0.646551724137931,0.22413793103448276
2010-09-30,0.09728610290896389,0.16910429817194275,272,0.23863636363636365,0.1553030303030303,0.358974358974359,0.17094017094017094
2010-10-29,0.1513557823808593,0.2040680718297595,272,0.4053030303030303,0.2916666666666667,0.559322033898305,0.3474576271186441
2010-11-30,0.16079280408774133,0.20779929295663221,272,0.44696969696969696,0.29924242424242425,0.6050420168067226,0.35294117647058826
2010-12-31,0.15212944781983856,0.2989776412835949,274,0.4128787878787879,0.6325757575757576,0.5583333333333333,0.675
2011-01-31,0.26414403778797263,0.2335714181706928,274,0.6818181818181818,0.3522727272727273,0.8347107438016529,0.4132231404958678
2011-02-28,0.29663490416588,0.25952060544630035,274,0.7386363636363636,0.4431818181818182,0.8688524590163934,0.4918032786885246
2011-03-31,0.2115032583659508,0.22124633790709927,274,0.5833333333333334,0.3181818181818182,0.7560975609756098,0.37398373983739835
2011-04-29,0.21754825039701425,0.225103618152502,276,0.5946969696969697,0.32575757575757575,0.7580645161290323,0.3870967741935484
2011-05-31,0.5258375541736172,0.24609367522921166,276,0.9393939393939394,0.3939393939393939,0.944,0.456
2011-06-30,0.5225284624609856,0.23013368986910057,276,0.9318181818181818,0.3409090909090909,0.9285714285714286,0.4126984126984127
2011-07-29,0.3515937375090499,0.2085498515131232,278,0.803030303030303,0.30303030303030304,0.8661417322834646,0.33858267716535434
2011-08-31,0.2979596047388124,0.17578852741326328,278,0.7424242424242424,0.20075757575757575,0.8515625,0.1953125
2011-09-30,0.09696798414296841,0.1647897044972589,279,0.23484848484848486,0.12121212121212122,0.32558139534883723,0.13178294573643412
2011-10-31,0.03553352699080756,0.15378514485859462,280,0.10227272727272728,0.07196969696969698,0.17692307692307693,0.07692307692307693
2011-11-30,0.0652975922072936,0.16775095329993828,280,0.16666666666666666,0.14015151515151514,0.26717557251908397,0.15267175572519084
2011-12-30,0.07879252631138847,0.18843033602603382,281,0.19318181818181818,0.24242424242424243,0.2878787878787879,0.2727272727272727
2012-01-31,0.07530488654161416,0.19049358268845598,281,0.1856060606060606,0.24621212121212122,0.2781954887218045,0.2781954887218045
2012-02-29,0.056556251822818995,0.25280659850349185,281,0.14015151515151514,0.42424242424242425,0.23134328358208955,0.5149253731343284
2012-03-30,0.17102199826333292,0.2845411747569639,282,0.4734848484848485,0.5568181818181818,0.6222222222222222,0.6296296296296297
2012-04-30,0.10658451273833872,0.2850597737190313,282,0.2727272727272727,0.5681818181818182,0.3897058823529412,0.6470588235294118
2012-05-31,0.18349106538739207,0.2530532529221096,283,0.5037878787878788,0.42803030303030304,0.6642335766423357,0.5109489051094891
2012-06-29,0.1067926922185428,0.23358459876226229,286,0.2765151515151515,0.3560606060606061,0.391304347826087,0.4420289855072464
2012-07-31,0.18621326280281258,0.26457064029040994,287,0.5113636363636364,0.45454545454545453,0.6762589928057554,0.539568345323741
2012-08-31,0.33510618225359196,0.2805849886177253,287,0.7803030303030303,0.5265151515151515,0.8642857142857143,0.5928571428571429
2012-09-28,0.4010113231627988,0.26999389491093506,288,0.8636363636363636,0.4659090909090909,0.9078014184397163,0.5531914893617021
2012-10-31,0.26378428896390027,0.27774083061569094,290,0.678030303030303,0.5113636363636364,0.8028169014084507,0.5915492957746479
2012-11-30,0.3579128168326532,0.28518040480113527,290,0.8181818181818182,0.5757575757575758,0.8741258741258742,0.6643356643356644
2012-12-31,0.22525063845389715,0.38863162659987227,293,0.6098484848484849,0.9166666666666666,0.75,0.9375
2013-01-31,0.12282125067195437,0.39917478709780013,293,0.3333333333333333,0.9431818181818182,0.42758620689655175,0.9448275862068966
2013-02-28,0.1504512561326665,0.3762945258278153,293,0.4015151515151515,0.8939393939393939,0.5136986301369864,0.9041095890410958
2013-03-28,0.08663996465670863,0.3918601204158888,293,0.21212121212121213,0.9204545454545454,0.29931972789115646,0.9319727891156463
2013-04-30,0.20294590543194285,0.3201552316395536,294,0.5757575757575758,0.7272727272727273,0.722972972972973,0.7702702702702703
2013-05-31,0.3401147815443514,0.3050955254423137,294,0.7878787878787878,0.678030303030303,0.8590604026845637,0.7248322147651006
2013-06-28,0.4732609863931042,0.24146812393440795,295,0.9090909090909091,0.3787878787878788,0.9333333333333333,0.43333333333333335
2013-07-31,0.3074693817539257,0.2724844170052653,295,0.7537878787878788,0.48863636363636365,0.8410596026490066,0.5496688741721855
2013-08-30,0.44378197928350155,0.32483164139898696,295,0.8939393939393939,0.7462121212121212,0.9210526315789473,0.7894736842105263
2013-09-30,0.2756959786358165,0.31637501330929274,296,0.696969696969697,0.7083333333333334,0.803921568627451,0.7516339869281046
2013-10-31,0.39717502805803384,0.2924396999503182,296,0.8560606060606061,0.6098484848484849,0.8961038961038961,0.6688311688311688
2013-11-29,0.5124859712862119,0.28286046138530535,296,0.9242424242424242,0.5378787878787878,0.9354838709677419,0.5806451612903226
2013-12-31,0.5480032358013451,0.30268500522852754,295,0.9507575757575758,0.6553030303030303,0.967948717948718,0.7051282051282052
2014-01-31,0.4149413499127296,0.2894375434566552,297,0.8712121212121212,0.5984848484848485,0.89171974522293,0.6496815286624203
2014-02-28,0.32193803162933926,0.27081936048159594,299,0.7651515151515151,0.4810606060606061,0.8164556962025317,0.5189873417721519
2014-03-31,0.34095498209953284,0.2873547324772338,299,0.7954545454545454,0.5833333333333334,0.8301886792452831,0.6352201257861635
2014-04-30,0.33071947217354175,0.2745713937197559,301,0.7727272727272727,0.5,0.8125,0.5375
2014-05-30,0.15755058080916173,0.48112994891841804,302,0.42803030303030304,0.9924242424242424,0.5031055900621118,0.9875776397515528
2014-06-30,0.27734361890470155,0.4371378105480613,303,0.7007575757575758,0.9734848484848485,0.7716049382716049,0.9691358024691358
2014-07-31,0.2925799374799364,0.39603100031034544,304,0.7272727272727273,0.9318181818181818,0.7791411042944786,0.9325153374233128
2014-08-29,0.28832666115748223,0.47454233753157204,305,0.7083333333333334,0.9886363636363636,0.7682926829268293,0.9817073170731707
2014-09-30,0.29163596327931,0.41328439127592226,306,0.7196969696969697,0.9545454545454546,0.7696969696969697,0.9393939393939394
2014-10-31,0.1764746171810994,0.32482845389539206,306,0.4772727272727273,0.7424242424242424,0.5481927710843374,0.7710843373493976
2014-11-28,0.13947539992814084,0.3593846613823048,306,0.3787878787878788,0.8446969696969697,0.4311377245508982,0.8323353293413174
2014-12-31,0.1989140068745208,0.298201463840656,307,0.5606060606060606,0.6287878787878788,0.6428571428571429,0.6666666666666666
2015-01-30,0.2913799416499543,0.2617294806606929,308,0.7159090909090909,0.45075757575757575,0.7692307692307693,0.44970414201183434
2015-02-27,0.1559343280766452,0.24726894364893787,308,0.42045454545454547,0.4015151515151515,0.4764705882352941,0.4
2015-03-31,0.24482567544646555,0.30319756018000504,311,0.6363636363636364,0.6590909090909091,0.7076023391812866,0.6900584795321637
2015-04-30,0.2121830553135342,0.3279638069572795,312,0.5871212121212122,0.7575757575757576,0.6627906976744186,0.7848837209302325
2015-05-29,0.19328873748840902,0.33118332173824006,312,0.5340909090909091,0.7689393939393939,0.6011560693641619,0.791907514450867
2015-06-30,0.21282138738929393,0.3289723361226124,312,0.5909090909090909,0.7613636363636364,0.6666666666666666,0.7816091954022989
2015-07-31,0.20199939755208796,0.313850331205987,313,0.571969696969697,0.7007575757575758,0.6457142857142857,0.7142857142857143
2015-08-31,0.15944786286456641,0.19205995502935183,313,0.4356060606060606,0.25757575757575757,0.48295454545454547,0.2215909090909091
2015-09-30,0.09787261463768732,0.15132201693229158,315,0.24621212121212122,0.056818181818181816,0.2824858757062147,0.05649717514124294
2015-10-30,0.07079195401807675,0.14934925859634912,316,0.17803030303030304,0.041666666666666664,0.21348314606741572,0.0449438202247191
2015-11-30,0.1303834585858405,0.23348067461063654,318,0.3522727272727273,0.3484848484848485,0.3854748603351955,0.35195530726256985
2015-12-31,0.14912740481814118,0.28509143386618224,319,0.3977272727272727,0.571969696969697,0.4444444444444444,0.5888888888888889
2016-01-29,0.18901407196460418,0.15826729740966633,320,0.5151515151515151,0.09848484848484848,0.5911602209944752,0.08839779005524862
2016-02-29,0.08933408613562258,0.14295935079965788,322,0.2159090909090909,0.03787878787878788,0.25274725274725274,0.04395604395604396
2016-03-31,0.11733765926104786,0.16782224179766275,325,0.30303030303030304,0.14393939393939395,0.33879781420765026,0.1366120218579235
2016-04-29,0.11578206795814758,0.2511156997783178,327,0.29924242424242425,0.4128787878787879,0.33695652173913043,0.42391304347826086
2016-05-31,0.03799904667779514,0.36596946620179865,329,0.10606060606060606,0.8636363636363636,0.12972972972972974,0.8594594594594595
2016-06-30,0.13531171515790374,0.3006362484926536,330,0.35984848484848486,0.6401515151515151,0.4032258064516129,0.6720430107526881
2016-07-29,0.059342017950145515,0.357034597548407,334,0.1553030303030303,0.8295454545454546,0.1925133689839572,0.839572192513369
2016-08-31,0.2628308885320524,0.3240997917990329,334,0.6742424242424242,0.7386363636363636,0.75,0.7606382978723404
2016-09-30,0.20612516699383884,0.3429657458791546,337,0.5795454545454546,0.8143939393939394,0.671957671957672,0.8359788359788359
2016-10-31,0.06784634093856495,0.44495356155996885,338,0.17424242424242425,0.9810606060606061,0.21052631578947367,0.9736842105263158
2016-11-30,0.03334242811671123,0.3092647166386289,338,0.0946969696969697,0.6856060606060606,0.11518324607329843,0.6963350785340314
2016-12-30,0.10754448077369119,0.39267165475628835,338,0.2803030303030303,0.928030303030303,0.328125,0.921875
2017-01-31,0.28943151327308925,0.35719947829714976,339,0.7121212121212122,0.8333333333333334,0.7927461139896373,0.8341968911917098
2017-02-28,0.3242792269507063,0.37427498636618994,341,0.7689393939393939,0.8901515151515151,0.8402061855670103,0.8814432989690721
2017-03-31,0.220468117145782,0.4275343215182586,346,0.6022727272727273,0.9659090909090909,0.6974358974358974,0.9538461538461539
2017-04-28,0.2347343086789518,0.4060067001484273,347,0.6174242424242424,0.946969696969697,0.7142857142857143,0.9285714285714286
2017-05-31,0.26648986355088883,0.39874920380635426,347,0.6856060606060606,0.9393939393939394,0.7614213197969543,0.9187817258883249
2017-06-30,0.380525874225109,0.30205994912785405,349,0.8484848484848485,0.6477272727272727,0.898989898989899,0.6414141414141414
2017-07-31,0.23859772173621488,0.3402459310399564,354,0.6212121212121212,0.8068181818181818,0.7085427135678392,0.8040201005025126
2017-08-31,0.2530925406932816,0.37808741759527303,355,0.6553030303030303,0.8977272727272727,0.73,0.875
2017-09-29,0.2811866869118994,0.34553854936247513,356,0.7045454545454546,0.8181818181818182,0.7810945273631841,0.8059701492537313
2017-10-31,0.35716822943987897,0.35809300417737766,357,0.8106060606060606,0.8371212121212122,0.8712871287128713,0.8168316831683168
2017-11-30,0.4202213606641037,0.3042588955411093,357,0.8787878787878788,0.6742424242424242,0.9211822660098522,0.6502463054187192
2017-12-29,0.39184158972350186,0.30212563783259905,357,0.8522727272727273,0.6515151515151515,0.8970588235294118,0.6274509803921569
2018-01-31,0.40074856184917274,0.29574118725709253,358,0.8598484848484849,0.6174242424242424,0.9024390243902439,0.5902439024390244
2018-02-28,0.4627056428084641,0.1783666664825091,358,0.9015151515151515,0.21212121212121213,0.9368932038834952,0.16990291262135923
2018-03-29,0.35710310425086894,0.14972883489195288,359,0.8068181818181818,0.045454545454545456,0.8502415458937198,0.04830917874396135
2018-04-30,0.24660258904451457,0.1755740109291517,360,0.6477272727272727,0.19696969696969696,0.7019230769230769,0.16346153846153846
2018-05-31,0.2946227627150739,0.1781537283150303,361,0.7310606060606061,0.20833333333333334,0.7894736842105263,0.17703349282296652
2018-06-29,0.30901964640328167,0.24328275508670186,363,0.7575757575757576,0.38257575757575757,0.8095238095238095,0.36666666666666664
2018-07-31,0.2555109288687319,0.28843486356861286,363,0.6590909090909091,0.5909090909090909,0.7014218009478673,0.5687203791469194
2018-08-31,0.3573486660874827,0.30996133636069034,364,0.8143939393939394,0.6931818181818182,0.8584905660377359,0.6839622641509434
2018-09-28,0.40512926582530584,0.3004443457157864,364,0.8674242424242424,0.6363636363636364,0.9061032863849765,0.6197183098591549
2018-10-31,0.3336012877174549,0.16761197470563124,365,0.7765151515151515,0.13636363636363635,0.8177570093457944,0.11682242990654206
2018-11-30,0.12363329270188529,0.16490222336166577,367,0.3371212121212121,0.125,0.34418604651162793,0.11162790697674418
2018-12-31,0.151742630452638,0.1390066535631392,368,0.4090909090909091,0.022727272727272728,0.4305555555555556,0.023148148148148147
2019-01-31,0.010977236565247657,0.17377752053785714,367,0.056818181818181816,0.1856060606060606,0.06912442396313365,0.16589861751152074
2019-02-28,0.031830686053284735,0.17143683436454865,369,0.09090909090909091,0.17424242424242425,0.10550458715596331,0.1651376146788991
2019-03-29,0.12196181396413432,0.35880467091304374,369,0.32575757575757575,0.8409090909090909,0.3378995433789954,0.8310502283105022
2019-04-30,0.11983631576273157,0.3962089961371737,369,0.3181818181818182,0.9356060606060606,0.33636363636363636,0.9227272727272727
2019-05-31,0.178508811180391,0.317603923999732,369,0.48863636363636365,0.7159090909090909,0.5248868778280543,0.7104072398190046
2019-06-28,0.16349425707401444,0.2833776182315838,372,0.45075757575757575,0.5416666666666666,0.4864864864864865,0.509009009009009
2019-07-31,0.19168069939341767,0.2782885386423084,373,0.5265151515151515,0.5151515151515151,0.5695067264573991,0.48878923766816146
2019-08-30,0.0807587632532492,0.27970290442101564,375,0.20454545454545456,0.5227272727272727,0.22321428571428573,0.49107142857142855
2019-09-30,0.09762190492086176,0.2518187486387433,377,0.24242424242424243,0.42045454545454547,0.26222222222222225,0.4
2019-10-31,0.1983140510759525,0.32743714508411226,379,0.553030303030303,0.7537878787878788,0.5973451327433629,0.7522123893805309
2019-11-29,0.24059975974353665,0.36295011860341014,380,0.625,0.8560606060606061,0.6784140969162996,0.8414096916299559
2019-12-31,0.46398721421792305,0.38025317167982164,385,0.9053030303030303,0.9015151515151515,0.9429824561403509,0.8859649122807017
2020-01-31,0.36613109965946583,0.3421257587121475,385,0.8295454545454546,0.8106060606060606,0.868995633187773,0.7991266375545851
2020-02-28,0.3372657882996551,0.2388311193144185,385,0.7840909090909091,0.3712121212121212,0.8260869565217391,0.34782608695652173
2020-03-31,0.19193535578785406,0.2766282172723684,387,0.5303030303030303,0.5075757575757576,0.5627705627705628,0.47619047619047616
2020-04-30,0.02634327802897122,0.2599308346222302,387,0.07575757575757576,0.44696969696969696,0.08620689655172414,0.41810344827586204
2020-05-29,0.2522373601513338,0.2464044827671492,391,0.6515151515151515,0.3977272727272727,0.6952789699570815,0.36909871244635195
2020-06-30,0.30308882203991716,0.15154128982641,393,0.75,0.06439393939393939,0.7948717948717948,0.0641025641025641
2020-07-31,0.31016744328644474,0.1575781093003852,393,0.7613636363636364,0.09090909090909091,0.8042553191489362,0.08085106382978724
2020-08-31,0.36120295896751226,0.15711423216103226,393,0.821969696969697,0.08712121212121213,0.864406779661017,0.08050847457627118
2020-09-30,0.47793643719872647,0.1652626670020637,394,0.9128787878787878,0.12878787878787878,0.9493670886075949,0.12236286919831224
2020-10-30,0.34083136417938903,0.15153931466255544,394,0.7916666666666666,0.06060606060606061,0.8277310924369747,0.06302521008403361
2020-11-30,0.2993352674484269,0.13747281788285748,395,0.7462121212121212,0.01893939393939394,0.7782426778242678,0.02092050209205021
2020-12-31,0.4404417007173407,0.15250168665655373,396,0.8901515151515151,0.06818181818181818,0.925,0.075
2021-01-29,0.3701272150515336,0.15508342019768862,397,0.8371212121212122,0.07954545454545454,0.8713692946058091,0.08713692946058091
2021-02-26,0.5197052348474422,0.1727168816065297,398,0.928030303030303,0.18181818181818182,0.9545454545454546,0.1859504132231405
2021-03-31,0.780738018858105,0.24394642124131213,402,1.0,0.38636363636363635,1.0,0.38271604938271603
2021-04-30,0.6598869294553371,0.273973100868248,403,0.9772727272727273,0.4962121212121212,0.9836065573770492,0.4918032786885246
2021-05-28,0.7131162400405792,0.3609121420281593,404,0.9962121212121212,0.8484848484848485,0.9959183673469387,0.8408163265306122
2021-06-30,0.6042512711885085,0.33922380328027135,404,0.9696969696969697,0.7954545454545454,0.975609756097561,0.7926829268292683
2021-07-30,0.6281375939012945,0.35504814597622997,405,0.9734848484848485,0.8257575757575758,0.9757085020242915,0.8178137651821862
2021-08-31,0.4823796009702713,0.3038164639450583,406,0.9166666666666666,0.6704545454545454,0.9274193548387096,0.6653225806451613
2021-09-30,0.67730257441383,0.36981413414596315,407,0.9848484848484849,0.8787878787878788,0.9839357429718876,0.8714859437751004
2021-10-29,0.5687071041639826,0.3344526733808761,407,0.9583333333333334,0.7803030303030303,0.956,0.772
2021-11-30,0.5045816665307425,0.25644761727807946,407,0.9204545454545454,0.4356060606060606,0.9203187250996016,0.42231075697211157
2021-12-31,0.4249085237594178,0.2306886735360896,408,0.8863636363636364,0.3446969696969697,0.8849206349206349,0.3333333333333333
2022-01-31,0.5635853225330477,0.18676492175105064,409,0.9545454545454546,0.23863636363636365,0.9525691699604744,0.233201581027668
2022-02-28,0.16535761964533047,0.17445303628035275,410,0.45454545454545453,0.1893939393939394,0.4409448818897638,0.18503937007874016
2022-03-31,0.24585988463225733,0.16439022348306997,410,0.6439393939393939,0.11742424242424243,0.6352941176470588,0.12156862745098039
2022-04-29,0.2570542198000281,0.16961600751536343,410,0.6666666666666666,0.1590909090909091,0.65625,0.1640625
2022-05-31,0.11138698940906384,0.1719569179267955,410,0.2840909090909091,0.17803030303030304,0.26848249027237353,0.1828793774319066
2022-06-30,0.09209903042930864,0.2070269237711479,413,0.22727272727272727,0.29545454545454547,0.22093023255813954,0.29844961240310075
2022-07-29,0.06212976528024681,0.35472759097020035,413,0.1590909090909091,0.821969696969697,0.1583011583011583,0.8185328185328186
2022-08-31,0.07299717159342825,0.2352136237030212,413,0.18181818181818182,0.36363636363636365,0.18076923076923077,0.36538461538461536
2022-09-30,0.09877085372582134,0.19171367970149983,415,0.25,0.2537878787878788,0.24904214559386972,0.2567049808429119
2022-10-31,0.051633362033305326,0.3188776743765413,418,0.12878787878787878,0.7196969696969697,0.1297709923664122,0.7175572519083969
2022-11-30,0.12004174771987514,0.27036895106599973,418,0.32196969696969696,0.4734848484848485,0.3193916349809886,0.4752851711026616
2022-12-30,0.10142045604481822,0.2789751338334162,419,0.2537878787878788,0.5189393939393939,0.2537878787878788,0.5189393939393939
